# WaveFront *.obj file (generated by Autodesk ATF)

mtllib DodgeBall.mtl

g Solid1

v -1.000000 0.000000 0.000000
v -0.997260 0.000000 0.064534
v -0.994990 -0.097802 0.000000
v -0.994990 0.097802 0.000000
v -0.994263 0.000000 -0.093628
v -0.994496 0.072684 0.064355
v -0.991507 0.072684 -0.093368
v -0.989200 0.000000 0.128828
v -0.988176 -0.132000 0.063946
v -0.986458 0.072684 0.128471
v -0.986304 0.145002 0.063825
v -0.985206 -0.132000 -0.092775
v -0.983339 0.145002 -0.092599
v -0.980209 -0.194708 0.000000
v -0.980189 -0.132000 0.127655
v -0.980209 0.194708 0.000000
v -0.977539 0.000000 -0.186523
v -0.978332 0.145002 0.127413
v -0.976058 0.000000 0.192644
v -0.974829 0.072684 -0.186006
v -0.973353 0.072684 0.192110
v -0.971263 0.223439 0.062851
v -0.968635 -0.132000 -0.184824
v -0.968344 0.223439 -0.091187
v -0.967168 -0.132000 0.190889
v -0.966799 0.145002 -0.184474
v -0.965335 0.145002 0.190527
v -0.963413 0.223439 0.125470
v -0.961533 -0.261788 0.062222
v -0.958643 -0.261788 -0.090274
v -0.958076 0.000000 0.255742
v -0.956027 -0.289820 0.000000
v -0.956027 0.289820 0.000000
v -0.955420 0.072684 0.255033
v -0.953761 -0.261788 0.124213
v -0.952056 0.223439 -0.181661
v -0.950562 0.000000 -0.277954
v -0.950614 0.223439 0.187622
v -0.950079 0.300509 0.061481
v -0.949348 -0.132000 0.253412
v -0.947927 0.072684 -0.277184
v -0.947550 0.145002 0.252932
v -0.947224 0.300509 -0.089198
v -0.942518 -0.261788 -0.179841
v -0.941903 -0.132000 -0.275422
v -0.942400 0.300509 0.122733
v -0.941091 -0.261788 0.185742
v -0.940118 0.145002 -0.274900
v -0.933100 0.223439 0.249075
v -0.931291 0.300509 -0.177699
v -0.929881 0.300509 0.183530
v -0.925782 0.223439 -0.270708
v -0.923752 -0.261788 0.246580
v -0.922816 -0.382243 0.000000
v -0.922952 0.375728 0.059725
v -0.922816 0.382243 0.000000
v -0.920178 0.375728 -0.086652
v -0.918245 -0.387150 0.059421
v -0.916507 -0.261788 -0.267996
v -0.915485 -0.387150 -0.086210
v -0.915492 0.375728 0.119229
v -0.914062 0.000000 -0.367187
v -0.912749 0.300509 0.243642
v -0.911529 0.072684 -0.366170
v -0.910823 -0.387150 0.118621
v -0.908542 0.000000 0.378826
v -0.905736 -0.132000 -0.363843
v -0.906024 0.072684 0.377776
v -0.905590 0.300509 -0.264804
v -0.904701 0.375728 -0.172625
v -0.904020 0.145002 -0.363153
v -0.903330 0.375728 0.178290
v -0.900087 -0.387150 -0.171745
v -0.900266 -0.132000 0.375375
v -0.898723 -0.387150 0.177380
v -0.898561 0.145002 0.374664
v -0.890234 0.223439 -0.357616
v -0.890082 0.448611 0.057598
v -0.886687 0.375728 0.236686
v -0.887407 0.448611 -0.083565
v -0.884858 0.223439 0.368950
v -0.882888 0.448611 0.114983
v -0.882165 -0.387150 0.235479
v -0.880947 -0.471079 0.000000
v -0.881316 -0.261788 -0.354033
v -0.880947 0.471079 0.000000
v -0.879733 0.375728 -0.257243
v -0.875993 -0.261788 0.365254
v -0.875246 -0.387150 -0.255931
v -0.872480 0.448611 -0.166477
v -0.870818 0.300509 -0.349816
v -0.871159 0.448611 0.171940
v -0.868774 0.000000 -0.453491
v -0.866366 0.072684 -0.452234
v -0.865558 0.300509 0.360903
v -0.860861 -0.132000 -0.449360
v -0.859226 -0.505875 0.055601
v -0.859230 0.145002 -0.448509
v -0.856644 -0.505875 -0.080669
v -0.855109 0.448611 0.228256
v -0.852281 -0.505875 0.110997
v -0.851669 0.518675 0.055112
v -0.849109 0.518675 -0.079959
v -0.848402 0.448611 -0.248082
v -0.846127 0.223439 -0.441669
v -0.845954 0.375728 -0.339828
v -0.844785 0.518675 0.110020
v -0.842514 0.000000 0.496166
v -0.842235 -0.505875 -0.160706
v -0.841639 -0.387150 -0.338094
v -0.840959 -0.505875 0.165979
v -0.840845 0.375728 0.350599
v -0.840179 0.072684 0.494790
v -0.837650 -0.261788 -0.437245
v -0.836556 -0.387150 0.348811
v -0.834839 -0.132000 0.491646
v -0.834827 0.518675 -0.159293
v -0.833562 0.518675 0.164520
v -0.833258 0.145002 0.490715
v -0.830791 -0.555433 0.000000
v -0.830791 0.555433 0.000000
v -0.827672 0.300509 -0.432036
v -0.825465 -0.505875 0.220344
v -0.820551 0.223439 0.483231
v -0.818991 -0.505875 -0.239482
v -0.818205 0.518675 0.218406
v -0.815826 0.448611 -0.327725
v -0.815430 0.000000 -0.536133
v -0.813169 0.072684 -0.534647
v -0.812331 -0.261788 0.478390
v -0.811788 0.518675 -0.237375
v -0.810899 0.448611 0.338112
v -0.808002 -0.132000 -0.531249
v -0.807912 0.585435 0.052281
v -0.806471 0.145002 -0.530243
v -0.805484 0.585435 -0.075851
v -0.804040 0.375728 -0.419701
v -0.802654 0.300509 0.472692
v -0.801382 0.585435 0.104368
v -0.799940 -0.387150 -0.417560
v -0.794173 0.223439 -0.522157
v -0.791935 0.585435 -0.151109
v -0.790736 0.585435 0.156067
v -0.787544 -0.505875 -0.316364
v -0.786217 -0.261788 -0.516926
v -0.785390 -0.615750 0.050823
v -0.783029 -0.615750 -0.073736
v -0.782788 -0.505875 0.326391
v -0.780617 0.518675 -0.313581
v -0.779736 0.375728 0.459195
v -0.779042 -0.615750 0.101458
v -0.776851 0.300509 -0.510768
v -0.775760 -0.387150 0.456853
v -0.775903 0.518675 0.323520
v -0.776167 0.585435 0.207184
v -0.775405 0.448611 -0.404753
v -0.772721 -0.634408 0.000000
v -0.772721 0.634408 0.000000
v -0.769859 -0.615750 -0.146896
v -0.770080 0.585435 -0.225179
v -0.768693 -0.615750 0.151716
v -0.766095 0.000000 0.600768
v -0.763971 0.072684 0.599102
v -0.759116 -0.132000 0.595295
v -0.759012 0.648407 0.049116
v -0.757678 0.145002 0.594167
v -0.756731 0.648407 -0.071260
v -0.754530 -0.615750 0.201409
v -0.754761 0.000000 -0.614380
v -0.754670 0.375728 -0.496184
v -0.752669 0.072684 -0.612677
v -0.752878 0.648407 0.098051
v -0.751967 0.448611 0.442841
v -0.750821 -0.387150 -0.493654
v -0.748613 -0.615750 -0.218902
v -0.748525 -0.505875 -0.390722
v -0.747886 -0.132000 -0.608783
v -0.746469 0.145002 -0.607630
v -0.746124 0.223439 0.585106
v -0.744003 0.648407 -0.141963
v -0.742876 0.648407 0.146621
v -0.741941 0.518675 -0.387285
v -0.740511 0.585435 -0.297470
v -0.738649 -0.261788 0.579245
v -0.736039 0.585435 0.306899
v -0.735085 0.223439 -0.598364
v -0.729850 0.300509 0.572345
v -0.729189 0.648407 0.194644
v -0.727721 -0.261788 -0.592370
v -0.727793 0.448611 -0.478513
v -0.725899 -0.505875 0.427490
v -0.723470 0.648407 -0.211550
v -0.719868 -0.615750 -0.289178
v -0.719514 0.518675 0.423730
v -0.719053 0.300509 -0.585313
v -0.715520 -0.615750 0.298343
v -0.709011 0.375728 0.556003
v -0.707107 -0.707107 0.000000
v -0.707107 0.707107 0.000000
v -0.705395 -0.387150 0.553167
v -0.705169 0.707107 0.045632
v -0.703822 0.585435 -0.367388
v -0.702563 -0.505875 -0.461925
v -0.703050 0.707107 -0.066205
v -0.698522 0.375728 -0.568601
v -0.699470 0.707107 0.091095
v -0.697651 -0.714562 0.045146
v -0.695554 -0.714562 -0.065499
v -0.696384 0.518675 -0.457862
v -0.695691 0.648407 -0.279466
v -0.694959 -0.387150 -0.565701
v -0.692012 -0.714562 0.090124
v -0.691489 0.648407 0.288323
v -0.691224 0.707107 -0.131892
v -0.690178 0.707107 0.136220
v -0.687500 0.000000 -0.687500
v -0.685594 0.072684 -0.685594
v -0.683855 -0.714562 -0.130486
v -0.684201 -0.615750 -0.357146
v -0.683760 0.448611 0.536201
v -0.682819 -0.714562 0.134768
v -0.682547 0.585435 0.401959
v -0.681238 -0.132000 -0.681238
v -0.679947 0.145002 -0.679947
v -0.678117 0.000000 0.696780
v -0.677462 0.707107 0.180837
v -0.676238 0.072684 0.694848
v -0.673645 0.448611 -0.548351
v -0.671940 -0.132000 0.690432
v -0.672148 0.707107 -0.196543
v -0.670667 0.145002 0.689124
v -0.670239 -0.714562 0.178909
v -0.669578 0.223439 -0.669578
v -0.664982 -0.714562 -0.194448
v -0.663520 -0.615750 0.390754
v -0.662870 -0.261788 -0.662870
v -0.660605 0.585435 -0.434338
v -0.661222 0.648407 -0.345151
v -0.660057 -0.505875 0.517613
v -0.660440 0.223439 0.678616
v -0.654974 0.300509 -0.654974
v -0.653824 -0.261788 0.671817
v -0.654251 0.518675 0.513061
v -0.650292 -0.505875 -0.529342
v -0.646035 0.300509 0.663815
v -0.646340 0.707107 -0.259641
v -0.644572 0.518675 -0.524686
v -0.643650 0.763616 0.041651
v -0.642190 -0.615750 -0.422230
v -0.642436 0.707107 0.267870
v -0.641715 0.763616 -0.060429
v -0.641235 0.648407 0.377630
v -0.639449 -0.714562 -0.256873
v -0.638447 0.763616 0.083148
v -0.635587 -0.714562 0.265014
v -0.636273 0.375728 -0.636273
v -0.634408 -0.772721 0.000000
v -0.634408 0.772721 0.000000
v -0.633028 -0.387150 -0.633028
v -0.630921 0.763616 -0.120386
v -0.629966 0.763616 0.124336
v -0.627589 0.375728 0.644861
v -0.624389 -0.387150 0.641572
v -0.620638 0.585435 0.486701
v -0.620622 0.648407 -0.408049
v -0.618359 0.763616 0.165060
v -0.614380 0.000000 -0.754761
v -0.613613 0.448611 -0.613613
v -0.614316 0.707107 -0.320667
v -0.613510 0.763616 -0.179397
v -0.612677 0.072684 -0.752669
v -0.611456 0.585435 -0.497729
v -0.608783 -0.132000 -0.747886
v -0.607767 -0.714562 -0.317248
v -0.607630 0.145002 -0.746469
v -0.605238 0.448611 0.621895
v -0.603336 -0.615750 0.473133
v -0.598364 0.223439 -0.735085
v -0.597194 -0.800370 0.038645
v -0.595747 0.707107 0.350842
v -0.595400 -0.800370 -0.056068
v -0.594410 -0.615750 -0.483854
v -0.592368 -0.800370 0.077147
v -0.592341 -0.505875 -0.592341
v -0.592370 -0.261788 -0.727721
v -0.589952 0.763616 -0.236989
v -0.589396 -0.714562 0.347102
v -0.587131 0.518675 -0.587131
v -0.586389 0.763616 0.244501
v -0.585385 -0.800370 -0.111697
v -0.585313 0.300509 -0.719053
v -0.584498 -0.800370 0.115362
v -0.584257 -0.505875 0.600336
v -0.583073 0.648407 0.457243
v -0.580233 0.000000 0.782550
v -0.578625 0.072684 0.780381
v -0.579118 0.518675 0.595056
v -0.576596 0.707107 -0.379103
v -0.577468 0.814661 0.037369
v -0.575732 0.814661 -0.054216
v -0.574948 -0.132000 0.775422
v -0.573729 -0.800370 0.153147
v -0.573858 0.145002 0.773953
v -0.574447 0.648407 -0.467603
v -0.572801 0.814661 0.074599
v -0.570448 -0.714562 -0.375061
v -0.569230 -0.800370 -0.166449
v -0.568601 0.375728 -0.698522
v -0.565701 -0.387150 -0.694959
v -0.566048 0.814661 -0.108007
v -0.565107 0.223439 0.762151
v -0.565191 0.814661 0.111551
v -0.560723 0.763616 -0.292691
v -0.559446 -0.261788 0.754515
v -0.556966 0.585435 -0.556966
v -0.555433 -0.830791 0.000000
v -0.554778 0.814661 0.148088
v -0.555433 0.830791 0.000000
v -0.552782 0.300509 0.745528
v -0.550427 0.814661 -0.160951
v -0.549364 0.585435 0.564483
v -0.548351 0.448611 -0.673645
v -0.547373 -0.800370 -0.219885
v -0.544067 -0.800370 0.226854
v -0.543774 0.763616 0.320234
v -0.541711 0.707107 0.424807
v -0.541439 -0.615750 -0.541439
v -0.536999 0.375728 0.724241
v -0.535935 -0.714562 0.420278
v -0.536133 0.000000 -0.815430
v -0.534647 0.072684 -0.813169
v -0.534050 -0.615750 0.548747
v -0.534260 -0.387150 0.720547
v -0.533696 0.707107 -0.434432
v -0.531249 -0.132000 -0.808002
v -0.530243 0.145002 -0.806471
v -0.529342 -0.505875 -0.650292
v -0.529292 0.814661 -0.212622
v -0.528006 -0.714562 -0.429800
v -0.526293 0.763616 -0.346030
v -0.526095 0.814661 0.219361
v -0.524686 0.518675 -0.644572
v -0.523255 0.648407 -0.523255
v -0.522157 0.223439 -0.794173
v -0.520253 -0.800370 -0.271567
v -0.517874 0.448611 0.698448
v -0.516926 -0.261788 -0.786217
v -0.516113 0.648407 0.530317
v -0.512895 0.856625 0.033190
v -0.510768 0.300509 -0.776851
v -0.511354 0.856625 -0.048153
v -0.508750 0.856625 0.066257
v -0.504527 -0.800370 0.297121
v -0.503068 0.814661 -0.262596
v -0.502753 0.856625 -0.095930
v -0.501991 0.856625 0.099078
v -0.499921 -0.505875 0.674235
v -0.497729 0.585435 -0.611456
v -0.496184 0.375728 -0.754670
v -0.495524 0.518675 0.668305
v -0.493654 -0.387150 -0.750821
v -0.494451 0.763616 0.387746
v -0.492742 0.856625 0.131529
v -0.488878 0.856625 -0.142953
v -0.488308 -0.800370 -0.321055
v -0.487862 0.814661 0.287307
v -0.487136 0.763616 -0.396532
v -0.486059 -0.872090 0.031453
v -0.486136 0.707107 -0.486136
v -0.484598 -0.872090 -0.045634
v -0.483854 -0.615750 -0.594410
v -0.482130 -0.872090 0.062790
v -0.480953 -0.714562 -0.480953
v -0.479501 0.707107 0.492698
v -0.478513 0.448611 -0.727793
v -0.476447 -0.872090 -0.090910
v -0.475725 -0.872090 0.093894
v -0.474389 -0.714562 0.487445
v -0.474093 0.000000 0.856429
v -0.472779 0.072684 0.854055
v -0.472178 0.814661 -0.310450
v -0.471079 -0.880947 0.000000
v -0.471079 0.880947 0.000000
v -0.469775 -0.132000 0.848628
v -0.470065 0.585435 0.633969
v -0.470106 0.856625 -0.188846
v -0.468885 0.145002 0.847020
v -0.467603 0.648407 -0.574447
v -0.466960 -0.872090 0.124647
v -0.467267 0.856625 0.194832
v -0.463298 -0.872090 -0.135473
v -0.461925 -0.505875 -0.702563
v -0.461734 0.223439 0.834104
v -0.458764 -0.800370 0.359761
v -0.457862 0.518675 -0.696384
v -0.456961 -0.615750 0.616296
v -0.457109 -0.261788 0.825747
v -0.453491 0.000000 -0.868774
v -0.451977 -0.800370 -0.367912
v -0.452234 0.072684 -0.866366
v -0.451664 0.300509 0.815911
v -0.449360 -0.132000 -0.860861
v -0.448509 0.145002 -0.859230
v -0.446814 0.856625 -0.233232
v -0.445509 -0.872090 -0.178965
v -0.445278 0.893579 0.028814
v -0.443725 0.763616 -0.443725
v -0.443611 0.814661 0.347877
v -0.443940 0.893579 -0.041805
v -0.442818 -0.872090 0.184637
v -0.441669 0.223439 -0.846127
v -0.441614 0.648407 0.595597
v -0.441679 0.893579 0.057522
v -0.438768 0.375728 0.792615
v -0.437669 0.763616 0.449714
v -0.436530 -0.387150 0.788573
v -0.437245 -0.261788 -0.837650
v -0.437048 0.814661 -0.355759
v -0.436473 0.893579 -0.083283
v -0.435811 0.893579 0.086016
v -0.434338 0.585435 -0.660605
v -0.434432 0.707107 -0.533696
v -0.433309 0.856625 0.255180
v -0.432036 0.300509 -0.827672
v -0.429800 -0.714562 -0.528006
v -0.427782 0.893579 0.114189
v -0.424427 0.893579 -0.124107
v -0.423435 -0.872090 -0.221029
v -0.423141 0.448611 0.764387
v -0.422230 -0.615750 -0.642190
v -0.419701 0.375728 -0.804040
v -0.419379 0.856625 -0.275735
v -0.417560 -0.387150 -0.799940
v -0.411699 -0.800370 -0.411699
v -0.410636 -0.872090 0.241828
v -0.410287 0.707107 0.553347
v -0.408472 -0.505875 0.737888
v -0.408049 0.648407 -0.620622
v -0.408130 0.893579 -0.163950
v -0.406080 -0.800370 0.417256
v -0.405913 -0.714562 0.547447
v -0.405665 0.893579 0.169146
v -0.404753 0.448611 -0.775405
v -0.404880 0.518675 0.731398
v -0.398100 0.814661 -0.398100
v -0.397436 -0.872090 -0.261308
v -0.396532 0.763616 -0.487136
v -0.394006 0.856625 0.308977
v -0.392667 0.814661 0.403473
v -0.390722 -0.505875 -0.748525
v -0.388177 0.856625 -0.315978
v -0.387909 0.893579 -0.202484
v -0.387285 0.518675 -0.741941
v -0.384078 0.585435 0.693821
v -0.382243 -0.922816 0.000000
v -0.382243 0.922816 0.000000
v -0.379103 0.707107 -0.576596
v -0.376184 0.893579 0.221539
v -0.375061 -0.714562 -0.570448
v -0.375052 0.925344 0.024270
v -0.374493 0.763616 0.505072
v -0.373924 0.925344 -0.035212
v -0.373390 -0.872090 0.292811
v -0.373371 -0.615750 0.674479
v -0.372020 0.925344 0.048450
v -0.371376 -0.926835 0.024032
v -0.370259 -0.926835 -0.034867
v -0.368374 -0.926835 0.047975
v -0.367866 -0.872090 -0.299445
v -0.367912 -0.800370 -0.451977
v -0.367635 0.925344 -0.070148
v -0.367187 0.000000 -0.914062
v -0.367388 0.585435 -0.703822
v -0.367078 0.925344 0.072450
v -0.366170 0.072684 -0.911529
v -0.364032 -0.926835 -0.069461
v -0.363843 -0.132000 -0.905736
v -0.364090 0.893579 -0.239384
v -0.363480 -0.926835 0.071740
v -0.363153 0.145002 -0.904020
v -0.361349 0.000000 0.916765
v -0.360831 0.648407 0.651826
v -0.360347 0.072684 0.914224
v -0.360315 0.925344 0.096180
v -0.358057 -0.132000 0.908414
v -0.357616 0.223439 -0.890234
v -0.356783 -0.926835 0.095237
v -0.357146 -0.615750 -0.684201
v -0.357379 0.145002 0.906693
v -0.357489 0.925344 -0.104534
v -0.355759 0.814661 -0.437048
v -0.353985 -0.926835 -0.103509
v -0.354033 -0.261788 -0.881316
v -0.353584 0.856625 -0.353584
v -0.351929 0.223439 0.892866
v -0.349816 0.300509 -0.870818
v -0.348759 0.856625 0.358357
v -0.348404 -0.261788 0.883921
v -0.347464 -0.800370 0.468619
v -0.346030 0.763616 -0.526293
v -0.345151 0.648407 -0.661222
v -0.344253 0.300509 0.873392
v -0.343762 0.925344 -0.138093
v -0.342062 0.893579 0.268244
v -0.341686 0.925344 0.142470
v -0.340393 -0.926835 -0.136739
v -0.339828 0.375728 -0.845954
v -0.338337 -0.926835 0.141073
v -0.338094 -0.387150 -0.841639
v -0.337002 0.893579 -0.274321
v -0.335987 0.814661 0.453139
v -0.335083 -0.872090 -0.335083
v -0.335235 0.707107 0.605587
v -0.334424 0.375728 0.848455
v -0.332718 -0.387150 0.844128
v -0.331660 -0.714562 0.599131
v -0.330510 -0.872090 0.339606
v -0.327725 0.448611 -0.815826
v -0.326730 0.925344 -0.170550
v -0.323528 -0.926835 -0.168878
v -0.322514 0.448611 0.818238
v -0.321055 -0.800370 -0.488308
v -0.320667 0.707107 -0.614316
v -0.317248 -0.714562 -0.607767
v -0.316854 0.925344 0.186599
v -0.316364 -0.505875 -0.787544
v -0.315978 0.856625 -0.388177
v -0.313749 -0.926835 0.184770
v -0.313581 0.518675 -0.780617
v -0.311333 -0.505875 0.789872
v -0.310450 0.814661 -0.472178
v -0.308595 0.518675 0.782925
v -0.306970 0.893579 -0.306970
v -0.306668 0.925344 -0.201630
v -0.305988 0.763616 0.552755
v -0.303663 -0.926835 -0.199654
v -0.302780 0.893579 0.311113
v -0.302651 0.951739 0.019585
v -0.301741 0.951739 -0.028414
v -0.300204 0.951739 0.039097
v -0.299445 -0.872090 -0.367866
v -0.298416 0.856625 0.402469
v -0.297470 0.585435 -0.740511
v -0.296666 0.951739 -0.056607
v -0.296216 0.951739 0.058464
v -0.292740 0.585435 0.742700
v -0.292691 0.763616 -0.560723
v -0.290759 0.951739 0.077613
v -0.289820 -0.956027 0.000000
v -0.289820 0.956027 0.000000
v -0.289178 -0.615750 -0.719868
v -0.288114 0.925344 0.225938
v -0.288478 0.951739 -0.084354
v -0.285290 -0.926835 0.223723
v -0.284580 -0.615750 0.721996
v -0.283904 -0.800370 0.512860
v -0.283852 0.925344 -0.231057
v -0.282802 -0.872090 0.381410
v -0.281070 -0.926835 -0.228793
v -0.279466 0.648407 -0.695691
v -0.277954 0.000000 -0.950562
v -0.277184 0.072684 -0.947927
v -0.277402 0.951739 -0.111435
v -0.275735 0.856625 -0.419379
v -0.275726 0.951739 0.114967
v -0.275422 -0.132000 -0.941903
v -0.274900 0.145002 -0.940118
v -0.275022 0.648407 0.697748
v -0.274526 0.814661 0.495919
v -0.274321 0.893579 -0.337002
v -0.271567 -0.800370 -0.520253
v -0.270708 0.223439 -0.925782
v -0.267996 -0.261788 -0.916507
v -0.264804 0.300509 -0.905590
v -0.263657 0.951739 -0.137626
v -0.262596 0.814661 -0.503068
v -0.261308 -0.872090 -0.397436
v -0.259641 0.707107 -0.646340
v -0.259075 0.893579 0.349410
v -0.258556 0.925344 -0.258556
v -0.256873 -0.714562 -0.639449
v -0.257243 0.375728 -0.879733
v -0.256022 -0.926835 -0.256022
v -0.255931 -0.387150 -0.875246
v -0.255512 0.707107 0.648251
v -0.255688 0.951739 0.150577
v -0.255028 0.925344 0.262046
v -0.252528 -0.926835 0.259478
v -0.252788 -0.714562 0.641339
v -0.250837 -0.966942 0.016232
v -0.250083 -0.966942 -0.023550
v -0.248809 -0.966942 0.032404
v -0.248082 0.448611 -0.848402
v -0.247468 0.951739 -0.162707
v -0.245876 -0.966942 -0.046915
v -0.245504 -0.966942 0.048455
v -0.243651 0.000000 0.961906
v -0.243828 0.856625 0.440465
v -0.242976 0.072684 0.959239
v -0.240981 -0.966942 0.064326
v -0.241432 -0.132000 0.953144
v -0.240974 0.145002 0.951338
v -0.239091 -0.966942 -0.069913
v -0.239482 -0.505875 -0.818991
v -0.239384 0.893579 -0.364090
v -0.237300 0.223439 0.936830
v -0.237375 0.518675 -0.811788
v -0.236989 0.763616 -0.589952
v -0.234922 -0.261788 0.927445
v -0.233221 0.763616 0.591697
v -0.233232 0.856625 -0.446814
v -0.232124 0.300509 0.916398
v -0.232496 0.951739 0.182322
v -0.231070 -0.872090 0.417419
v -0.231057 0.925344 -0.283852
v -0.229910 -0.966942 -0.092357
v -0.228522 -0.966942 0.095285
v -0.228793 -0.926835 -0.281070
v -0.229056 0.951739 -0.186453
v -0.228510 0.972582 0.014787
v -0.227823 0.972582 -0.021454
v -0.226663 0.972582 0.029519
v -0.225496 0.375728 0.890232
v -0.225179 0.585435 -0.770080
v -0.224346 -0.387150 0.885692
v -0.223991 0.972582 -0.042740
v -0.223652 0.972582 0.044142
v -0.221029 -0.872090 -0.423435
v -0.219885 -0.800370 -0.547373
v -0.219531 0.972582 0.058600
v -0.218519 -0.966942 -0.114065
v -0.218902 -0.615750 -0.748613
v -0.218215 0.925344 0.294303
v -0.217810 0.972582 -0.063690
v -0.217465 0.448611 0.858527
v -0.216076 -0.926835 0.291419
v -0.216388 -0.800370 0.548991
v -0.212622 0.814661 -0.529292
v -0.211914 -0.966942 0.124799
v -0.211550 0.648407 -0.723470
v -0.211683 0.893579 0.382397
v -0.209927 -0.505875 0.828765
v -0.209241 0.814661 0.530857
v -0.208644 0.951739 -0.208644
v -0.209446 0.972582 -0.084137
v -0.208080 0.518675 0.821476
v -0.208181 0.972582 0.086803
v -0.205796 0.951739 0.211460
v -0.205102 -0.966942 -0.134851
v -0.202484 0.893579 -0.387909
v -0.201630 0.925344 -0.306668
v -0.199654 -0.926835 -0.303663
v -0.199069 0.972582 -0.103912
v -0.197390 0.585435 0.779270
v -0.196543 0.707107 -0.672148
v -0.194708 -0.980209 0.000000
v -0.194708 0.980209 0.000000
v -0.194448 -0.714562 -0.664982
v -0.192693 -0.966942 0.151109
v -0.193052 0.972582 0.113690
v -0.191887 -0.615750 0.757547
v -0.189842 -0.966942 -0.154533
v -0.188846 0.856625 -0.470106
v -0.186523 0.000000 -0.977539
v -0.186846 0.972582 -0.122848
v -0.186006 0.072684 -0.974829
v -0.185843 0.856625 0.471496
v -0.186453 0.951739 -0.229056
v -0.184824 -0.132000 -0.968635
v -0.185442 0.648407 0.732104
v -0.184474 0.145002 -0.966799
v -0.181661 0.223439 -0.952056
v -0.179841 -0.261788 -0.942518
v -0.178965 -0.872090 -0.445509
v -0.179397 0.763616 -0.613510
v -0.177699 0.300509 -0.931291
v -0.178298 0.925344 0.322088
v -0.176550 -0.926835 0.318931
v -0.176119 -0.872090 0.446826
v -0.176090 0.951739 0.237490
v -0.175541 0.972582 0.137659
v -0.172924 -0.966942 -0.172924
v -0.172625 0.375728 -0.904701
v -0.172944 0.972582 -0.140778
v -0.171745 -0.387150 -0.900087
v -0.172287 0.707107 0.680170
v -0.170564 -0.966942 0.175258
v -0.170550 0.925344 -0.326730
v -0.170451 -0.714562 0.672918
v -0.168878 -0.926835 -0.323528
v -0.166449 -0.800370 -0.569230
v -0.166477 0.448611 -0.872480
v -0.163950 0.893579 -0.408130
v -0.162707 0.951739 -0.247468
v -0.160706 -0.505875 -0.842235
v -0.160951 0.814661 -0.550427
v -0.161343 0.893579 0.409337
v -0.159293 0.518675 -0.834827
v -0.157532 0.972582 -0.157532
v -0.157257 0.763616 0.620831
v -0.154533 -0.966942 -0.189842
v -0.155382 0.972582 0.159659
v -0.152605 0.987694 -0.014371
v -0.153065 0.987694 0.009905
v -0.151828 0.987694 0.019773
v -0.151109 0.585435 -0.791935
v -0.150038 0.987694 -0.028629
v -0.149811 0.987694 0.029568
v -0.146896 -0.615750 -0.769859
v -0.147051 0.987694 0.039253
v -0.145944 -0.966942 0.196832
v -0.145907 -0.800370 0.576023
v -0.145897 0.987694 -0.042662
v -0.143879 0.951739 0.259911
v -0.142953 0.856625 -0.488878
v -0.141963 0.648407 -0.744003
v -0.141087 0.814661 0.556996
v -0.140778 0.972582 -0.172944
v -0.140295 0.987694 -0.056358
v -0.139448 0.987694 0.058144
v -0.138093 0.925344 -0.343762
v -0.137626 0.951739 -0.263657
v -0.136739 -0.926835 -0.340393
v -0.135897 0.925344 0.344779
v -0.134851 -0.966942 -0.205102
v -0.134565 -0.926835 0.341399
v -0.135473 -0.872090 -0.463298
v -0.132953 0.972582 0.179312
v -0.133344 0.987694 -0.069604
v -0.131892 0.707107 -0.691224
v -0.130486 -0.714562 -0.683855
v -0.129314 0.987694 0.076154
v -0.126014 -0.991600 -0.011867
v -0.126394 -0.991600 0.008179
v -0.125373 -0.991600 0.016328
v -0.125311 0.856625 0.494712
v -0.125157 0.987694 -0.082289
v -0.123895 -0.991600 -0.023640
v -0.123707 -0.991600 0.024416
v -0.124107 0.893579 -0.424427
v -0.122651 0.000000 0.990201
v -0.122848 0.972582 -0.186846
v -0.121534 -0.132000 0.981181
v -0.122311 0.072684 0.987457
v -0.121428 -0.991600 0.032413
v -0.121304 0.145002 0.979323
v -0.120476 -0.991600 -0.035228
v -0.120386 0.763616 -0.630921
v -0.119247 -0.966942 0.215414
v -0.118754 -0.872090 0.468827
v -0.119454 0.223439 0.964388
v -0.118257 -0.261788 0.954727
v -0.117584 0.987694 0.092209
v -0.116848 0.300509 0.943354
v -0.115850 -0.991600 -0.046538
v -0.115845 0.987694 -0.094298
v -0.115150 -0.991600 0.048013
v -0.114065 -0.966942 -0.218519
v -0.113512 0.375728 0.916419
v -0.112933 -0.387150 0.911745
v -0.111697 -0.800370 -0.585385
v -0.111435 0.951739 -0.277402
v -0.110110 -0.991600 -0.057476
v -0.109663 0.951739 0.278222
v -0.109470 0.448611 0.883782
v -0.108791 0.893579 0.429492
v -0.108633 0.972582 0.196240
v -0.108007 0.814661 -0.566048
v -0.106782 -0.991600 0.062885
v -0.105675 -0.505875 0.853144
v -0.105521 0.987694 -0.105521
v -0.104745 0.518675 0.845640
v -0.104534 0.925344 -0.357489
v -0.103509 -0.926835 -0.353985
v -0.103912 0.972582 -0.199069
v -0.104081 0.987694 0.106945
v -0.103349 -0.991600 -0.067950
v -0.099364 0.585435 0.802193
v -0.097802 -0.994990 0.000000
v -0.097802 0.994990 0.000000
v -0.097096 -0.991600 0.076142
v -0.096594 -0.615750 0.779831
v -0.095660 -0.991600 -0.077867
v -0.095930 0.856625 -0.502753
v -0.093628 0.000000 -0.994263
v -0.094298 0.987694 -0.115845
v -0.092775 -0.132000 -0.985206
v -0.093368 0.072684 -0.991507
v -0.092599 0.145002 -0.983339
v -0.093350 0.648407 0.753640
v -0.092357 -0.966942 -0.229910
v -0.091633 0.925344 0.361755
v -0.090889 -0.966942 0.230590
v -0.090735 -0.926835 0.358210
v -0.090910 -0.872090 -0.476447
v -0.091187 0.223439 -0.968344
v -0.090274 -0.261788 -0.958643
v -0.089198 0.300509 -0.947224
v -0.089057 0.987694 0.120110
v -0.087135 -0.991600 -0.087135
v -0.086652 0.375728 -0.920178
v -0.086727 0.707107 0.700178
v -0.085946 -0.991600 0.088311
v -0.085803 -0.714562 0.692713
v -0.086210 -0.387150 -0.915485
v -0.083565 0.448611 -0.887407
v -0.084354 0.951739 -0.288478
v -0.084137 0.972582 -0.209446
v -0.083283 0.893579 -0.436473
v -0.082799 0.972582 0.210066
v -0.082289 0.987694 -0.125157
v -0.080669 -0.505875 -0.856644
v -0.079959 0.518675 -0.849109
v -0.079161 0.763616 0.639094
v -0.077867 -0.991600 -0.095660
v -0.076519 0.996893 -0.007206
v -0.076750 0.996893 0.004967
v -0.075851 0.585435 -0.805484
v -0.076130 0.996893 0.009915
v -0.075232 0.996893 -0.014355
v -0.075118 0.996893 0.014826
v -0.073540 -0.991600 0.099182
v -0.073736 -0.615750 -0.783029
v -0.073944 0.951739 0.291921
v -0.073734 0.996893 0.019682
v -0.073448 -0.800370 0.592967
v -0.072766 0.987694 0.131449
v -0.073156 0.996893 -0.021392
v -0.071260 0.648407 -0.756731
v -0.071022 0.814661 0.573381
v -0.069913 -0.966942 -0.239091
v -0.070148 0.925344 -0.367635
v -0.069604 0.987694 -0.133344
v -0.070347 0.996893 -0.028259
v -0.069922 0.996893 0.029155
v -0.069461 -0.926835 -0.364032
v -0.067950 -0.991600 -0.103349
v -0.066862 0.996893 -0.034901
v -0.066205 0.707107 -0.703050
v -0.065499 -0.714562 -0.695554
v -0.064841 0.996893 0.038185
v -0.063690 0.972582 -0.217810
v -0.063080 0.856625 0.509265
v -0.062756 0.996893 -0.041261
v -0.061285 -0.966942 0.241944
v -0.060869 -0.132000 0.988429
v -0.061429 0.000000 0.997516
v -0.061259 0.072684 0.994751
v -0.060754 0.145002 0.986557
v -0.060087 -0.991600 0.108545
v -0.059779 -0.872090 0.482618
v -0.059827 0.223439 0.971512
v -0.060429 0.763616 -0.641715
v -0.059228 -0.261788 0.961780
v -0.058523 0.300509 0.950323
v -0.058959 0.996893 0.046236
v -0.058087 0.996893 -0.047283
v -0.057476 -0.991600 -0.110110
v -0.056562 -0.387150 0.918481
v -0.056852 0.375728 0.923189
v -0.056607 0.951739 -0.296666
v -0.056068 -0.800370 -0.595400
v -0.055830 0.972582 0.220409
v -0.056358 0.987694 -0.140295
v -0.054827 0.448611 0.890310
v -0.054764 0.893579 0.442126
v -0.055462 0.987694 0.140710
v -0.054216 0.814661 -0.575732
v -0.052926 -0.505875 0.859446
v -0.052911 0.996893 -0.052911
v -0.052461 0.518675 0.851887
v -0.052188 0.996893 0.053625
v -0.049765 0.585435 0.808119
v -0.048378 -0.615750 0.785592
v -0.048153 0.856625 -0.511354
v -0.046538 -0.991600 -0.115850
v -0.046915 -0.966942 -0.245876
v -0.046753 0.648407 0.759207
v -0.047283 0.996893 -0.058087
v -0.045798 -0.991600 0.116192
v -0.045675 -0.926835 0.368747
v -0.045634 -0.872090 -0.484598
v -0.046127 0.925344 0.372397
v -0.044655 0.996893 0.060226
v -0.042974 -0.714562 0.697830
v -0.043437 0.707107 0.705350
v -0.042740 0.972582 -0.223991
v -0.042662 0.987694 -0.145897
v -0.041805 0.893579 -0.443940
v -0.041261 0.996893 -0.062756
v -0.039647 0.763616 0.643815
v -0.036786 -0.800370 0.597348
v -0.037222 0.951739 0.300508
v -0.037397 0.987694 0.147639
v -0.035571 0.814661 0.577616
v -0.036487 0.996893 0.065911
v -0.035228 -0.991600 -0.120476
v -0.034867 -0.926835 -0.370259
v -0.035212 0.925344 -0.373924
v -0.034901 0.996893 -0.066862
v -0.031593 0.856625 0.513027
v -0.030881 -0.991600 0.121913
v -0.030850 -0.966942 0.249061
v -0.029940 -0.872090 0.486183
v -0.028629 0.987694 -0.150038
v -0.028414 0.951739 -0.301741
v -0.028104 0.972582 0.226893
v -0.028259 0.996893 -0.070347
v -0.027810 0.996893 0.070555
v -0.027428 0.893579 0.445392
v -0.023640 -0.991600 -0.123895
v -0.023550 -0.966942 -0.250083
v -0.022876 -0.926835 0.371471
v -0.023102 0.925344 0.375148
v -0.021454 0.972582 -0.227823
v -0.021392 0.996893 -0.073156
v -0.018643 0.951739 0.302728
v -0.018825 0.987694 0.151981
v -0.018752 0.996893 0.074029
v -0.015545 -0.991600 0.125500
v -0.015451 -0.966942 0.250901
v -0.014076 0.972582 0.228569
v -0.014371 0.987694 -0.152605
v -0.014355 0.996893 -0.075232
v -0.011867 -0.991600 -0.126014
v -0.009428 0.987694 0.153104
v -0.009439 0.996893 0.076207
v -0.007786 -0.991600 0.126427
v -0.007206 0.996893 -0.076519
v -0.004728 0.996893 0.076770
v 0.000000 -1.000000 0.000000
v 0.000000 -0.991600 -0.126742
v 0.000000 -0.991600 0.126742
v 0.000000 -0.966942 -0.251526
v 0.000000 -0.966942 0.251526
v 0.000000 -0.926835 -0.372396
v 0.000000 -0.926835 0.372396
v 0.000000 -0.872090 -0.487394
v 0.000000 -0.872090 0.487394
v 0.000000 -0.800370 -0.598835
v 0.000000 -0.800370 0.598835
v 0.000000 -0.714562 -0.699568
v 0.000000 -0.714562 0.699568
v 0.000000 -0.615750 -0.787548
v 0.000000 -0.615750 0.787548
v 0.000000 -0.505875 -0.861587
v 0.000000 -0.505875 0.861587
v 0.000000 -0.387150 -0.920768
v 0.000000 -0.387150 0.920768
v 0.000000 -0.261788 -0.964175
v 0.000000 -0.261788 0.964175
v 0.000000 -0.132000 -0.990891
v 0.000000 -0.132000 0.990891
v 0.000000 0.000000 -1.000000
v 0.000000 0.000000 1.000000
v 0.000000 0.072684 -0.997228
v 0.000000 0.072684 0.997228
v 0.000000 0.145002 -0.989014
v 0.000000 0.145002 0.989014
v 0.000000 0.223439 -0.973932
v 0.000000 0.223439 0.973932
v 0.000000 0.300509 -0.952689
v 0.000000 0.300509 0.952689
v 0.000000 0.375728 -0.925488
v 0.000000 0.375728 0.925488
v 0.000000 0.448611 -0.892527
v 0.000000 0.448611 0.892527
v 0.000000 0.518675 -0.854008
v 0.000000 0.518675 0.854008
v 0.000000 0.585435 -0.810132
v 0.000000 0.585435 0.810132
v 0.000000 0.648407 -0.761098
v 0.000000 0.648407 0.761098
v 0.000000 0.707107 -0.707107
v 0.000000 0.707107 0.707107
v 0.000000 0.763616 -0.645418
v 0.000000 0.763616 0.645418
v 0.000000 0.814661 -0.579055
v 0.000000 0.814661 0.579055
v 0.000000 0.856625 -0.514304
v 0.000000 0.856625 0.514304
v 0.000000 0.893579 -0.446501
v 0.000000 0.893579 0.446501
v 0.000000 0.925344 -0.376082
v 0.000000 0.925344 0.376082
v 0.000000 0.951739 -0.303482
v 0.000000 0.951739 0.303482
v 0.000000 0.972582 -0.229138
v 0.000000 0.972582 0.229138
v 0.000000 0.987694 -0.153485
v 0.000000 0.987694 0.153485
v 0.000000 0.996893 -0.076961
v 0.000000 0.996893 0.076961
v 0.000000 1.000000 0.000000
v 0.006059 0.996893 -0.076648
v 0.009187 0.996893 0.076246
v 0.009978 -0.991600 -0.126226
v 0.012083 0.987694 -0.152861
v 0.012084 0.996893 -0.075731
v 0.015129 -0.991600 0.125565
v 0.018039 0.972582 -0.228206
v 0.018321 0.987694 0.152060
v 0.018042 0.996893 -0.074244
v 0.018256 0.996893 0.074180
v 0.019900 -0.991600 -0.124717
v 0.019801 -0.966942 -0.250503
v 0.023892 0.951739 -0.302248
v 0.024099 0.987694 -0.151033
v 0.023900 0.996893 -0.072221
v 0.027352 0.972582 0.227010
v 0.027091 0.996893 0.070880
v 0.029317 -0.926835 -0.370881
v 0.029713 -0.991600 -0.122268
v 0.030065 -0.991600 0.122163
v 0.030024 -0.966942 0.249190
v 0.029607 0.925344 -0.374552
v 0.029624 0.996893 -0.069694
v 0.035151 0.893579 -0.444686
v 0.035181 0.996893 -0.066697
v 0.036226 0.951739 0.300664
v 0.035978 0.972582 -0.225477
v 0.035982 0.987694 -0.148068
v 0.036409 0.987694 0.147940
v 0.035575 0.996893 0.066463
v 0.038370 -0.872090 -0.485412
v 0.039360 -0.991600 -0.118935
v 0.039493 -0.966942 -0.247507
v 0.040489 0.856625 -0.512213
v 0.040537 0.996893 -0.063264
v 0.040916 0.996893 0.063000
v 0.044452 -0.926835 0.368938
v 0.044615 -0.991600 0.116728
v 0.044892 0.925344 0.372590
v 0.045586 0.814661 -0.576700
v 0.045658 0.996893 -0.059429
v 0.046019 0.996893 0.059136
v 0.047143 -0.800370 -0.596400
v 0.047651 0.951739 -0.298633
v 0.047665 0.987694 -0.144032
v 0.048786 -0.991600 -0.114774
v 0.050810 0.763616 -0.642793
v 0.050512 0.996893 -0.055223
v 0.050852 0.996893 0.054906
v 0.053298 0.893579 0.442355
v 0.053718 0.972582 -0.221050
v 0.054355 0.972582 0.220859
v 0.054029 0.987694 0.141359
v 0.055073 -0.714562 -0.696723
v 0.055065 0.996893 -0.050682
v 0.055381 0.996893 0.050342
v 0.055667 0.707107 -0.704231
v 0.057937 -0.991600 -0.109839
v 0.058472 -0.926835 -0.366446
v 0.058179 -0.872090 0.482868
v 0.058587 -0.991600 0.109454
v 0.058967 -0.966942 -0.242648
v 0.059050 0.925344 -0.370073
v 0.059081 0.987694 -0.138993
v 0.059283 0.996893 -0.045839
v 0.059665 -0.966942 0.242439
v 0.059917 0.648407 -0.758002
v 0.059574 0.996893 0.045478
v 0.061391 0.856625 0.509528
v 0.062000 -0.615750 -0.784345
v 0.063132 0.996893 -0.040726
v 0.063396 0.996893 0.040347
v 0.063778 0.585435 -0.806837
v 0.066757 -0.991600 -0.104186
v 0.067381 -0.991600 0.103750
v 0.067232 0.518675 -0.850535
v 0.066580 0.996893 -0.035378
v 0.066813 0.996893 0.034983
v 0.067828 -0.505875 -0.858083
v 0.069120 0.814661 0.573677
v 0.070264 0.448611 -0.888898
v 0.070107 0.893579 -0.439367
v 0.070162 0.987694 -0.133017
v 0.069593 0.996893 -0.029828
v 0.069794 0.996893 0.029420
v 0.071481 -0.800370 0.593274
v 0.071147 0.951739 -0.292770
v 0.071159 0.972582 -0.215025
v 0.070949 0.987694 0.132550
v 0.072487 -0.387150 -0.917023
v 0.071990 0.951739 0.292518
v 0.072138 0.996893 -0.024110
v 0.072303 0.996893 0.023690
v 0.072859 0.375728 -0.921724
v 0.074180 0.996893 -0.018256
v 0.074308 0.996893 0.017828
v 0.075192 -0.991600 -0.097869
v 0.075000 0.300509 -0.948815
v 0.075785 -0.991600 0.097388
v 0.075905 -0.261788 -0.960254
v 0.075687 0.996893 -0.012301
v 0.075774 0.996893 0.011867
v 0.076528 -0.872090 -0.479607
v 0.076673 0.223439 -0.969971
v 0.077042 0.763616 0.639425
v 0.076625 0.996893 -0.006277
v 0.076960 0.996893 -0.000219
v 0.076670 0.996893 0.005840
v 0.078112 -0.966942 -0.236034
v 0.078008 -0.132000 -0.986861
v 0.077860 0.145002 -0.984991
v 0.078725 0.000000 -0.995933
v 0.078507 0.072684 -0.993172
v 0.080753 0.856625 -0.506087
v 0.080660 0.972582 0.211034
v 0.080844 0.987694 -0.126170
v 0.081599 0.987694 0.125643
v 0.083185 -0.991600 -0.090944
v 0.083745 -0.991600 0.090421
v 0.083506 -0.714562 0.693072
v 0.084405 0.707107 0.700541
v 0.087303 -0.926835 -0.359251
v 0.088337 -0.926835 0.358942
v 0.088167 0.925344 -0.362807
v 0.088201 0.972582 -0.207502
v 0.088541 -0.966942 0.231653
v 0.089212 0.925344 0.362494
v 0.090683 -0.991600 -0.083465
v 0.091204 -0.991600 0.082904
v 0.090850 0.648407 0.754030
v 0.090920 0.814661 -0.569803
v 0.091058 0.987694 -0.118520
v 0.091777 0.987694 0.117938
v 0.094026 -0.800370 -0.589267
v 0.094008 -0.615750 0.780235
v 0.094247 0.951739 -0.284790
v 0.096819 -0.966942 -0.227776
v 0.096703 0.585435 0.802609
v 0.097629 -0.991600 -0.075489
v 0.098108 -0.991600 0.074894
v 0.101340 0.763616 -0.635106
v 0.100738 0.987694 -0.110134
v 0.101416 0.987694 0.109500
v 0.101941 0.518675 0.846078
v 0.102845 -0.505875 0.853586
v 0.103969 -0.991600 -0.067069
v 0.104402 -0.991600 0.066445
v 0.104676 0.893579 -0.430741
v 0.104745 0.972582 -0.198580
v 0.105916 0.893579 0.430370
v 0.105920 0.972582 0.197883
v 0.106539 0.448611 0.884240
v 0.106831 0.951739 0.279504
v 0.109647 -0.991600 -0.058262
v 0.110031 -0.991600 0.057612
v 0.109843 -0.714562 -0.688391
v 0.109910 -0.387150 0.912218
v 0.110473 0.375728 0.916894
v 0.109818 0.987694 -0.101077
v 0.110449 0.987694 0.100398
v 0.111026 0.707107 -0.695809
v 0.114262 -0.872090 -0.470190
v 0.113720 0.300509 0.943843
v 0.114609 -0.991600 -0.049122
v 0.114939 -0.991600 0.048450
v 0.114980 -0.966942 -0.217982
v 0.115091 -0.261788 0.955222
v 0.116269 -0.966942 0.217217
v 0.115648 -0.926835 -0.349460
v 0.115616 -0.872090 0.469785
v 0.116256 0.223439 0.964888
v 0.116792 0.925344 -0.352919
v 0.116818 0.951739 -0.274826
v 0.118280 -0.132000 0.981690
v 0.118056 0.145002 0.979830
v 0.118229 0.987694 -0.091418
v 0.118799 -0.991600 -0.039705
v 0.119071 -0.991600 0.039014
v 0.119367 0.000000 0.990714
v 0.119037 0.072684 0.987968
v 0.118810 0.987694 0.090698
v 0.119504 0.648407 -0.748937
v 0.120571 0.856625 -0.496151
v 0.120692 0.972582 -0.188359
v 0.122163 -0.991600 -0.030065
v 0.122372 -0.991600 0.029360
v 0.122000 0.856625 0.495723
v 0.121819 0.972582 0.187572
v 0.123657 -0.615750 -0.774965
v 0.124644 -0.991600 -0.020257
v 0.124788 -0.991600 0.019543
v 0.126189 -0.991600 -0.010338
v 0.126262 -0.991600 0.009617
v 0.125907 0.987694 -0.081222
v 0.126432 0.987694 0.080465
v 0.126741 -0.991600 -0.000361
v 0.127203 0.585435 -0.797188
v 0.131089 -0.926835 0.342974
v 0.132484 -0.966942 -0.206763
v 0.132387 0.925344 0.346368
v 0.132784 0.987694 -0.070556
v 0.133248 0.987694 0.069768
v 0.133722 -0.966942 0.205899
v 0.134092 0.518675 -0.840364
v 0.135282 -0.505875 -0.847821
v 0.135751 0.814661 -0.558616
v 0.135940 0.972582 -0.176939
v 0.137359 0.814661 0.558134
v 0.137013 0.972582 0.176069
v 0.138661 0.893579 -0.419001
v 0.138730 0.951739 -0.263010
v 0.138793 0.987694 -0.059488
v 0.139192 0.987694 0.058673
v 0.140388 -0.800370 -0.577698
v 0.140140 0.448611 -0.878267
v 0.140286 0.951739 0.262087
v 0.142052 -0.800370 0.577200
v 0.143345 -0.926835 -0.337233
v 0.143867 0.987694 -0.048083
v 0.144196 0.987694 0.047247
v 0.144574 -0.387150 -0.906056
v 0.145315 0.375728 -0.910701
v 0.144764 0.925344 -0.340571
v 0.147940 0.987694 -0.036409
v 0.148194 0.987694 0.035556
v 0.149222 -0.966942 -0.194226
v 0.150400 -0.966942 0.193272
v 0.149586 0.300509 -0.937468
v 0.150392 0.972582 -0.164418
v 0.151361 -0.872090 -0.457375
v 0.151390 -0.261788 -0.948770
v 0.151309 0.763616 -0.622637
v 0.151403 0.972582 0.163473
v 0.150945 0.987694 -0.024532
v 0.151119 0.987694 0.023667
v 0.152922 0.223439 -0.958371
v 0.153102 0.763616 0.622100
v 0.152816 0.987694 -0.012519
v 0.153485 0.987694 -0.000437
v 0.152905 0.987694 0.011647
v 0.155290 0.145002 -0.973212
v 0.155585 -0.132000 -0.975059
v 0.157015 0.000000 -0.984022
v 0.156580 0.072684 -0.981295
v 0.157176 0.893579 0.411224
v 0.159718 0.856625 -0.482628
v 0.159850 0.951739 -0.249472
v 0.161344 0.951739 0.248430
v 0.164003 -0.714562 -0.674875
v 0.163946 0.972582 -0.150898
v 0.165086 -0.966942 -0.180483
v 0.164889 0.972582 0.149884
v 0.166196 -0.966942 0.179445
v 0.165947 -0.714562 0.674293
v 0.165771 0.707107 -0.682148
v 0.167735 0.707107 0.681560
v 0.170233 -0.926835 -0.322733
v 0.172142 -0.926835 0.321600
v 0.171571 -0.872090 0.448886
v 0.171870 0.893579 -0.404341
v 0.171918 0.925344 -0.325928
v 0.173846 0.925344 0.324784
v 0.176504 0.972582 -0.136477
v 0.177371 0.972582 0.135402
v 0.178428 0.648407 -0.734233
v 0.179965 -0.966942 -0.165642
v 0.179826 0.814661 -0.543390
v 0.180046 0.951739 -0.234347
v 0.181000 -0.966942 0.164529
v 0.180542 0.648407 0.733600
v 0.181043 0.856625 0.473670
v 0.181468 0.951739 0.233194
v 0.184629 -0.615750 -0.759750
v 0.185969 -0.800370 -0.561952
v 0.186817 -0.615750 0.759095
v 0.187611 -0.872090 -0.441373
v 0.187966 0.972582 -0.121256
v 0.188750 0.972582 0.120126
v 0.189923 0.585435 -0.781536
v 0.192174 0.585435 0.780862
v 0.193750 -0.966942 -0.149812
v 0.194702 -0.966942 0.148632
v 0.196148 -0.926835 -0.306122
v 0.197981 -0.926835 0.304843
v 0.197969 0.856625 -0.465742
v 0.198090 0.925344 -0.309152
v 0.198232 0.972582 -0.105333
v 0.199186 0.951739 -0.217764
v 0.198926 0.972582 0.104157
v 0.200210 0.518675 -0.823864
v 0.200435 0.763616 -0.605666
v 0.199941 0.925344 0.307860
v 0.200526 0.951739 0.216512
v 0.201986 -0.505875 -0.831175
v 0.202582 0.518675 0.823154
v 0.204380 -0.505875 0.830458
v 0.203837 0.814661 0.533304
v 0.204108 0.893579 -0.386956
v 0.206332 -0.966942 -0.133103
v 0.206397 0.893579 0.385598
v 0.207192 -0.966942 0.131863
v 0.207203 0.972582 -0.088809
v 0.207799 0.972582 0.087593
v 0.209240 0.448611 -0.861024
v 0.210800 -0.800370 0.551522
v 0.211719 0.448611 0.860281
v 0.214779 0.972582 -0.071783
v 0.215270 0.972582 0.070534
v 0.215860 -0.387150 -0.888267
v 0.217251 -0.714562 -0.656481
v 0.216967 0.375728 -0.892821
v 0.217139 0.951739 -0.199857
v 0.217601 -0.966942 -0.115625
v 0.218362 -0.966942 0.114334
v 0.218418 -0.387150 0.887501
v 0.218388 0.951739 0.198514
v 0.219538 0.375728 0.892051
v 0.219592 0.707107 -0.663556
v 0.220931 -0.926835 -0.287561
v 0.220859 0.972582 -0.054355
v 0.221239 0.972582 0.053081
v 0.222675 -0.926835 0.286147
v 0.222802 -0.872090 -0.422395
v 0.223344 0.300509 -0.919062
v 0.222893 0.814661 -0.524378
v 0.223117 0.925344 -0.290408
v 0.225300 -0.872090 0.420913
v 0.224879 0.925344 0.288980
v 0.225346 0.972582 -0.036624
v 0.226036 -0.261788 -0.930142
v 0.225991 0.300509 0.918270
v 0.225606 0.972582 0.035332
v 0.227448 -0.966942 -0.097486
v 0.227198 0.763616 0.594425
v 0.228102 -0.966942 0.096151
v 0.228324 0.223439 -0.939555
v 0.228138 0.972582 -0.018690
v 0.228272 0.972582 0.017388
v 0.228715 -0.261788 0.929340
v 0.229137 0.972582 -0.000653
v 0.230508 -0.800370 -0.542291
v 0.231030 0.223439 0.938744
v 0.232300 -0.132000 -0.955915
v 0.231860 0.145002 -0.954104
v 0.234435 0.000000 -0.964703
v 0.233785 0.072684 -0.962029
v 0.233771 0.951739 -0.180758
v 0.235053 -0.132000 0.955091
v 0.234607 0.145002 0.953281
v 0.235103 0.856625 -0.445716
v 0.235181 0.893579 -0.367039
v 0.234920 0.951739 0.179333
v 0.235764 -0.966942 -0.078796
v 0.236303 -0.966942 0.077426
v 0.236359 0.648407 -0.714221
v 0.237213 0.000000 0.963871
v 0.236556 0.072684 0.961199
v 0.237379 0.893579 0.365505
v 0.237740 0.856625 0.444152
v 0.242439 -0.966942 -0.059665
v 0.242855 -0.966942 0.058267
v 0.244417 -0.926835 -0.267213
v 0.244574 -0.615750 -0.739042
v 0.246061 -0.926835 0.265677
v 0.246259 -0.714562 0.644296
v 0.247363 -0.966942 -0.040202
v 0.246836 0.925344 -0.269858
v 0.247649 -0.966942 0.038784
v 0.248439 0.763616 -0.584475
v 0.248497 0.925344 0.268306
v 0.248913 0.707107 0.651239
v 0.248952 0.951739 -0.160597
v 0.250428 -0.966942 -0.020516
v 0.249990 0.951739 0.159102
v 0.250575 -0.966942 0.019086
v 0.251525 -0.966942 -0.000717
v 0.251587 0.585435 -0.760235
v 0.256720 -0.872090 -0.400654
v 0.259119 -0.872090 0.398980
v 0.262549 0.951739 -0.139509
v 0.263468 0.951739 0.137951
v 0.265213 0.518675 -0.801409
v 0.264702 0.814661 -0.501832
v 0.264895 0.893579 -0.344785
v 0.266446 -0.926835 -0.245240
v 0.266986 0.893579 0.343090
v 0.267979 -0.926835 0.243592
v 0.267566 -0.505875 -0.808521
v 0.267919 0.648407 0.700965
v 0.267671 0.814661 0.500070
v 0.269282 -0.714562 -0.633512
v 0.269083 0.925344 -0.247668
v 0.270894 0.856625 -0.422775
v 0.270631 0.925344 0.246003
v 0.272184 0.707107 -0.640339
v 0.273425 0.856625 0.421009
v 0.273744 -0.800370 -0.518974
v 0.274430 0.951739 -0.117623
v 0.275220 0.951739 0.116013
v 0.276814 -0.800370 0.517153
v 0.277230 -0.615750 0.725325
v 0.277175 0.448611 -0.837556
v 0.284464 0.951739 -0.095073
v 0.285180 0.585435 0.746125
v 0.285114 0.951739 0.093420
v 0.285945 -0.387150 -0.864057
v 0.286856 -0.926835 -0.221804
v 0.287411 0.375728 -0.868486
v 0.288265 -0.926835 0.220056
v 0.289155 -0.872090 -0.376362
v 0.289695 0.925344 -0.223999
v 0.291438 -0.872090 0.374512
v 0.291118 0.925344 0.222234
v 0.292967 0.648407 -0.689232
v 0.293055 0.893579 -0.320388
v 0.292518 0.951739 -0.071990
v 0.293020 0.951739 0.070303
v 0.295039 0.763616 -0.559345
v 0.295027 0.893579 0.318545
v 0.295858 0.300509 -0.894013
v 0.298347 0.763616 0.557382
v 0.298460 0.951739 -0.048506
v 0.299425 -0.261788 -0.904790
v 0.298804 0.951739 0.046796
v 0.300625 0.518675 0.786535
v 0.302455 0.223439 -0.913946
v 0.302158 0.951739 -0.024754
v 0.302335 0.951739 0.023029
v 0.303148 -0.615750 -0.713185
v 0.303293 -0.505875 0.793514
v 0.303480 0.951739 -0.000865
v 0.305484 -0.926835 -0.197065
v 0.305000 0.814661 -0.476002
v 0.305120 0.856625 -0.397142
v 0.306758 -0.926835 0.195230
v 0.307139 0.145002 -0.928100
v 0.307722 -0.132000 -0.929861
v 0.307849 0.814661 0.474013
v 0.307529 0.856625 0.395189
v 0.308507 0.925344 -0.199016
v 0.309690 0.072684 -0.935808
v 0.309794 0.925344 0.197162
v 0.310551 0.000000 -0.938409
v 0.311841 0.585435 -0.733636
v 0.314184 0.448611 0.822010
v 0.315419 -0.800370 -0.492262
v 0.318365 -0.800370 0.490206
v 0.319468 0.893579 -0.294042
v 0.319895 -0.872090 -0.349731
v 0.319792 -0.714562 -0.606273
v 0.321306 0.893579 0.292066
v 0.322168 -0.926835 -0.171188
v 0.322047 -0.872090 0.347719
v 0.323295 -0.926835 0.169276
v 0.323379 -0.714562 0.604145
v 0.323238 0.707107 -0.612807
v 0.324125 -0.387150 0.848019
v 0.325357 0.925344 -0.172882
v 0.325787 0.375728 0.852367
v 0.326495 0.925344 0.170952
v 0.326863 0.707107 0.610656
v 0.328731 0.518675 -0.773370
v 0.331648 -0.505875 -0.780233
v 0.335362 0.300509 0.877419
v 0.336747 -0.926835 -0.144333
v 0.337716 -0.926835 0.142357
v 0.337557 0.856625 -0.369040
v 0.339405 -0.261788 0.887997
v 0.339955 0.763616 -0.530555
v 0.339828 0.856625 0.366918
v 0.340080 0.925344 -0.145761
v 0.341059 0.925344 0.143766
v 0.342840 0.223439 0.896983
v 0.343131 0.763616 0.528338
v 0.343558 0.448611 -0.808252
v 0.343535 0.814661 -0.447141
v 0.343939 0.893579 -0.265942
v 0.346247 0.814661 0.444943
v 0.345628 0.893579 0.263846
v 0.348149 0.145002 0.910873
v 0.347919 0.648407 -0.659597
v 0.349059 -0.926835 -0.116662
v 0.348726 -0.872090 -0.320972
v 0.348810 -0.132000 0.912602
v 0.349857 -0.926835 0.114633
v 0.350732 -0.872090 0.318815
v 0.351040 0.072684 0.918439
v 0.352016 0.000000 0.920992
v 0.351821 0.648407 0.657282
v 0.352514 0.925344 -0.117817
v 0.353320 0.925344 0.115768
v 0.354428 -0.387150 -0.833826
v 0.355270 -0.800370 -0.462416
v 0.356245 0.375728 -0.838100
v 0.358075 -0.800370 0.460143
v 0.358942 -0.926835 -0.088337
v 0.359558 -0.926835 0.086267
v 0.360010 -0.615750 -0.682520
v 0.362494 0.925344 -0.089212
v 0.363117 0.925344 0.087121
v 0.364048 -0.615750 0.680125
v 0.366233 -0.926835 -0.059521
v 0.366274 0.893579 -0.236281
v 0.366655 -0.926835 0.057422
v 0.366716 0.300509 -0.862733
v 0.368477 -0.714562 -0.575068
v 0.367980 0.856625 -0.338694
v 0.367801 0.893579 0.234080
v 0.370334 0.585435 -0.702092
v 0.370097 0.856625 0.336417
v 0.369858 0.925344 -0.060110
v 0.370285 0.925344 0.057990
v 0.370771 -0.926835 -0.030375
v 0.370988 -0.926835 0.028258
v 0.371137 -0.261788 -0.873134
v 0.372394 -0.926835 -0.001061
v 0.371919 -0.714562 0.572665
v 0.372447 0.707107 -0.581265
v 0.374487 0.585435 0.699628
v 0.374441 0.925344 -0.030676
v 0.375438 -0.872090 -0.290298
v 0.374892 0.223439 -0.881970
v 0.374660 0.925344 0.028538
v 0.375927 0.707107 0.578837
v 0.376080 0.925344 -0.001072
v 0.377283 -0.872090 0.288011
v 0.380055 0.814661 -0.415502
v 0.381420 -0.132000 -0.897328
v 0.380698 0.145002 -0.895628
v 0.382906 0.763616 -0.498387
v 0.382612 0.814661 0.413112
v 0.383860 0.072684 -0.903066
v 0.384927 0.000000 -0.905576
v 0.385929 0.763616 0.495937
v 0.386278 0.893579 -0.205254
v 0.387630 0.893579 0.202962
v 0.390391 0.518675 -0.740118
v 0.393038 -0.800370 -0.429695
v 0.393855 -0.505875 -0.746685
v 0.394769 0.518675 0.737520
v 0.395682 -0.800370 0.427224
v 0.396167 0.856625 -0.306326
v 0.398272 -0.505875 0.744065
v 0.398113 0.856625 0.303912
v 0.399819 -0.872090 -0.257921
v 0.401486 -0.872090 0.255518
v 0.400886 0.648407 -0.625648
v 0.403759 0.893579 -0.173054
v 0.404631 0.648407 0.623033
v 0.404920 0.893579 0.170685
v 0.407999 0.448611 -0.773500
v 0.412575 0.448611 0.770785
v 0.414309 0.814661 -0.381335
v 0.415031 -0.714562 -0.540201
v 0.414817 -0.615750 -0.647391
v 0.416692 0.814661 0.378772
v 0.418308 -0.714562 0.537545
v 0.418693 -0.615750 0.644686
v 0.418521 0.893579 -0.139877
v 0.419478 0.893579 0.137445
v 0.419504 0.707107 -0.546023
v 0.420909 -0.387150 -0.797974
v 0.421656 -0.872090 -0.224052
v 0.421894 0.856625 -0.272161
v 0.423131 -0.872090 0.221550
v 0.423067 0.375728 -0.802064
v 0.422816 0.707107 0.543338
v 0.423612 0.763616 -0.463121
v 0.423653 0.856625 0.269626
v 0.425629 -0.387150 0.795173
v 0.426461 0.763616 0.460458
v 0.426713 0.585435 -0.665955
v 0.428462 -0.800370 -0.394361
v 0.427811 0.375728 0.799249
v 0.430370 0.893579 -0.105916
v 0.430926 -0.800370 0.391711
v 0.430699 0.585435 0.663173
v 0.431109 0.893579 0.103434
v 0.435501 0.300509 -0.825638
v 0.439112 0.893579 -0.071366
v 0.440385 0.300509 0.822741
v 0.439619 0.893579 0.068849
v 0.440737 -0.872090 -0.188903
v 0.440751 -0.261788 -0.835592
v 0.442005 -0.872090 0.186317
v 0.445211 0.223439 -0.844048
v 0.444936 0.856625 -0.236422
v 0.444553 0.893579 -0.036420
v 0.444813 0.893579 0.033882
v 0.445694 -0.261788 0.832659
v 0.446044 0.814661 -0.344892
v 0.446493 0.856625 0.233782
v 0.446499 0.893579 -0.001272
v 0.448235 0.814661 0.342175
v 0.450204 0.223439 0.841085
v 0.449824 0.518675 -0.702023
v 0.452106 0.145002 -0.857118
v 0.451535 0.648407 -0.587714
v 0.452964 -0.132000 -0.858745
v 0.453815 -0.505875 -0.708253
v 0.454026 0.518675 0.699090
v 0.455100 0.648407 0.584824
v 0.455861 0.072684 -0.864237
v 0.456851 -0.872090 -0.152688
v 0.457128 0.000000 -0.866640
v 0.457176 0.145002 0.854110
v 0.457895 -0.872090 0.150032
v 0.458055 -0.505875 0.705294
v 0.458044 -0.132000 0.855731
v 0.459152 -0.714562 -0.501976
v 0.461281 -0.800370 -0.356674
v 0.460973 0.072684 0.861204
v 0.462241 -0.714562 0.499090
v 0.462255 0.000000 0.863598
v 0.461791 0.763616 -0.425038
v 0.463547 -0.800370 0.353863
v 0.464100 0.707107 -0.507386
v 0.464447 0.763616 0.422182
v 0.465071 0.856625 -0.199333
v 0.466409 0.856625 0.196604
v 0.467227 -0.615750 -0.608139
v 0.467222 0.707107 0.504468
v 0.469785 -0.872090 -0.115616
v 0.470112 0.448611 -0.733687
v 0.470592 -0.872090 0.112907
v 0.470916 -0.615750 0.605149
v 0.474504 0.448611 0.730622
v 0.475010 0.814661 -0.306426
v 0.476991 0.814661 0.303572
v 0.479328 -0.872090 -0.077902
v 0.479881 -0.872090 0.075154
v 0.480625 0.585435 -0.625578
v 0.482074 0.856625 -0.161118
v 0.483177 0.856625 0.158316
v 0.484420 0.585435 0.622502
v 0.485267 -0.872090 -0.039755
v 0.484987 -0.387150 -0.756902
v 0.485551 -0.872090 0.036985
v 0.487391 -0.872090 -0.001389
v 0.487473 0.375728 -0.760782
v 0.489518 -0.387150 0.753739
v 0.491236 -0.800370 -0.316893
v 0.492027 0.375728 0.757603
v 0.493285 -0.800370 0.313942
v 0.495723 0.856625 -0.122000
v 0.497164 0.763616 -0.384419
v 0.496574 0.856625 0.119141
v 0.499536 0.648407 -0.546127
v 0.499606 0.763616 0.381390
v 0.500535 -0.714562 -0.460698
v 0.500953 0.814661 -0.266187
v 0.501801 0.300509 -0.783142
v 0.503414 -0.714562 0.457602
v 0.502897 0.648407 0.542986
v 0.502706 0.814661 0.263215
v 0.506489 0.300509 0.779870
v 0.505929 0.707107 -0.465663
v 0.505793 0.856625 -0.082203
v 0.506376 0.856625 0.079304
v 0.506656 0.518675 -0.659459
v 0.507850 -0.261788 -0.792584
v 0.508839 0.707107 0.462534
v 0.511152 -0.505875 -0.665311
v 0.510656 0.518675 0.656217
v 0.512060 0.856625 -0.041950
v 0.512360 0.856625 0.039027
v 0.512595 -0.261788 0.789272
v 0.512989 0.223439 -0.800604
v 0.514301 0.856625 -0.001466
v 0.515188 -0.505875 0.662040
v 0.516897 -0.615750 -0.565107
v 0.518066 -0.800370 -0.275280
v 0.517782 0.223439 0.797259
v 0.519878 -0.800370 0.272206
v 0.520374 -0.615750 0.561857
v 0.520933 0.145002 -0.813002
v 0.521922 -0.132000 -0.814545
v 0.523623 0.814661 -0.224429
v 0.525260 0.072684 -0.819755
v 0.525129 0.814661 0.221356
v 0.525800 0.145002 0.809605
v 0.526798 -0.132000 0.811142
v 0.526720 0.000000 -0.822033
v 0.529449 0.763616 -0.341544
v 0.530168 0.072684 0.816329
v 0.529508 0.448611 -0.689203
v 0.531641 0.000000 0.818598
v 0.531719 0.585435 -0.581312
v 0.531657 0.763616 0.338363
v 0.533689 0.448611 0.685814
v 0.535296 0.585435 0.577968
v 0.538875 -0.714562 -0.416671
v 0.541510 -0.800370 -0.232096
v 0.541522 -0.714562 0.413388
v 0.543067 -0.800370 0.228918
v 0.542767 0.814661 -0.181402
v 0.544008 0.814661 0.178248
v 0.544559 0.648407 -0.501219
v 0.544682 0.707107 -0.421162
v 0.546262 -0.387150 -0.711010
v 0.547358 0.707107 0.417843
v 0.547691 0.648407 0.497850
v 0.549062 0.375728 -0.714655
v 0.550575 -0.387150 0.707514
v 0.553397 0.375728 0.711141
v 0.558366 0.763616 -0.296694
v 0.558134 0.814661 -0.137359
v 0.559092 0.814661 0.134141
v 0.560319 0.763616 0.293381
v 0.561308 -0.800370 -0.187599
v 0.560517 0.518675 -0.612796
v 0.562592 -0.800370 0.184337
v 0.563484 -0.615750 -0.518637
v 0.564288 0.518675 0.609271
v 0.565491 -0.505875 -0.618233
v 0.565200 0.300509 -0.735660
v 0.566725 -0.615750 0.515152
v 0.569295 -0.505875 0.614678
v 0.569471 0.814661 -0.092552
v 0.569663 0.300509 0.732043
v 0.570128 0.814661 0.089288
v 0.572014 -0.261788 -0.744528
v 0.573869 -0.714562 -0.370199
v 0.576262 -0.714562 0.366751
v 0.577200 -0.800370 -0.142052
v 0.576530 -0.261788 0.740868
v 0.576528 0.814661 -0.047231
v 0.576865 0.814661 0.043940
v 0.578191 -0.800370 0.138723
v 0.577803 0.223439 -0.752063
v 0.579051 0.814661 -0.001650
v 0.579642 0.585435 -0.533510
v 0.580053 0.707107 -0.374189
v 0.582364 0.223439 0.748365
v 0.582472 0.707107 0.370703
v 0.582976 0.585435 0.529925
v 0.583633 0.763616 -0.250150
v 0.585312 0.763616 0.246725
v 0.585799 0.448611 -0.640435
v 0.586271 0.648407 -0.453319
v 0.586750 0.145002 -0.763709
v 0.587864 -0.132000 -0.765158
v 0.588925 -0.800370 -0.095713
v 0.589151 0.648407 0.449747
v 0.589604 -0.800370 0.092338
v 0.589739 0.448611 0.636752
v 0.591383 0.145002 0.759954
v 0.591624 0.072684 -0.770052
v 0.592505 -0.132000 0.761397
v 0.593268 0.000000 -0.772192
v 0.596222 -0.800370 -0.048845
v 0.596295 0.072684 0.766266
v 0.596571 -0.800370 0.045441
v 0.597952 0.000000 0.768396
v 0.598832 -0.800370 -0.001707
v 0.604334 -0.387150 -0.660699
v 0.605212 -0.714562 -0.321587
v 0.604972 0.763616 -0.202192
v 0.606355 0.763616 0.198676
v 0.607329 -0.714562 0.317995
v 0.606646 -0.615750 -0.469073
v 0.607432 0.375728 -0.664086
v 0.608399 -0.387150 0.656899
v 0.609626 -0.615750 0.465377
v 0.611036 0.518675 -0.562405
v 0.611518 0.375728 0.660267
v 0.611734 0.707107 -0.325052
v 0.613874 0.707107 0.321422
v 0.614550 0.518675 0.558625
v 0.616458 -0.505875 -0.567395
v 0.620004 -0.505875 0.563582
v 0.622100 0.763616 -0.153102
v 0.623168 0.763616 0.149514
v 0.624042 0.585435 -0.482524
v 0.624343 0.648407 -0.402760
v 0.625285 0.300509 -0.683604
v 0.627108 0.585435 0.478722
v 0.626947 0.648407 0.399008
v 0.629492 0.300509 0.679673
v 0.632600 -0.714562 -0.271137
v 0.632823 -0.261788 -0.691846
v 0.634419 -0.714562 0.267425
v 0.634736 0.763616 -0.103159
v 0.635469 0.763616 0.099521
v 0.637081 -0.261788 0.687867
v 0.639227 0.223439 -0.698847
v 0.638596 0.448611 -0.587771
v 0.639417 0.707107 -0.274059
v 0.641256 0.707107 0.270307
v 0.642269 0.448611 0.583821
v 0.642602 0.763616 -0.052645
v 0.642978 0.763616 0.048976
v 0.643527 0.223439 0.694827
v 0.645415 0.763616 -0.001839
v 0.646041 -0.615750 -0.416757
v 0.648735 -0.615750 0.412875
v 0.649126 0.145002 -0.709669
v 0.650358 -0.132000 -0.711016
v 0.653493 0.145002 0.705587
v 0.654733 -0.132000 0.706927
v 0.654518 0.072684 -0.715563
v 0.655728 -0.714562 -0.219156
v 0.656337 0.000000 -0.717552
v 0.657228 -0.714562 0.215345
v 0.657840 0.518675 -0.508658
v 0.658443 0.648407 -0.349871
v 0.658802 -0.387150 -0.606369
v 0.658921 0.072684 0.711448
v 0.660752 0.000000 0.713425
v 0.661072 0.518675 0.504650
v 0.660746 0.648407 0.345964
v 0.662179 0.375728 -0.609477
v 0.662591 -0.387150 0.602294
v 0.662795 0.707107 -0.221518
v 0.663678 -0.505875 -0.513172
v 0.664310 0.707107 0.217666
v 0.664567 0.585435 -0.428708
v 0.665988 0.375728 0.605382
v 0.666938 -0.505875 0.509128
v 0.667338 0.585435 0.424715
v 0.674293 -0.714562 -0.165947
v 0.675451 -0.714562 0.162059
v 0.681325 -0.615750 -0.362030
v 0.681641 0.300509 -0.627391
v 0.681560 0.707107 -0.167735
v 0.682730 0.707107 0.163805
v 0.683709 -0.615750 0.357988
v 0.685562 0.300509 0.623175
v 0.687990 -0.714562 -0.111814
v 0.687511 0.448611 -0.531600
v 0.688239 0.648407 -0.294985
v 0.688784 -0.714562 0.107871
v 0.689859 -0.261788 -0.634954
v 0.690219 0.648407 0.290946
v 0.690889 0.448611 0.527412
v 0.693827 -0.261788 0.630687
v 0.695404 0.707107 -0.113019
v 0.696207 0.707107 0.109033
v 0.696515 -0.714562 -0.057061
v 0.696923 -0.714562 0.053085
v 0.696840 0.223439 -0.641380
v 0.699564 -0.714562 -0.001994
v 0.700848 0.223439 0.637070
v 0.700560 0.518675 -0.451927
v 0.700863 0.585435 -0.372412
v 0.703481 0.518675 0.447717
v 0.703315 0.585435 0.368253
v 0.704021 0.707107 -0.057676
v 0.704434 0.707107 0.053657
v 0.706776 -0.505875 -0.455937
v 0.707103 0.707107 -0.002015
v 0.707631 0.145002 -0.651312
v 0.709265 -0.387150 -0.548421
v 0.708974 -0.132000 -0.652548
v 0.709724 -0.505875 0.451690
v 0.712158 -0.615750 -0.305237
v 0.711701 0.145002 0.646935
v 0.712749 -0.387150 0.544100
v 0.713052 -0.132000 0.648163
v 0.712901 0.375728 -0.551232
v 0.713402 0.648407 -0.238432
v 0.714206 -0.615750 0.301057
v 0.713508 0.072684 -0.656722
v 0.715492 0.000000 -0.658547
v 0.715034 0.648407 0.234285
v 0.716403 0.375728 0.546889
v 0.717612 0.072684 0.652308
v 0.719607 0.000000 0.654121
v 0.732157 0.448611 -0.472310
v 0.732579 0.585435 -0.313990
v 0.733854 0.300509 -0.567434
v 0.733600 0.648407 -0.180542
v 0.735211 0.448611 0.467911
v 0.734687 0.585435 0.309691
v 0.734859 0.648407 0.176312
v 0.737459 0.300509 0.562963
v 0.738195 -0.615750 -0.246718
v 0.738822 0.518675 -0.392582
v 0.739883 -0.615750 0.242427
v 0.741407 0.518675 0.388198
v 0.742701 -0.261788 -0.574274
v 0.745378 -0.505875 -0.396065
v 0.746350 -0.261788 0.569749
v 0.747986 -0.505875 0.391643
v 0.748502 0.648407 -0.121648
v 0.749365 0.648407 0.117358
v 0.750217 0.223439 -0.580086
v 0.753902 0.223439 0.575515
v 0.755324 -0.387150 -0.487254
v 0.758474 -0.387150 0.482716
v 0.757777 0.648407 -0.062080
v 0.758220 0.648407 0.057754
v 0.759095 -0.615750 -0.186817
v 0.759196 0.375728 -0.489752
v 0.759363 0.585435 -0.253793
v 0.760398 -0.615750 0.182440
v 0.761100 0.585435 0.249379
v 0.761093 0.648407 -0.002169
v 0.761835 0.145002 -0.589069
v 0.762362 0.375728 0.485191
v 0.763281 -0.132000 -0.590187
v 0.765577 0.145002 0.584427
v 0.767030 -0.132000 0.585537
v 0.768162 0.072684 -0.593961
v 0.770297 0.000000 -0.595612
v 0.771936 0.072684 0.589281
v 0.772145 0.448611 -0.410289
v 0.772256 0.518675 -0.330995
v 0.774081 0.000000 0.590919
v 0.774477 0.518675 0.326464
v 0.774514 -0.615750 -0.125876
v 0.775408 -0.615750 0.121437
v 0.774847 0.448611 0.405707
v 0.779109 -0.505875 -0.333932
v 0.781350 -0.505875 0.329360
v 0.780862 0.585435 -0.192174
v 0.781510 0.300509 -0.504147
v 0.782203 0.585435 0.187671
v 0.784111 -0.615750 -0.064238
v 0.784571 -0.615750 0.059761
v 0.784769 0.300509 0.499451
v 0.787544 -0.615750 -0.002244
v 0.790931 -0.261788 -0.510225
v 0.794230 -0.261788 0.505472
v 0.796577 -0.387150 -0.423271
v 0.796724 0.585435 -0.129486
v 0.797644 0.585435 0.124919
v 0.799364 -0.387150 0.418544
v 0.798935 0.223439 -0.515388
v 0.800490 0.518675 -0.267538
v 0.800660 0.375728 -0.425440
v 0.802267 0.223439 0.510587
v 0.802321 0.518675 0.262886
v 0.803462 0.375728 0.420690
v 0.807088 0.448611 -0.345924
v 0.806597 0.585435 -0.066080
v 0.807069 0.585435 0.061475
v 0.807594 -0.505875 -0.269912
v 0.809441 -0.505875 0.265218
v 0.809409 0.448611 0.341188
v 0.810127 0.585435 -0.002309
v 0.811307 0.145002 -0.523369
v 0.812847 -0.132000 -0.524362
v 0.814690 0.145002 0.518494
v 0.816237 -0.132000 0.519478
v 0.818045 0.072684 -0.527716
v 0.820319 0.000000 -0.529183
v 0.821457 0.072684 0.522801
v 0.823154 0.518675 -0.202582
v 0.823740 0.000000 0.524254
v 0.824193 0.300509 -0.437945
v 0.824567 0.518675 0.197836
v 0.827077 0.300509 0.433054
v 0.830458 -0.505875 -0.204380
v 0.831884 -0.505875 0.199591
v 0.832625 -0.387150 -0.356870
v 0.834129 -0.261788 -0.443224
v 0.835019 -0.387150 0.351984
v 0.837047 -0.261788 0.438275
v 0.836893 0.375728 -0.358699
v 0.836596 0.448611 -0.279605
v 0.839300 0.375728 0.353788
v 0.838509 0.448611 0.274743
v 0.839875 0.518675 -0.136498
v 0.840844 0.518675 0.131685
v 0.842570 0.223439 -0.447710
v 0.845518 0.223439 0.442710
v 0.847328 -0.505875 -0.137710
v 0.848305 -0.505875 0.132853
v 0.850282 0.518675 -0.069659
v 0.850780 0.518675 0.064804
v 0.854004 0.518675 -0.002434
v 0.855618 0.145002 -0.454643
v 0.857242 -0.132000 -0.455506
v 0.857827 -0.505875 -0.070277
v 0.858330 -0.505875 0.065379
v 0.858611 0.145002 0.449566
v 0.860241 -0.132000 0.450419
v 0.860281 0.448611 -0.211719
v 0.861490 0.300509 -0.369242
v 0.861582 -0.505875 -0.002455
v 0.861758 0.448611 0.206759
v 0.863066 -0.387150 -0.288452
v 0.862724 0.072684 -0.458419
v 0.863968 0.300509 0.364186
v 0.865040 -0.387150 0.283436
v 0.865122 0.000000 -0.459693
v 0.865743 0.072684 0.453300
v 0.867490 0.375728 -0.289931
v 0.868149 0.000000 0.454560
v 0.869474 0.375728 0.284889
v 0.871876 -0.261788 -0.373693
v 0.874384 -0.261788 0.368577
v 0.877756 0.448611 -0.142655
v 0.878769 0.448611 0.137624
v 0.880699 0.223439 -0.377475
v 0.883232 0.223439 0.372307
v 0.887501 -0.387150 -0.218418
v 0.889025 -0.387150 0.213301
v 0.888633 0.448611 -0.072800
v 0.889153 0.448611 0.067727
v 0.892051 0.375728 -0.219538
v 0.892987 0.300509 -0.298452
v 0.892523 0.448611 -0.002544
v 0.894337 0.145002 -0.383320
v 0.893582 0.375728 0.214394
v 0.895030 0.300509 0.293262
v 0.896035 -0.132000 -0.384048
v 0.896910 0.145002 0.378072
v 0.898612 -0.132000 0.378790
v 0.901765 0.072684 -0.386504
v 0.903753 -0.261788 -0.302050
v 0.904272 0.000000 -0.387578
v 0.904359 0.072684 0.381212
v 0.905529 -0.387150 -0.147169
v 0.905820 -0.261788 0.296798
v 0.906574 -0.387150 0.141979
v 0.906873 0.000000 0.382272
v 0.910171 0.375728 -0.147923
v 0.911222 0.375728 0.142706
v 0.912898 0.223439 -0.305107
v 0.914986 0.223439 0.299801
v 0.916750 -0.387150 -0.075104
v 0.917287 -0.387150 0.069870
v 0.918270 0.300509 -0.225991
v 0.919846 0.300509 0.220695
v 0.920763 -0.387150 -0.002624
v 0.921450 0.375728 -0.075489
v 0.921989 0.375728 0.070228
v 0.925483 0.375728 -0.002637
v 0.927035 0.145002 -0.309832
v 0.929340 -0.261788 -0.228715
v 0.928795 -0.132000 -0.310420
v 0.929155 0.145002 0.304444
v 0.930936 -0.261788 0.223356
v 0.930919 -0.132000 0.305022
v 0.934735 0.072684 -0.312405
v 0.937333 0.000000 -0.313274
v 0.936873 0.072684 0.306972
v 0.936923 0.300509 -0.152271
v 0.938004 0.300509 0.146901
v 0.939477 0.000000 0.307826
v 0.938744 0.223439 -0.231030
v 0.940356 0.223439 0.225616
v 0.948218 -0.261788 -0.154107
v 0.949312 -0.261788 0.148672
v 0.948532 0.300509 -0.077708
v 0.949088 0.300509 0.072293
v 0.953281 0.145002 -0.234607
v 0.952684 0.300509 -0.002715
v 0.955091 -0.132000 -0.235053
v 0.954918 0.145002 0.229110
v 0.956731 -0.132000 0.229545
v 0.957813 0.223439 -0.155666
v 0.958918 0.223439 0.150176
v 0.959968 -0.261788 -0.078644
v 0.960530 -0.261788 0.073164
v 0.961199 0.072684 -0.236556
v 0.962849 0.072684 0.231013
v 0.964170 -0.261788 -0.002748
v 0.963871 0.000000 -0.237213
v 0.965526 0.000000 0.231655
v 0.969682 0.223439 -0.079440
v 0.970250 0.223439 0.073905
v 0.972646 0.145002 -0.158077
v 0.974492 -0.132000 -0.158377
v 0.973768 0.145002 0.152502
v 0.973926 0.223439 -0.002776
v 0.975616 -0.132000 0.152791
v 0.980724 0.072684 -0.159390
v 0.981856 0.072684 0.153769
v 0.983450 0.000000 -0.159833
v 0.984585 0.000000 0.154196
v 0.984698 0.145002 -0.080670
v 0.985275 0.145002 0.075049
v 0.986567 -0.132000 -0.080824
v 0.987145 -0.132000 0.075191
v 0.989008 0.145002 -0.002819
v 0.990886 -0.132000 -0.002824
v 0.992877 0.072684 -0.081340
v 0.993458 0.072684 0.075672
v 0.995636 0.000000 -0.081567
v 0.996220 0.000000 0.075883
v 0.997223 0.072684 -0.002842
v 0.999995 0.000000 -0.002850
vt 0.600000 0.000000 0.000000
vt 0.600000 0.009795 0.000000
vt 0.600000 0.019590 0.000000
vt 0.600000 0.029385 0.000000
vt 0.600000 0.039181 0.000000
vt 0.600000 0.048976 0.000000
vt 0.600000 0.058771 0.000000
vt 0.600000 0.068566 0.000000
vt 0.600000 0.078361 0.000000
vt 0.600000 0.088156 0.000000
vt 0.600000 0.097951 0.000000
vt 0.600000 0.107747 0.000000
vt 0.600000 0.117542 0.000000
vt 0.600000 0.127337 0.000000
vt 0.600000 0.137132 0.000000
vt 0.600000 0.146927 0.000000
vt 0.600000 0.156722 0.000000
vt 0.600000 0.166517 0.000000
vt 0.600000 0.176313 0.000000
vt 0.600000 0.186108 0.000000
vt 0.600000 0.195903 0.000000
vt 0.600000 0.205698 0.000000
vt 0.600000 0.215493 0.000000
vt 0.600000 0.225288 0.000000
vt 0.600000 0.235083 0.000000
vt 0.600000 0.244879 0.000000
vt 0.600000 0.254674 0.000000
vt 0.600000 0.264469 0.000000
vt 0.600000 0.274264 0.000000
vt 0.600000 0.284059 0.000000
vt 0.600000 0.293854 0.000000
vt 0.600000 0.303649 0.000000
vt 0.000000 0.313445 0.000000
vt 0.000000 0.303649 0.000000
vt 0.000000 0.293854 0.000000
vt 0.000000 0.284059 0.000000
vt 0.000000 0.274264 0.000000
vt 0.000000 0.264469 0.000000
vt 0.000000 0.254674 0.000000
vt 0.000000 0.244879 0.000000
vt 0.000000 0.235083 0.000000
vt 0.000000 0.225288 0.000000
vt 0.000000 0.215493 0.000000
vt 0.000000 0.205698 0.000000
vt 0.000000 0.195903 0.000000
vt 0.000000 0.186108 0.000000
vt 0.000000 0.176313 0.000000
vt 0.000000 0.166517 0.000000
vt 0.000000 0.156722 0.000000
vt 0.000000 0.146927 0.000000
vt 0.000000 0.137132 0.000000
vt 0.000000 0.127337 0.000000
vt 0.000000 0.117542 0.000000
vt 0.000000 0.107747 0.000000
vt 0.000000 0.097951 0.000000
vt 0.000000 0.088156 0.000000
vt 0.000000 0.078361 0.000000
vt 0.000000 0.068566 0.000000
vt 0.000000 0.058771 0.000000
vt 0.000000 0.048976 0.000000
vt 0.000000 0.039181 0.000000
vt 0.000000 0.029385 0.000000
vt 0.000000 0.019590 0.000000
vt 0.000000 0.009795 0.000000
vt 0.200000 0.000000 0.000000
vt 0.400000 0.000000 0.000000
vt 0.400000 0.313445 0.000000
vt 0.200000 0.313445 0.000000
vt 0.590625 0.313445 0.000000
vt 0.581250 0.313445 0.000000
vt 0.571875 0.313445 0.000000
vt 0.562500 0.313445 0.000000
vt 0.553125 0.313445 0.000000
vt 0.543750 0.313445 0.000000
vt 0.534375 0.313445 0.000000
vt 0.525000 0.313445 0.000000
vt 0.515625 0.313445 0.000000
vt 0.506250 0.313445 0.000000
vt 0.496875 0.313445 0.000000
vt 0.487500 0.313445 0.000000
vt 0.478125 0.313445 0.000000
vt 0.468750 0.313445 0.000000
vt 0.459375 0.313445 0.000000
vt 0.450000 0.313445 0.000000
vt 0.442120 0.313445 0.000000
vt 0.434241 0.313445 0.000000
vt 0.426361 0.313445 0.000000
vt 0.418481 0.313445 0.000000
vt 0.410601 0.313445 0.000000
vt 0.386962 0.313445 0.000000
vt 0.371203 0.313445 0.000000
vt 0.355443 0.313445 0.000000
vt 0.339684 0.313445 0.000000
vt 0.331804 0.313445 0.000000
vt 0.323924 0.313445 0.000000
vt 0.316044 0.313445 0.000000
vt 0.308165 0.313445 0.000000
vt 0.300285 0.313445 0.000000
vt 0.292405 0.313445 0.000000
vt 0.284526 0.313445 0.000000
vt 0.276646 0.313445 0.000000
vt 0.268766 0.313445 0.000000
vt 0.260886 0.313445 0.000000
vt 0.245127 0.313445 0.000000
vt 0.229367 0.313445 0.000000
vt 0.213608 0.313445 0.000000
vt 0.185886 0.313445 0.000000
vt 0.173924 0.313445 0.000000
vt 0.161962 0.313445 0.000000
vt 0.150000 0.313445 0.000000
vt 0.143854 0.313445 0.000000
vt 0.125415 0.313445 0.000000
vt 0.113122 0.313445 0.000000
vt 0.100829 0.313445 0.000000
vt 0.088537 0.313445 0.000000
vt 0.076244 0.313445 0.000000
vt 0.063952 0.313445 0.000000
vt 0.051659 0.313445 0.000000
vt 0.038744 0.313445 0.000000
vt 0.025829 0.313445 0.000000
vt 0.012915 0.313445 0.000000
vt 0.006457 0.313445 0.000000
vt 0.006457 0.000000 0.000000
vt 0.012915 0.000000 0.000000
vt 0.025829 0.000000 0.000000
vt 0.038744 0.000000 0.000000
vt 0.051659 0.000000 0.000000
vt 0.063952 0.000000 0.000000
vt 0.076244 0.000000 0.000000
vt 0.088537 0.000000 0.000000
vt 0.100829 0.000000 0.000000
vt 0.113122 0.000000 0.000000
vt 0.125415 0.000000 0.000000
vt 0.137707 0.000000 0.000000
vt 0.150000 0.000000 0.000000
vt 0.161962 0.000000 0.000000
vt 0.173924 0.000000 0.000000
vt 0.185886 0.000000 0.000000
vt 0.197848 0.000000 0.000000
vt 0.213608 0.000000 0.000000
vt 0.229367 0.000000 0.000000
vt 0.245127 0.000000 0.000000
vt 0.260886 0.000000 0.000000
vt 0.268766 0.000000 0.000000
vt 0.276646 0.000000 0.000000
vt 0.284526 0.000000 0.000000
vt 0.292405 0.000000 0.000000
vt 0.300285 0.000000 0.000000
vt 0.308165 0.000000 0.000000
vt 0.316044 0.000000 0.000000
vt 0.323924 0.000000 0.000000
vt 0.331804 0.000000 0.000000
vt 0.339684 0.000000 0.000000
vt 0.355443 0.000000 0.000000
vt 0.371203 0.000000 0.000000
vt 0.386962 0.000000 0.000000
vt 0.410601 0.000000 0.000000
vt 0.418481 0.000000 0.000000
vt 0.426361 0.000000 0.000000
vt 0.434241 0.000000 0.000000
vt 0.442120 0.000000 0.000000
vt 0.450000 0.000000 0.000000
vt 0.459375 0.000000 0.000000
vt 0.468750 0.000000 0.000000
vt 0.478125 0.000000 0.000000
vt 0.487500 0.000000 0.000000
vt 0.496875 0.000000 0.000000
vt 0.506250 0.000000 0.000000
vt 0.515625 0.000000 0.000000
vt 0.525000 0.000000 0.000000
vt 0.534375 0.000000 0.000000
vt 0.543750 0.000000 0.000000
vt 0.553125 0.000000 0.000000
vt 0.562500 0.000000 0.000000
vt 0.571875 0.000000 0.000000
vt 0.581250 0.000000 0.000000
vt 0.590625 0.000000 0.000000
vt 0.006457 0.187224 0.000000
vt 0.590625 0.187224 0.000000
vt 0.006457 0.282631 0.000000
vt 0.590625 0.282631 0.000000
vt 0.590625 0.012707 0.000000
vt 0.581250 0.012707 0.000000
vt 0.571875 0.012707 0.000000
vt 0.562500 0.012707 0.000000
vt 0.553125 0.012707 0.000000
vt 0.543750 0.012707 0.000000
vt 0.534375 0.012707 0.000000
vt 0.525000 0.012707 0.000000
vt 0.515625 0.012707 0.000000
vt 0.506250 0.012707 0.000000
vt 0.496875 0.012707 0.000000
vt 0.487500 0.012707 0.000000
vt 0.478125 0.012707 0.000000
vt 0.468750 0.012707 0.000000
vt 0.459375 0.012707 0.000000
vt 0.450000 0.012707 0.000000
vt 0.442120 0.012707 0.000000
vt 0.434241 0.012707 0.000000
vt 0.426361 0.012707 0.000000
vt 0.418481 0.012707 0.000000
vt 0.410601 0.012707 0.000000
vt 0.402722 0.012707 0.000000
vt 0.394842 0.012707 0.000000
vt 0.386962 0.012707 0.000000
vt 0.379082 0.012707 0.000000
vt 0.371203 0.012707 0.000000
vt 0.363323 0.012707 0.000000
vt 0.355443 0.012707 0.000000
vt 0.347563 0.012707 0.000000
vt 0.339684 0.012707 0.000000
vt 0.331804 0.012707 0.000000
vt 0.323924 0.012707 0.000000
vt 0.316044 0.012707 0.000000
vt 0.308165 0.012707 0.000000
vt 0.300285 0.012707 0.000000
vt 0.292405 0.012707 0.000000
vt 0.284526 0.012707 0.000000
vt 0.276646 0.012707 0.000000
vt 0.268766 0.012707 0.000000
vt 0.260886 0.012707 0.000000
vt 0.253007 0.012707 0.000000
vt 0.245127 0.012707 0.000000
vt 0.237247 0.012707 0.000000
vt 0.229367 0.012707 0.000000
vt 0.221488 0.012707 0.000000
vt 0.213608 0.012707 0.000000
vt 0.205728 0.012707 0.000000
vt 0.197848 0.012707 0.000000
vt 0.185886 0.012707 0.000000
vt 0.173924 0.012707 0.000000
vt 0.161962 0.012707 0.000000
vt 0.150000 0.012707 0.000000
vt 0.143854 0.012707 0.000000
vt 0.137707 0.012707 0.000000
vt 0.125415 0.012707 0.000000
vt 0.113122 0.012707 0.000000
vt 0.100829 0.012707 0.000000
vt 0.088537 0.012707 0.000000
vt 0.076244 0.012707 0.000000
vt 0.063952 0.012707 0.000000
vt 0.051659 0.012707 0.000000
vt 0.038744 0.012707 0.000000
vt 0.025829 0.012707 0.000000
vt 0.019372 0.012707 0.000000
vt 0.012915 0.012707 0.000000
vt 0.006457 0.012707 0.000000
vt 0.590625 0.025414 0.000000
vt 0.581250 0.025414 0.000000
vt 0.571875 0.025414 0.000000
vt 0.562500 0.025414 0.000000
vt 0.553125 0.025414 0.000000
vt 0.543750 0.025414 0.000000
vt 0.534375 0.025414 0.000000
vt 0.525000 0.025414 0.000000
vt 0.515625 0.025414 0.000000
vt 0.506250 0.025414 0.000000
vt 0.496875 0.025414 0.000000
vt 0.487500 0.025414 0.000000
vt 0.478125 0.025414 0.000000
vt 0.468750 0.025414 0.000000
vt 0.459375 0.025414 0.000000
vt 0.450000 0.025414 0.000000
vt 0.442120 0.025414 0.000000
vt 0.434241 0.025414 0.000000
vt 0.426361 0.025414 0.000000
vt 0.418481 0.025414 0.000000
vt 0.410601 0.025414 0.000000
vt 0.402722 0.025414 0.000000
vt 0.394842 0.025414 0.000000
vt 0.386962 0.025414 0.000000
vt 0.379082 0.025414 0.000000
vt 0.371203 0.025414 0.000000
vt 0.363323 0.025414 0.000000
vt 0.355443 0.025414 0.000000
vt 0.347563 0.025414 0.000000
vt 0.339684 0.025414 0.000000
vt 0.331804 0.025414 0.000000
vt 0.323924 0.025414 0.000000
vt 0.316044 0.025414 0.000000
vt 0.308165 0.025414 0.000000
vt 0.300285 0.025414 0.000000
vt 0.292405 0.025414 0.000000
vt 0.284526 0.025414 0.000000
vt 0.276646 0.025414 0.000000
vt 0.268766 0.025414 0.000000
vt 0.260886 0.025414 0.000000
vt 0.253007 0.025414 0.000000
vt 0.245127 0.025414 0.000000
vt 0.237247 0.025414 0.000000
vt 0.229367 0.025414 0.000000
vt 0.221488 0.025414 0.000000
vt 0.213608 0.025414 0.000000
vt 0.205728 0.025414 0.000000
vt 0.197848 0.025414 0.000000
vt 0.185886 0.025414 0.000000
vt 0.173924 0.025414 0.000000
vt 0.161962 0.025414 0.000000
vt 0.150000 0.025414 0.000000
vt 0.143854 0.025414 0.000000
vt 0.137707 0.025414 0.000000
vt 0.125415 0.025414 0.000000
vt 0.113122 0.025414 0.000000
vt 0.100829 0.025414 0.000000
vt 0.088537 0.025414 0.000000
vt 0.076244 0.025414 0.000000
vt 0.063952 0.025414 0.000000
vt 0.051659 0.025414 0.000000
vt 0.038744 0.025414 0.000000
vt 0.025829 0.025414 0.000000
vt 0.019372 0.025414 0.000000
vt 0.012915 0.025414 0.000000
vt 0.006457 0.025414 0.000000
vt 0.590625 0.038120 0.000000
vt 0.581250 0.038120 0.000000
vt 0.571875 0.038120 0.000000
vt 0.562500 0.038120 0.000000
vt 0.553125 0.038120 0.000000
vt 0.543750 0.038120 0.000000
vt 0.534375 0.038120 0.000000
vt 0.525000 0.038120 0.000000
vt 0.515625 0.038120 0.000000
vt 0.506250 0.038120 0.000000
vt 0.496875 0.038120 0.000000
vt 0.487500 0.038120 0.000000
vt 0.478125 0.038120 0.000000
vt 0.468750 0.038120 0.000000
vt 0.459375 0.038120 0.000000
vt 0.450000 0.038120 0.000000
vt 0.442120 0.038120 0.000000
vt 0.434241 0.038120 0.000000
vt 0.426361 0.038120 0.000000
vt 0.418481 0.038120 0.000000
vt 0.410601 0.038120 0.000000
vt 0.402722 0.038120 0.000000
vt 0.394842 0.038120 0.000000
vt 0.386962 0.038120 0.000000
vt 0.379082 0.038120 0.000000
vt 0.371203 0.038120 0.000000
vt 0.363323 0.038120 0.000000
vt 0.355443 0.038120 0.000000
vt 0.347563 0.038120 0.000000
vt 0.339684 0.038120 0.000000
vt 0.331804 0.038120 0.000000
vt 0.323924 0.038120 0.000000
vt 0.316044 0.038120 0.000000
vt 0.308165 0.038120 0.000000
vt 0.300285 0.038120 0.000000
vt 0.292405 0.038120 0.000000
vt 0.284526 0.038120 0.000000
vt 0.276646 0.038120 0.000000
vt 0.268766 0.038120 0.000000
vt 0.260886 0.038120 0.000000
vt 0.253007 0.038120 0.000000
vt 0.245127 0.038120 0.000000
vt 0.237247 0.038120 0.000000
vt 0.229367 0.038120 0.000000
vt 0.221488 0.038120 0.000000
vt 0.213608 0.038120 0.000000
vt 0.205728 0.038120 0.000000
vt 0.197848 0.038120 0.000000
vt 0.185886 0.038120 0.000000
vt 0.173924 0.038120 0.000000
vt 0.161962 0.038120 0.000000
vt 0.150000 0.038120 0.000000
vt 0.143854 0.038120 0.000000
vt 0.137707 0.038120 0.000000
vt 0.125415 0.038120 0.000000
vt 0.113122 0.038120 0.000000
vt 0.100829 0.038120 0.000000
vt 0.088537 0.038120 0.000000
vt 0.076244 0.038120 0.000000
vt 0.063952 0.038120 0.000000
vt 0.051659 0.038120 0.000000
vt 0.038744 0.038120 0.000000
vt 0.025829 0.038120 0.000000
vt 0.019372 0.038120 0.000000
vt 0.012915 0.038120 0.000000
vt 0.006457 0.038120 0.000000
vt 0.590625 0.050827 0.000000
vt 0.581250 0.050827 0.000000
vt 0.571875 0.050827 0.000000
vt 0.562500 0.050827 0.000000
vt 0.553125 0.050827 0.000000
vt 0.543750 0.050827 0.000000
vt 0.534375 0.050827 0.000000
vt 0.525000 0.050827 0.000000
vt 0.515625 0.050827 0.000000
vt 0.506250 0.050827 0.000000
vt 0.496875 0.050827 0.000000
vt 0.487500 0.050827 0.000000
vt 0.478125 0.050827 0.000000
vt 0.468750 0.050827 0.000000
vt 0.459375 0.050827 0.000000
vt 0.450000 0.050827 0.000000
vt 0.442120 0.050827 0.000000
vt 0.434241 0.050827 0.000000
vt 0.426361 0.050827 0.000000
vt 0.418481 0.050827 0.000000
vt 0.410601 0.050827 0.000000
vt 0.402722 0.050827 0.000000
vt 0.394842 0.050827 0.000000
vt 0.386962 0.050827 0.000000
vt 0.379082 0.050827 0.000000
vt 0.371203 0.050827 0.000000
vt 0.363323 0.050827 0.000000
vt 0.355443 0.050827 0.000000
vt 0.347563 0.050827 0.000000
vt 0.339684 0.050827 0.000000
vt 0.331804 0.050827 0.000000
vt 0.323924 0.050827 0.000000
vt 0.316044 0.050827 0.000000
vt 0.308165 0.050827 0.000000
vt 0.300285 0.050827 0.000000
vt 0.292405 0.050827 0.000000
vt 0.284526 0.050827 0.000000
vt 0.276646 0.050827 0.000000
vt 0.268766 0.050827 0.000000
vt 0.260886 0.050827 0.000000
vt 0.253007 0.050827 0.000000
vt 0.245127 0.050827 0.000000
vt 0.237247 0.050827 0.000000
vt 0.229367 0.050827 0.000000
vt 0.221488 0.050827 0.000000
vt 0.213608 0.050827 0.000000
vt 0.205728 0.050827 0.000000
vt 0.197848 0.050827 0.000000
vt 0.185886 0.050827 0.000000
vt 0.173924 0.050827 0.000000
vt 0.161962 0.050827 0.000000
vt 0.150000 0.050827 0.000000
vt 0.143854 0.050827 0.000000
vt 0.137707 0.050827 0.000000
vt 0.125415 0.050827 0.000000
vt 0.113122 0.050827 0.000000
vt 0.100829 0.050827 0.000000
vt 0.088537 0.050827 0.000000
vt 0.076244 0.050827 0.000000
vt 0.063952 0.050827 0.000000
vt 0.051659 0.050827 0.000000
vt 0.038744 0.050827 0.000000
vt 0.025829 0.050827 0.000000
vt 0.019372 0.050827 0.000000
vt 0.012915 0.050827 0.000000
vt 0.006457 0.050827 0.000000
vt 0.590625 0.064064 0.000000
vt 0.581250 0.064064 0.000000
vt 0.571875 0.064064 0.000000
vt 0.562500 0.064064 0.000000
vt 0.553125 0.064064 0.000000
vt 0.543750 0.064064 0.000000
vt 0.534375 0.064064 0.000000
vt 0.525000 0.064064 0.000000
vt 0.515625 0.064064 0.000000
vt 0.506250 0.064064 0.000000
vt 0.496875 0.064064 0.000000
vt 0.487500 0.064064 0.000000
vt 0.478125 0.064064 0.000000
vt 0.468750 0.064064 0.000000
vt 0.459375 0.064064 0.000000
vt 0.450000 0.064064 0.000000
vt 0.442120 0.064064 0.000000
vt 0.434241 0.064064 0.000000
vt 0.426361 0.064064 0.000000
vt 0.418481 0.064064 0.000000
vt 0.410601 0.064064 0.000000
vt 0.402722 0.064064 0.000000
vt 0.394842 0.064064 0.000000
vt 0.386962 0.064064 0.000000
vt 0.379082 0.064064 0.000000
vt 0.371203 0.064064 0.000000
vt 0.363323 0.064064 0.000000
vt 0.355443 0.064064 0.000000
vt 0.347563 0.064064 0.000000
vt 0.339684 0.064064 0.000000
vt 0.331804 0.064064 0.000000
vt 0.323924 0.064064 0.000000
vt 0.316044 0.064064 0.000000
vt 0.308165 0.064064 0.000000
vt 0.300285 0.064064 0.000000
vt 0.292405 0.064064 0.000000
vt 0.284526 0.064064 0.000000
vt 0.276646 0.064064 0.000000
vt 0.268766 0.064064 0.000000
vt 0.260886 0.064064 0.000000
vt 0.253007 0.064064 0.000000
vt 0.245127 0.064064 0.000000
vt 0.237247 0.064064 0.000000
vt 0.229367 0.064064 0.000000
vt 0.221488 0.064064 0.000000
vt 0.213608 0.064064 0.000000
vt 0.205728 0.064064 0.000000
vt 0.197848 0.064064 0.000000
vt 0.185886 0.064064 0.000000
vt 0.173924 0.064064 0.000000
vt 0.161962 0.064064 0.000000
vt 0.150000 0.064064 0.000000
vt 0.143854 0.064064 0.000000
vt 0.137707 0.064064 0.000000
vt 0.125415 0.064064 0.000000
vt 0.113122 0.064064 0.000000
vt 0.100829 0.064064 0.000000
vt 0.088537 0.064064 0.000000
vt 0.076244 0.064064 0.000000
vt 0.063952 0.064064 0.000000
vt 0.051659 0.064064 0.000000
vt 0.038744 0.064064 0.000000
vt 0.025829 0.064064 0.000000
vt 0.019372 0.064064 0.000000
vt 0.012915 0.064064 0.000000
vt 0.006457 0.064064 0.000000
vt 0.590625 0.077301 0.000000
vt 0.581250 0.077301 0.000000
vt 0.571875 0.077301 0.000000
vt 0.562500 0.077301 0.000000
vt 0.553125 0.077301 0.000000
vt 0.543750 0.077301 0.000000
vt 0.534375 0.077301 0.000000
vt 0.525000 0.077301 0.000000
vt 0.515625 0.077301 0.000000
vt 0.506250 0.077301 0.000000
vt 0.496875 0.077301 0.000000
vt 0.487500 0.077301 0.000000
vt 0.478125 0.077301 0.000000
vt 0.468750 0.077301 0.000000
vt 0.459375 0.077301 0.000000
vt 0.450000 0.077301 0.000000
vt 0.442120 0.077301 0.000000
vt 0.434241 0.077301 0.000000
vt 0.426361 0.077301 0.000000
vt 0.418481 0.077301 0.000000
vt 0.410601 0.077301 0.000000
vt 0.402722 0.077301 0.000000
vt 0.394842 0.077301 0.000000
vt 0.386962 0.077301 0.000000
vt 0.379082 0.077301 0.000000
vt 0.371203 0.077301 0.000000
vt 0.363323 0.077301 0.000000
vt 0.355443 0.077301 0.000000
vt 0.347563 0.077301 0.000000
vt 0.339684 0.077301 0.000000
vt 0.331804 0.077301 0.000000
vt 0.323924 0.077301 0.000000
vt 0.316044 0.077301 0.000000
vt 0.308165 0.077301 0.000000
vt 0.300285 0.077301 0.000000
vt 0.292405 0.077301 0.000000
vt 0.284526 0.077301 0.000000
vt 0.276646 0.077301 0.000000
vt 0.268766 0.077301 0.000000
vt 0.260886 0.077301 0.000000
vt 0.253007 0.077301 0.000000
vt 0.245127 0.077301 0.000000
vt 0.237247 0.077301 0.000000
vt 0.229367 0.077301 0.000000
vt 0.221488 0.077301 0.000000
vt 0.213608 0.077301 0.000000
vt 0.205728 0.077301 0.000000
vt 0.197848 0.077301 0.000000
vt 0.185886 0.077301 0.000000
vt 0.173924 0.077301 0.000000
vt 0.161962 0.077301 0.000000
vt 0.150000 0.077301 0.000000
vt 0.143854 0.077301 0.000000
vt 0.137707 0.077301 0.000000
vt 0.125415 0.077301 0.000000
vt 0.113122 0.077301 0.000000
vt 0.100829 0.077301 0.000000
vt 0.088537 0.077301 0.000000
vt 0.076244 0.077301 0.000000
vt 0.063952 0.077301 0.000000
vt 0.051659 0.077301 0.000000
vt 0.038744 0.077301 0.000000
vt 0.025829 0.077301 0.000000
vt 0.019372 0.077301 0.000000
vt 0.012915 0.077301 0.000000
vt 0.006457 0.077301 0.000000
vt 0.590625 0.090538 0.000000
vt 0.581250 0.090538 0.000000
vt 0.571875 0.090538 0.000000
vt 0.562500 0.090538 0.000000
vt 0.553125 0.090538 0.000000
vt 0.543750 0.090538 0.000000
vt 0.534375 0.090538 0.000000
vt 0.525000 0.090538 0.000000
vt 0.515625 0.090538 0.000000
vt 0.506250 0.090538 0.000000
vt 0.496875 0.090538 0.000000
vt 0.487500 0.090538 0.000000
vt 0.478125 0.090538 0.000000
vt 0.468750 0.090538 0.000000
vt 0.459375 0.090538 0.000000
vt 0.450000 0.090538 0.000000
vt 0.442120 0.090538 0.000000
vt 0.434241 0.090538 0.000000
vt 0.426361 0.090538 0.000000
vt 0.418481 0.090538 0.000000
vt 0.410601 0.090538 0.000000
vt 0.402722 0.090538 0.000000
vt 0.394842 0.090538 0.000000
vt 0.386962 0.090538 0.000000
vt 0.379082 0.090538 0.000000
vt 0.371203 0.090538 0.000000
vt 0.363323 0.090538 0.000000
vt 0.355443 0.090538 0.000000
vt 0.347563 0.090538 0.000000
vt 0.339684 0.090538 0.000000
vt 0.331804 0.090538 0.000000
vt 0.323924 0.090538 0.000000
vt 0.316044 0.090538 0.000000
vt 0.308165 0.090538 0.000000
vt 0.300285 0.090538 0.000000
vt 0.292405 0.090538 0.000000
vt 0.284526 0.090538 0.000000
vt 0.276646 0.090538 0.000000
vt 0.268766 0.090538 0.000000
vt 0.260886 0.090538 0.000000
vt 0.253007 0.090538 0.000000
vt 0.245127 0.090538 0.000000
vt 0.237247 0.090538 0.000000
vt 0.229367 0.090538 0.000000
vt 0.221488 0.090538 0.000000
vt 0.213608 0.090538 0.000000
vt 0.205728 0.090538 0.000000
vt 0.197848 0.090538 0.000000
vt 0.185886 0.090538 0.000000
vt 0.173924 0.090538 0.000000
vt 0.161962 0.090538 0.000000
vt 0.150000 0.090538 0.000000
vt 0.143854 0.090538 0.000000
vt 0.137707 0.090538 0.000000
vt 0.125415 0.090538 0.000000
vt 0.113122 0.090538 0.000000
vt 0.100829 0.090538 0.000000
vt 0.088537 0.090538 0.000000
vt 0.076244 0.090538 0.000000
vt 0.063952 0.090538 0.000000
vt 0.051659 0.090538 0.000000
vt 0.038744 0.090538 0.000000
vt 0.025829 0.090538 0.000000
vt 0.019372 0.090538 0.000000
vt 0.012915 0.090538 0.000000
vt 0.006457 0.090538 0.000000
vt 0.590625 0.103775 0.000000
vt 0.581250 0.103775 0.000000
vt 0.571875 0.103775 0.000000
vt 0.562500 0.103775 0.000000
vt 0.553125 0.103775 0.000000
vt 0.543750 0.103775 0.000000
vt 0.534375 0.103775 0.000000
vt 0.525000 0.103775 0.000000
vt 0.515625 0.103775 0.000000
vt 0.506250 0.103775 0.000000
vt 0.496875 0.103775 0.000000
vt 0.487500 0.103775 0.000000
vt 0.478125 0.103775 0.000000
vt 0.468750 0.103775 0.000000
vt 0.459375 0.103775 0.000000
vt 0.450000 0.103775 0.000000
vt 0.442120 0.103775 0.000000
vt 0.434241 0.103775 0.000000
vt 0.426361 0.103775 0.000000
vt 0.418481 0.103775 0.000000
vt 0.410601 0.103775 0.000000
vt 0.402722 0.103775 0.000000
vt 0.394842 0.103775 0.000000
vt 0.386962 0.103775 0.000000
vt 0.379082 0.103775 0.000000
vt 0.371203 0.103775 0.000000
vt 0.363323 0.103775 0.000000
vt 0.355443 0.103775 0.000000
vt 0.347563 0.103775 0.000000
vt 0.339684 0.103775 0.000000
vt 0.331804 0.103775 0.000000
vt 0.323924 0.103775 0.000000
vt 0.316044 0.103775 0.000000
vt 0.308165 0.103775 0.000000
vt 0.300285 0.103775 0.000000
vt 0.292405 0.103775 0.000000
vt 0.284526 0.103775 0.000000
vt 0.276646 0.103775 0.000000
vt 0.268766 0.103775 0.000000
vt 0.260886 0.103775 0.000000
vt 0.253007 0.103775 0.000000
vt 0.245127 0.103775 0.000000
vt 0.237247 0.103775 0.000000
vt 0.229367 0.103775 0.000000
vt 0.221488 0.103775 0.000000
vt 0.213608 0.103775 0.000000
vt 0.205728 0.103775 0.000000
vt 0.197848 0.103775 0.000000
vt 0.185886 0.103775 0.000000
vt 0.173924 0.103775 0.000000
vt 0.161962 0.103775 0.000000
vt 0.150000 0.103775 0.000000
vt 0.143854 0.103775 0.000000
vt 0.137707 0.103775 0.000000
vt 0.125415 0.103775 0.000000
vt 0.113122 0.103775 0.000000
vt 0.100829 0.103775 0.000000
vt 0.088537 0.103775 0.000000
vt 0.076244 0.103775 0.000000
vt 0.063952 0.103775 0.000000
vt 0.051659 0.103775 0.000000
vt 0.038744 0.103775 0.000000
vt 0.025829 0.103775 0.000000
vt 0.019372 0.103775 0.000000
vt 0.012915 0.103775 0.000000
vt 0.006457 0.103775 0.000000
vt 0.590625 0.117012 0.000000
vt 0.581250 0.117012 0.000000
vt 0.571875 0.117012 0.000000
vt 0.562500 0.117012 0.000000
vt 0.553125 0.117012 0.000000
vt 0.543750 0.117012 0.000000
vt 0.534375 0.117012 0.000000
vt 0.525000 0.117012 0.000000
vt 0.515625 0.117012 0.000000
vt 0.506250 0.117012 0.000000
vt 0.496875 0.117012 0.000000
vt 0.487500 0.117012 0.000000
vt 0.478125 0.117012 0.000000
vt 0.468750 0.117012 0.000000
vt 0.459375 0.117012 0.000000
vt 0.450000 0.117012 0.000000
vt 0.442120 0.117012 0.000000
vt 0.434241 0.117012 0.000000
vt 0.426361 0.117012 0.000000
vt 0.418481 0.117012 0.000000
vt 0.410601 0.117012 0.000000
vt 0.402722 0.117012 0.000000
vt 0.394842 0.117012 0.000000
vt 0.386962 0.117012 0.000000
vt 0.379082 0.117012 0.000000
vt 0.371203 0.117012 0.000000
vt 0.363323 0.117012 0.000000
vt 0.355443 0.117012 0.000000
vt 0.347563 0.117012 0.000000
vt 0.339684 0.117012 0.000000
vt 0.331804 0.117012 0.000000
vt 0.323924 0.117012 0.000000
vt 0.316044 0.117012 0.000000
vt 0.308165 0.117012 0.000000
vt 0.300285 0.117012 0.000000
vt 0.292405 0.117012 0.000000
vt 0.284526 0.117012 0.000000
vt 0.276646 0.117012 0.000000
vt 0.268766 0.117012 0.000000
vt 0.260886 0.117012 0.000000
vt 0.253007 0.117012 0.000000
vt 0.245127 0.117012 0.000000
vt 0.237247 0.117012 0.000000
vt 0.229367 0.117012 0.000000
vt 0.221488 0.117012 0.000000
vt 0.213608 0.117012 0.000000
vt 0.205728 0.117012 0.000000
vt 0.197848 0.117012 0.000000
vt 0.185886 0.117012 0.000000
vt 0.173924 0.117012 0.000000
vt 0.161962 0.117012 0.000000
vt 0.150000 0.117012 0.000000
vt 0.143854 0.117012 0.000000
vt 0.137707 0.117012 0.000000
vt 0.125415 0.117012 0.000000
vt 0.113122 0.117012 0.000000
vt 0.100829 0.117012 0.000000
vt 0.088537 0.117012 0.000000
vt 0.076244 0.117012 0.000000
vt 0.063952 0.117012 0.000000
vt 0.051659 0.117012 0.000000
vt 0.038744 0.117012 0.000000
vt 0.025829 0.117012 0.000000
vt 0.019372 0.117012 0.000000
vt 0.012915 0.117012 0.000000
vt 0.006457 0.117012 0.000000
vt 0.590625 0.130249 0.000000
vt 0.581250 0.130249 0.000000
vt 0.571875 0.130249 0.000000
vt 0.562500 0.130249 0.000000
vt 0.553125 0.130249 0.000000
vt 0.543750 0.130249 0.000000
vt 0.534375 0.130249 0.000000
vt 0.525000 0.130249 0.000000
vt 0.515625 0.130249 0.000000
vt 0.506250 0.130249 0.000000
vt 0.496875 0.130249 0.000000
vt 0.487500 0.130249 0.000000
vt 0.478125 0.130249 0.000000
vt 0.468750 0.130249 0.000000
vt 0.459375 0.130249 0.000000
vt 0.450000 0.130249 0.000000
vt 0.442120 0.130249 0.000000
vt 0.434241 0.130249 0.000000
vt 0.426361 0.130249 0.000000
vt 0.418481 0.130249 0.000000
vt 0.410601 0.130249 0.000000
vt 0.402722 0.130249 0.000000
vt 0.394842 0.130249 0.000000
vt 0.386962 0.130249 0.000000
vt 0.379082 0.130249 0.000000
vt 0.371203 0.130249 0.000000
vt 0.363323 0.130249 0.000000
vt 0.355443 0.130249 0.000000
vt 0.347563 0.130249 0.000000
vt 0.339684 0.130249 0.000000
vt 0.331804 0.130249 0.000000
vt 0.323924 0.130249 0.000000
vt 0.316044 0.130249 0.000000
vt 0.308165 0.130249 0.000000
vt 0.300285 0.130249 0.000000
vt 0.292405 0.130249 0.000000
vt 0.284526 0.130249 0.000000
vt 0.276646 0.130249 0.000000
vt 0.268766 0.130249 0.000000
vt 0.260886 0.130249 0.000000
vt 0.253007 0.130249 0.000000
vt 0.245127 0.130249 0.000000
vt 0.237247 0.130249 0.000000
vt 0.229367 0.130249 0.000000
vt 0.221488 0.130249 0.000000
vt 0.213608 0.130249 0.000000
vt 0.205728 0.130249 0.000000
vt 0.197848 0.130249 0.000000
vt 0.185886 0.130249 0.000000
vt 0.173924 0.130249 0.000000
vt 0.161962 0.130249 0.000000
vt 0.150000 0.130249 0.000000
vt 0.143854 0.130249 0.000000
vt 0.137707 0.130249 0.000000
vt 0.125415 0.130249 0.000000
vt 0.113122 0.130249 0.000000
vt 0.100829 0.130249 0.000000
vt 0.088537 0.130249 0.000000
vt 0.076244 0.130249 0.000000
vt 0.063952 0.130249 0.000000
vt 0.051659 0.130249 0.000000
vt 0.038744 0.130249 0.000000
vt 0.025829 0.130249 0.000000
vt 0.019372 0.130249 0.000000
vt 0.012915 0.130249 0.000000
vt 0.006457 0.130249 0.000000
vt 0.590625 0.143485 0.000000
vt 0.581250 0.143485 0.000000
vt 0.571875 0.143485 0.000000
vt 0.562500 0.143485 0.000000
vt 0.553125 0.143485 0.000000
vt 0.543750 0.143485 0.000000
vt 0.534375 0.143485 0.000000
vt 0.525000 0.143485 0.000000
vt 0.515625 0.143485 0.000000
vt 0.506250 0.143485 0.000000
vt 0.496875 0.143485 0.000000
vt 0.487500 0.143485 0.000000
vt 0.478125 0.143485 0.000000
vt 0.468750 0.143485 0.000000
vt 0.459375 0.143485 0.000000
vt 0.450000 0.143485 0.000000
vt 0.442120 0.143485 0.000000
vt 0.434241 0.143485 0.000000
vt 0.426361 0.143485 0.000000
vt 0.418481 0.143485 0.000000
vt 0.410601 0.143485 0.000000
vt 0.402722 0.143485 0.000000
vt 0.394842 0.143485 0.000000
vt 0.386962 0.143485 0.000000
vt 0.379082 0.143485 0.000000
vt 0.371203 0.143485 0.000000
vt 0.363323 0.143485 0.000000
vt 0.355443 0.143485 0.000000
vt 0.347563 0.143485 0.000000
vt 0.339684 0.143485 0.000000
vt 0.331804 0.143485 0.000000
vt 0.323924 0.143485 0.000000
vt 0.316044 0.143485 0.000000
vt 0.308165 0.143485 0.000000
vt 0.300285 0.143485 0.000000
vt 0.292405 0.143485 0.000000
vt 0.284526 0.143485 0.000000
vt 0.276646 0.143485 0.000000
vt 0.268766 0.143485 0.000000
vt 0.260886 0.143485 0.000000
vt 0.253007 0.143485 0.000000
vt 0.245127 0.143485 0.000000
vt 0.237247 0.143485 0.000000
vt 0.229367 0.143485 0.000000
vt 0.221488 0.143485 0.000000
vt 0.213608 0.143485 0.000000
vt 0.205728 0.143485 0.000000
vt 0.197848 0.143485 0.000000
vt 0.185886 0.143485 0.000000
vt 0.173924 0.143485 0.000000
vt 0.161962 0.143485 0.000000
vt 0.150000 0.143485 0.000000
vt 0.143854 0.143485 0.000000
vt 0.137707 0.143485 0.000000
vt 0.125415 0.143485 0.000000
vt 0.113122 0.143485 0.000000
vt 0.100829 0.143485 0.000000
vt 0.088537 0.143485 0.000000
vt 0.076244 0.143485 0.000000
vt 0.063952 0.143485 0.000000
vt 0.051659 0.143485 0.000000
vt 0.038744 0.143485 0.000000
vt 0.025829 0.143485 0.000000
vt 0.019372 0.143485 0.000000
vt 0.012915 0.143485 0.000000
vt 0.006457 0.143485 0.000000
vt 0.590625 0.156722 0.000000
vt 0.581250 0.156722 0.000000
vt 0.571875 0.156722 0.000000
vt 0.562500 0.156722 0.000000
vt 0.553125 0.156722 0.000000
vt 0.543750 0.156722 0.000000
vt 0.534375 0.156722 0.000000
vt 0.525000 0.156722 0.000000
vt 0.515625 0.156722 0.000000
vt 0.506250 0.156722 0.000000
vt 0.496875 0.156722 0.000000
vt 0.487500 0.156722 0.000000
vt 0.478125 0.156722 0.000000
vt 0.468750 0.156722 0.000000
vt 0.459375 0.156722 0.000000
vt 0.450000 0.156722 0.000000
vt 0.442120 0.156722 0.000000
vt 0.434241 0.156722 0.000000
vt 0.426361 0.156722 0.000000
vt 0.418481 0.156722 0.000000
vt 0.410601 0.156722 0.000000
vt 0.402722 0.156722 0.000000
vt 0.394842 0.156722 0.000000
vt 0.386962 0.156722 0.000000
vt 0.379082 0.156722 0.000000
vt 0.371203 0.156722 0.000000
vt 0.363323 0.156722 0.000000
vt 0.355443 0.156722 0.000000
vt 0.347563 0.156722 0.000000
vt 0.339684 0.156722 0.000000
vt 0.331804 0.156722 0.000000
vt 0.323924 0.156722 0.000000
vt 0.316044 0.156722 0.000000
vt 0.308165 0.156722 0.000000
vt 0.300285 0.156722 0.000000
vt 0.292405 0.156722 0.000000
vt 0.284526 0.156722 0.000000
vt 0.276646 0.156722 0.000000
vt 0.268766 0.156722 0.000000
vt 0.260886 0.156722 0.000000
vt 0.253007 0.156722 0.000000
vt 0.245127 0.156722 0.000000
vt 0.237247 0.156722 0.000000
vt 0.229367 0.156722 0.000000
vt 0.221488 0.156722 0.000000
vt 0.213608 0.156722 0.000000
vt 0.205728 0.156722 0.000000
vt 0.197848 0.156722 0.000000
vt 0.185886 0.156722 0.000000
vt 0.173924 0.156722 0.000000
vt 0.161962 0.156722 0.000000
vt 0.150000 0.156722 0.000000
vt 0.143854 0.156722 0.000000
vt 0.137707 0.156722 0.000000
vt 0.125415 0.156722 0.000000
vt 0.113122 0.156722 0.000000
vt 0.100829 0.156722 0.000000
vt 0.088537 0.156722 0.000000
vt 0.076244 0.156722 0.000000
vt 0.063952 0.156722 0.000000
vt 0.051659 0.156722 0.000000
vt 0.038744 0.156722 0.000000
vt 0.025829 0.156722 0.000000
vt 0.019372 0.156722 0.000000
vt 0.012915 0.156722 0.000000
vt 0.006457 0.156722 0.000000
vt 0.590625 0.163997 0.000000
vt 0.581250 0.163997 0.000000
vt 0.571875 0.163997 0.000000
vt 0.562500 0.163997 0.000000
vt 0.553125 0.163997 0.000000
vt 0.543750 0.163997 0.000000
vt 0.534375 0.163997 0.000000
vt 0.525000 0.163997 0.000000
vt 0.515625 0.163997 0.000000
vt 0.506250 0.163997 0.000000
vt 0.496875 0.163997 0.000000
vt 0.487500 0.163997 0.000000
vt 0.478125 0.163997 0.000000
vt 0.468750 0.163997 0.000000
vt 0.459375 0.163997 0.000000
vt 0.450000 0.163997 0.000000
vt 0.442120 0.163997 0.000000
vt 0.434241 0.163997 0.000000
vt 0.426361 0.163997 0.000000
vt 0.418481 0.163997 0.000000
vt 0.410601 0.163997 0.000000
vt 0.402722 0.163997 0.000000
vt 0.394842 0.163997 0.000000
vt 0.386962 0.163997 0.000000
vt 0.379082 0.163997 0.000000
vt 0.371203 0.163997 0.000000
vt 0.363323 0.163997 0.000000
vt 0.355443 0.163997 0.000000
vt 0.347563 0.163997 0.000000
vt 0.339684 0.163997 0.000000
vt 0.331804 0.163997 0.000000
vt 0.323924 0.163997 0.000000
vt 0.316044 0.163997 0.000000
vt 0.308165 0.163997 0.000000
vt 0.300285 0.163997 0.000000
vt 0.292405 0.163997 0.000000
vt 0.284526 0.163997 0.000000
vt 0.276646 0.163997 0.000000
vt 0.268766 0.163997 0.000000
vt 0.260886 0.163997 0.000000
vt 0.253007 0.163997 0.000000
vt 0.245127 0.163997 0.000000
vt 0.237247 0.163997 0.000000
vt 0.229367 0.163997 0.000000
vt 0.221488 0.163997 0.000000
vt 0.213608 0.163997 0.000000
vt 0.205728 0.163997 0.000000
vt 0.197848 0.163997 0.000000
vt 0.185886 0.163997 0.000000
vt 0.173924 0.163997 0.000000
vt 0.161962 0.163997 0.000000
vt 0.150000 0.163997 0.000000
vt 0.143854 0.163997 0.000000
vt 0.137707 0.163997 0.000000
vt 0.125415 0.163997 0.000000
vt 0.113122 0.163997 0.000000
vt 0.100829 0.163997 0.000000
vt 0.088537 0.163997 0.000000
vt 0.076244 0.163997 0.000000
vt 0.063952 0.163997 0.000000
vt 0.051659 0.163997 0.000000
vt 0.038744 0.163997 0.000000
vt 0.025829 0.163997 0.000000
vt 0.019372 0.163997 0.000000
vt 0.012915 0.163997 0.000000
vt 0.006457 0.163997 0.000000
vt 0.590625 0.171271 0.000000
vt 0.581250 0.171271 0.000000
vt 0.571875 0.171271 0.000000
vt 0.562500 0.171271 0.000000
vt 0.553125 0.171271 0.000000
vt 0.543750 0.171271 0.000000
vt 0.534375 0.171271 0.000000
vt 0.525000 0.171271 0.000000
vt 0.515625 0.171271 0.000000
vt 0.506250 0.171271 0.000000
vt 0.496875 0.171271 0.000000
vt 0.487500 0.171271 0.000000
vt 0.478125 0.171271 0.000000
vt 0.468750 0.171271 0.000000
vt 0.459375 0.171271 0.000000
vt 0.450000 0.171271 0.000000
vt 0.442120 0.171271 0.000000
vt 0.434241 0.171271 0.000000
vt 0.426361 0.171271 0.000000
vt 0.418481 0.171271 0.000000
vt 0.410601 0.171271 0.000000
vt 0.402722 0.171271 0.000000
vt 0.394842 0.171271 0.000000
vt 0.386962 0.171271 0.000000
vt 0.379082 0.171271 0.000000
vt 0.371203 0.171271 0.000000
vt 0.363323 0.171271 0.000000
vt 0.355443 0.171271 0.000000
vt 0.347563 0.171271 0.000000
vt 0.339684 0.171271 0.000000
vt 0.331804 0.171271 0.000000
vt 0.323924 0.171271 0.000000
vt 0.316044 0.171271 0.000000
vt 0.308165 0.171271 0.000000
vt 0.300285 0.171271 0.000000
vt 0.292405 0.171271 0.000000
vt 0.284526 0.171271 0.000000
vt 0.276646 0.171271 0.000000
vt 0.268766 0.171271 0.000000
vt 0.260886 0.171271 0.000000
vt 0.253007 0.171271 0.000000
vt 0.245127 0.171271 0.000000
vt 0.237247 0.171271 0.000000
vt 0.229367 0.171271 0.000000
vt 0.221488 0.171271 0.000000
vt 0.213608 0.171271 0.000000
vt 0.205728 0.171271 0.000000
vt 0.197848 0.171271 0.000000
vt 0.185886 0.171271 0.000000
vt 0.173924 0.171271 0.000000
vt 0.161962 0.171271 0.000000
vt 0.150000 0.171271 0.000000
vt 0.143854 0.171271 0.000000
vt 0.137707 0.171271 0.000000
vt 0.125415 0.171271 0.000000
vt 0.113122 0.171271 0.000000
vt 0.100829 0.171271 0.000000
vt 0.088537 0.171271 0.000000
vt 0.076244 0.171271 0.000000
vt 0.063952 0.171271 0.000000
vt 0.051659 0.171271 0.000000
vt 0.038744 0.171271 0.000000
vt 0.025829 0.171271 0.000000
vt 0.019372 0.171271 0.000000
vt 0.012915 0.171271 0.000000
vt 0.006457 0.171271 0.000000
vt 0.590625 0.179248 0.000000
vt 0.581250 0.179248 0.000000
vt 0.571875 0.179248 0.000000
vt 0.562500 0.179248 0.000000
vt 0.553125 0.179248 0.000000
vt 0.543750 0.179248 0.000000
vt 0.534375 0.179248 0.000000
vt 0.525000 0.179248 0.000000
vt 0.515625 0.179248 0.000000
vt 0.506250 0.179248 0.000000
vt 0.496875 0.179248 0.000000
vt 0.487500 0.179248 0.000000
vt 0.478125 0.179248 0.000000
vt 0.468750 0.179248 0.000000
vt 0.459375 0.179248 0.000000
vt 0.450000 0.179248 0.000000
vt 0.442120 0.179248 0.000000
vt 0.434241 0.179248 0.000000
vt 0.426361 0.179248 0.000000
vt 0.418481 0.179248 0.000000
vt 0.410601 0.179248 0.000000
vt 0.402722 0.179248 0.000000
vt 0.394842 0.179248 0.000000
vt 0.386962 0.179248 0.000000
vt 0.379082 0.179248 0.000000
vt 0.371203 0.179248 0.000000
vt 0.363323 0.179248 0.000000
vt 0.355443 0.179248 0.000000
vt 0.347563 0.179248 0.000000
vt 0.339684 0.179248 0.000000
vt 0.331804 0.179248 0.000000
vt 0.323924 0.179248 0.000000
vt 0.316044 0.179248 0.000000
vt 0.308165 0.179248 0.000000
vt 0.300285 0.179248 0.000000
vt 0.292405 0.179248 0.000000
vt 0.284526 0.179248 0.000000
vt 0.276646 0.179248 0.000000
vt 0.268766 0.179248 0.000000
vt 0.260886 0.179248 0.000000
vt 0.253007 0.179248 0.000000
vt 0.245127 0.179248 0.000000
vt 0.237247 0.179248 0.000000
vt 0.229367 0.179248 0.000000
vt 0.221488 0.179248 0.000000
vt 0.213608 0.179248 0.000000
vt 0.205728 0.179248 0.000000
vt 0.197848 0.179248 0.000000
vt 0.185886 0.179248 0.000000
vt 0.173924 0.179248 0.000000
vt 0.161962 0.179248 0.000000
vt 0.150000 0.179248 0.000000
vt 0.143854 0.179248 0.000000
vt 0.137707 0.179248 0.000000
vt 0.125415 0.179248 0.000000
vt 0.113122 0.179248 0.000000
vt 0.100829 0.179248 0.000000
vt 0.088537 0.179248 0.000000
vt 0.076244 0.179248 0.000000
vt 0.063952 0.179248 0.000000
vt 0.051659 0.179248 0.000000
vt 0.038744 0.179248 0.000000
vt 0.025829 0.179248 0.000000
vt 0.019372 0.179248 0.000000
vt 0.012915 0.179248 0.000000
vt 0.006457 0.179248 0.000000
vt 0.581250 0.187224 0.000000
vt 0.571875 0.187224 0.000000
vt 0.562500 0.187224 0.000000
vt 0.553125 0.187224 0.000000
vt 0.543750 0.187224 0.000000
vt 0.534375 0.187224 0.000000
vt 0.525000 0.187224 0.000000
vt 0.515625 0.187224 0.000000
vt 0.506250 0.187224 0.000000
vt 0.496875 0.187224 0.000000
vt 0.487500 0.187224 0.000000
vt 0.478125 0.187224 0.000000
vt 0.468750 0.187224 0.000000
vt 0.459375 0.187224 0.000000
vt 0.450000 0.187224 0.000000
vt 0.442120 0.187224 0.000000
vt 0.434241 0.187224 0.000000
vt 0.426361 0.187224 0.000000
vt 0.418481 0.187224 0.000000
vt 0.410601 0.187224 0.000000
vt 0.402722 0.187224 0.000000
vt 0.394842 0.187224 0.000000
vt 0.386962 0.187224 0.000000
vt 0.379082 0.187224 0.000000
vt 0.371203 0.187224 0.000000
vt 0.363323 0.187224 0.000000
vt 0.355443 0.187224 0.000000
vt 0.347563 0.187224 0.000000
vt 0.339684 0.187224 0.000000
vt 0.331804 0.187224 0.000000
vt 0.323924 0.187224 0.000000
vt 0.316044 0.187224 0.000000
vt 0.308165 0.187224 0.000000
vt 0.300285 0.187224 0.000000
vt 0.292405 0.187224 0.000000
vt 0.284526 0.187224 0.000000
vt 0.276646 0.187224 0.000000
vt 0.268766 0.187224 0.000000
vt 0.260886 0.187224 0.000000
vt 0.253007 0.187224 0.000000
vt 0.245127 0.187224 0.000000
vt 0.237247 0.187224 0.000000
vt 0.229367 0.187224 0.000000
vt 0.221488 0.187224 0.000000
vt 0.213608 0.187224 0.000000
vt 0.205728 0.187224 0.000000
vt 0.197848 0.187224 0.000000
vt 0.185886 0.187224 0.000000
vt 0.173924 0.187224 0.000000
vt 0.161962 0.187224 0.000000
vt 0.150000 0.187224 0.000000
vt 0.143854 0.187224 0.000000
vt 0.137707 0.187224 0.000000
vt 0.125415 0.187224 0.000000
vt 0.113122 0.187224 0.000000
vt 0.100829 0.187224 0.000000
vt 0.088537 0.187224 0.000000
vt 0.076244 0.187224 0.000000
vt 0.063952 0.187224 0.000000
vt 0.051659 0.187224 0.000000
vt 0.038744 0.187224 0.000000
vt 0.025829 0.187224 0.000000
vt 0.019372 0.187224 0.000000
vt 0.012915 0.187224 0.000000
vt 0.590625 0.203177 0.000000
vt 0.581250 0.203177 0.000000
vt 0.571875 0.203177 0.000000
vt 0.562500 0.203177 0.000000
vt 0.553125 0.203177 0.000000
vt 0.543750 0.203177 0.000000
vt 0.534375 0.203177 0.000000
vt 0.525000 0.203177 0.000000
vt 0.515625 0.203177 0.000000
vt 0.506250 0.203177 0.000000
vt 0.496875 0.203177 0.000000
vt 0.487500 0.203177 0.000000
vt 0.478125 0.203177 0.000000
vt 0.468750 0.203177 0.000000
vt 0.459375 0.203177 0.000000
vt 0.450000 0.203177 0.000000
vt 0.442120 0.203177 0.000000
vt 0.434241 0.203177 0.000000
vt 0.426361 0.203177 0.000000
vt 0.418481 0.203177 0.000000
vt 0.410601 0.203177 0.000000
vt 0.402722 0.203177 0.000000
vt 0.394842 0.203177 0.000000
vt 0.386962 0.203177 0.000000
vt 0.379082 0.203177 0.000000
vt 0.371203 0.203177 0.000000
vt 0.363323 0.203177 0.000000
vt 0.355443 0.203177 0.000000
vt 0.347563 0.203177 0.000000
vt 0.339684 0.203177 0.000000
vt 0.331804 0.203177 0.000000
vt 0.323924 0.203177 0.000000
vt 0.316044 0.203177 0.000000
vt 0.308165 0.203177 0.000000
vt 0.300285 0.203177 0.000000
vt 0.292405 0.203177 0.000000
vt 0.284526 0.203177 0.000000
vt 0.276646 0.203177 0.000000
vt 0.268766 0.203177 0.000000
vt 0.260886 0.203177 0.000000
vt 0.253007 0.203177 0.000000
vt 0.245127 0.203177 0.000000
vt 0.237247 0.203177 0.000000
vt 0.229367 0.203177 0.000000
vt 0.221488 0.203177 0.000000
vt 0.213608 0.203177 0.000000
vt 0.205728 0.203177 0.000000
vt 0.197848 0.203177 0.000000
vt 0.185886 0.203177 0.000000
vt 0.173924 0.203177 0.000000
vt 0.161962 0.203177 0.000000
vt 0.150000 0.203177 0.000000
vt 0.143854 0.203177 0.000000
vt 0.137707 0.203177 0.000000
vt 0.125415 0.203177 0.000000
vt 0.113122 0.203177 0.000000
vt 0.100829 0.203177 0.000000
vt 0.088537 0.203177 0.000000
vt 0.076244 0.203177 0.000000
vt 0.063952 0.203177 0.000000
vt 0.051659 0.203177 0.000000
vt 0.038744 0.203177 0.000000
vt 0.025829 0.203177 0.000000
vt 0.019372 0.203177 0.000000
vt 0.012915 0.203177 0.000000
vt 0.006457 0.203177 0.000000
vt 0.006457 0.195201 0.000000
vt 0.012915 0.195201 0.000000
vt 0.019372 0.195201 0.000000
vt 0.025829 0.195201 0.000000
vt 0.038744 0.195201 0.000000
vt 0.051659 0.195201 0.000000
vt 0.063952 0.195201 0.000000
vt 0.076244 0.195201 0.000000
vt 0.088537 0.195201 0.000000
vt 0.100829 0.195201 0.000000
vt 0.113122 0.195201 0.000000
vt 0.125415 0.195201 0.000000
vt 0.137707 0.195201 0.000000
vt 0.143854 0.195201 0.000000
vt 0.150000 0.195201 0.000000
vt 0.161962 0.195201 0.000000
vt 0.173924 0.195201 0.000000
vt 0.185886 0.195201 0.000000
vt 0.197848 0.195201 0.000000
vt 0.205728 0.195201 0.000000
vt 0.213608 0.195201 0.000000
vt 0.221488 0.195201 0.000000
vt 0.229367 0.195201 0.000000
vt 0.237247 0.195201 0.000000
vt 0.245127 0.195201 0.000000
vt 0.253007 0.195201 0.000000
vt 0.260886 0.195201 0.000000
vt 0.268766 0.195201 0.000000
vt 0.276646 0.195201 0.000000
vt 0.284526 0.195201 0.000000
vt 0.292405 0.195201 0.000000
vt 0.300285 0.195201 0.000000
vt 0.308165 0.195201 0.000000
vt 0.316044 0.195201 0.000000
vt 0.323924 0.195201 0.000000
vt 0.331804 0.195201 0.000000
vt 0.339684 0.195201 0.000000
vt 0.347563 0.195201 0.000000
vt 0.355443 0.195201 0.000000
vt 0.363323 0.195201 0.000000
vt 0.371203 0.195201 0.000000
vt 0.379082 0.195201 0.000000
vt 0.386962 0.195201 0.000000
vt 0.394842 0.195201 0.000000
vt 0.402722 0.195201 0.000000
vt 0.410601 0.195201 0.000000
vt 0.418481 0.195201 0.000000
vt 0.426361 0.195201 0.000000
vt 0.434241 0.195201 0.000000
vt 0.442120 0.195201 0.000000
vt 0.450000 0.195201 0.000000
vt 0.459375 0.195201 0.000000
vt 0.468750 0.195201 0.000000
vt 0.478125 0.195201 0.000000
vt 0.487500 0.195201 0.000000
vt 0.496875 0.195201 0.000000
vt 0.506250 0.195201 0.000000
vt 0.515625 0.195201 0.000000
vt 0.525000 0.195201 0.000000
vt 0.534375 0.195201 0.000000
vt 0.543750 0.195201 0.000000
vt 0.553125 0.195201 0.000000
vt 0.562500 0.195201 0.000000
vt 0.571875 0.195201 0.000000
vt 0.581250 0.195201 0.000000
vt 0.590625 0.195201 0.000000
vt 0.590625 0.211154 0.000000
vt 0.581250 0.211154 0.000000
vt 0.571875 0.211154 0.000000
vt 0.562500 0.211154 0.000000
vt 0.553125 0.211154 0.000000
vt 0.543750 0.211154 0.000000
vt 0.534375 0.211154 0.000000
vt 0.525000 0.211154 0.000000
vt 0.515625 0.211154 0.000000
vt 0.506250 0.211154 0.000000
vt 0.496875 0.211154 0.000000
vt 0.487500 0.211154 0.000000
vt 0.478125 0.211154 0.000000
vt 0.468750 0.211154 0.000000
vt 0.459375 0.211154 0.000000
vt 0.450000 0.211154 0.000000
vt 0.442120 0.211154 0.000000
vt 0.434241 0.211154 0.000000
vt 0.426361 0.211154 0.000000
vt 0.418481 0.211154 0.000000
vt 0.410601 0.211154 0.000000
vt 0.402722 0.211154 0.000000
vt 0.394842 0.211154 0.000000
vt 0.386962 0.211154 0.000000
vt 0.379082 0.211154 0.000000
vt 0.371203 0.211154 0.000000
vt 0.363323 0.211154 0.000000
vt 0.355443 0.211154 0.000000
vt 0.347563 0.211154 0.000000
vt 0.339684 0.211154 0.000000
vt 0.331804 0.211154 0.000000
vt 0.323924 0.211154 0.000000
vt 0.316044 0.211154 0.000000
vt 0.308165 0.211154 0.000000
vt 0.300285 0.211154 0.000000
vt 0.292405 0.211154 0.000000
vt 0.284526 0.211154 0.000000
vt 0.276646 0.211154 0.000000
vt 0.268766 0.211154 0.000000
vt 0.260886 0.211154 0.000000
vt 0.253007 0.211154 0.000000
vt 0.245127 0.211154 0.000000
vt 0.237247 0.211154 0.000000
vt 0.229367 0.211154 0.000000
vt 0.221488 0.211154 0.000000
vt 0.213608 0.211154 0.000000
vt 0.205728 0.211154 0.000000
vt 0.197848 0.211154 0.000000
vt 0.185886 0.211154 0.000000
vt 0.173924 0.211154 0.000000
vt 0.161962 0.211154 0.000000
vt 0.150000 0.211154 0.000000
vt 0.143854 0.211154 0.000000
vt 0.137707 0.211154 0.000000
vt 0.125415 0.211154 0.000000
vt 0.113122 0.211154 0.000000
vt 0.100829 0.211154 0.000000
vt 0.088537 0.211154 0.000000
vt 0.076244 0.211154 0.000000
vt 0.063952 0.211154 0.000000
vt 0.051659 0.211154 0.000000
vt 0.038744 0.211154 0.000000
vt 0.025829 0.211154 0.000000
vt 0.019372 0.211154 0.000000
vt 0.012915 0.211154 0.000000
vt 0.006457 0.211154 0.000000
vt 0.590625 0.219130 0.000000
vt 0.581250 0.219130 0.000000
vt 0.571875 0.219130 0.000000
vt 0.562500 0.219130 0.000000
vt 0.553125 0.219130 0.000000
vt 0.543750 0.219130 0.000000
vt 0.534375 0.219130 0.000000
vt 0.525000 0.219130 0.000000
vt 0.515625 0.219130 0.000000
vt 0.506250 0.219130 0.000000
vt 0.496875 0.219130 0.000000
vt 0.487500 0.219130 0.000000
vt 0.478125 0.219130 0.000000
vt 0.468750 0.219130 0.000000
vt 0.459375 0.219130 0.000000
vt 0.450000 0.219130 0.000000
vt 0.442120 0.219130 0.000000
vt 0.434241 0.219130 0.000000
vt 0.426361 0.219130 0.000000
vt 0.418481 0.219130 0.000000
vt 0.410601 0.219130 0.000000
vt 0.402722 0.219130 0.000000
vt 0.394842 0.219130 0.000000
vt 0.386962 0.219130 0.000000
vt 0.379082 0.219130 0.000000
vt 0.371203 0.219130 0.000000
vt 0.363323 0.219130 0.000000
vt 0.355443 0.219130 0.000000
vt 0.347563 0.219130 0.000000
vt 0.339684 0.219130 0.000000
vt 0.331804 0.219130 0.000000
vt 0.323924 0.219130 0.000000
vt 0.316044 0.219130 0.000000
vt 0.308165 0.219130 0.000000
vt 0.300285 0.219130 0.000000
vt 0.292405 0.219130 0.000000
vt 0.284526 0.219130 0.000000
vt 0.276646 0.219130 0.000000
vt 0.268766 0.219130 0.000000
vt 0.260886 0.219130 0.000000
vt 0.253007 0.219130 0.000000
vt 0.245127 0.219130 0.000000
vt 0.237247 0.219130 0.000000
vt 0.229367 0.219130 0.000000
vt 0.221488 0.219130 0.000000
vt 0.213608 0.219130 0.000000
vt 0.205728 0.219130 0.000000
vt 0.197848 0.219130 0.000000
vt 0.185886 0.219130 0.000000
vt 0.173924 0.219130 0.000000
vt 0.161962 0.219130 0.000000
vt 0.150000 0.219130 0.000000
vt 0.143854 0.219130 0.000000
vt 0.137707 0.219130 0.000000
vt 0.125415 0.219130 0.000000
vt 0.113122 0.219130 0.000000
vt 0.100829 0.219130 0.000000
vt 0.088537 0.219130 0.000000
vt 0.076244 0.219130 0.000000
vt 0.063952 0.219130 0.000000
vt 0.051659 0.219130 0.000000
vt 0.038744 0.219130 0.000000
vt 0.025829 0.219130 0.000000
vt 0.019372 0.219130 0.000000
vt 0.012915 0.219130 0.000000
vt 0.006457 0.219130 0.000000
vt 0.590625 0.227107 0.000000
vt 0.581250 0.227107 0.000000
vt 0.571875 0.227107 0.000000
vt 0.562500 0.227107 0.000000
vt 0.553125 0.227107 0.000000
vt 0.543750 0.227107 0.000000
vt 0.534375 0.227107 0.000000
vt 0.525000 0.227107 0.000000
vt 0.515625 0.227107 0.000000
vt 0.506250 0.227107 0.000000
vt 0.496875 0.227107 0.000000
vt 0.487500 0.227107 0.000000
vt 0.478125 0.227107 0.000000
vt 0.468750 0.227107 0.000000
vt 0.459375 0.227107 0.000000
vt 0.450000 0.227107 0.000000
vt 0.442120 0.227107 0.000000
vt 0.434241 0.227107 0.000000
vt 0.426361 0.227107 0.000000
vt 0.418481 0.227107 0.000000
vt 0.410601 0.227107 0.000000
vt 0.402722 0.227107 0.000000
vt 0.394842 0.227107 0.000000
vt 0.386962 0.227107 0.000000
vt 0.379082 0.227107 0.000000
vt 0.371203 0.227107 0.000000
vt 0.363323 0.227107 0.000000
vt 0.355443 0.227107 0.000000
vt 0.347563 0.227107 0.000000
vt 0.339684 0.227107 0.000000
vt 0.331804 0.227107 0.000000
vt 0.323924 0.227107 0.000000
vt 0.316044 0.227107 0.000000
vt 0.308165 0.227107 0.000000
vt 0.300285 0.227107 0.000000
vt 0.292405 0.227107 0.000000
vt 0.284526 0.227107 0.000000
vt 0.276646 0.227107 0.000000
vt 0.268766 0.227107 0.000000
vt 0.260886 0.227107 0.000000
vt 0.253007 0.227107 0.000000
vt 0.245127 0.227107 0.000000
vt 0.237247 0.227107 0.000000
vt 0.229367 0.227107 0.000000
vt 0.221488 0.227107 0.000000
vt 0.213608 0.227107 0.000000
vt 0.205728 0.227107 0.000000
vt 0.197848 0.227107 0.000000
vt 0.185886 0.227107 0.000000
vt 0.173924 0.227107 0.000000
vt 0.161962 0.227107 0.000000
vt 0.150000 0.227107 0.000000
vt 0.143854 0.227107 0.000000
vt 0.137707 0.227107 0.000000
vt 0.125415 0.227107 0.000000
vt 0.113122 0.227107 0.000000
vt 0.100829 0.227107 0.000000
vt 0.088537 0.227107 0.000000
vt 0.076244 0.227107 0.000000
vt 0.063952 0.227107 0.000000
vt 0.051659 0.227107 0.000000
vt 0.038744 0.227107 0.000000
vt 0.025829 0.227107 0.000000
vt 0.019372 0.227107 0.000000
vt 0.012915 0.227107 0.000000
vt 0.006457 0.227107 0.000000
vt 0.590625 0.243451 0.000000
vt 0.581250 0.243451 0.000000
vt 0.571875 0.243451 0.000000
vt 0.562500 0.243451 0.000000
vt 0.553125 0.243451 0.000000
vt 0.543750 0.243451 0.000000
vt 0.534375 0.243451 0.000000
vt 0.525000 0.243451 0.000000
vt 0.515625 0.243451 0.000000
vt 0.506250 0.243451 0.000000
vt 0.496875 0.243451 0.000000
vt 0.487500 0.243451 0.000000
vt 0.478125 0.243451 0.000000
vt 0.468750 0.243451 0.000000
vt 0.459375 0.243451 0.000000
vt 0.450000 0.243451 0.000000
vt 0.442120 0.243451 0.000000
vt 0.434241 0.243451 0.000000
vt 0.426361 0.243451 0.000000
vt 0.418481 0.243451 0.000000
vt 0.410601 0.243451 0.000000
vt 0.402722 0.243451 0.000000
vt 0.394842 0.243451 0.000000
vt 0.386962 0.243451 0.000000
vt 0.379082 0.243451 0.000000
vt 0.371203 0.243451 0.000000
vt 0.363323 0.243451 0.000000
vt 0.355443 0.243451 0.000000
vt 0.347563 0.243451 0.000000
vt 0.339684 0.243451 0.000000
vt 0.331804 0.243451 0.000000
vt 0.323924 0.243451 0.000000
vt 0.316044 0.243451 0.000000
vt 0.308165 0.243451 0.000000
vt 0.300285 0.243451 0.000000
vt 0.292405 0.243451 0.000000
vt 0.284526 0.243451 0.000000
vt 0.276646 0.243451 0.000000
vt 0.268766 0.243451 0.000000
vt 0.260886 0.243451 0.000000
vt 0.253007 0.243451 0.000000
vt 0.245127 0.243451 0.000000
vt 0.237247 0.243451 0.000000
vt 0.229367 0.243451 0.000000
vt 0.221488 0.243451 0.000000
vt 0.213608 0.243451 0.000000
vt 0.205728 0.243451 0.000000
vt 0.197848 0.243451 0.000000
vt 0.185886 0.243451 0.000000
vt 0.173924 0.243451 0.000000
vt 0.161962 0.243451 0.000000
vt 0.150000 0.243451 0.000000
vt 0.143854 0.243451 0.000000
vt 0.137707 0.243451 0.000000
vt 0.125415 0.243451 0.000000
vt 0.113122 0.243451 0.000000
vt 0.100829 0.243451 0.000000
vt 0.088537 0.243451 0.000000
vt 0.076244 0.243451 0.000000
vt 0.063952 0.243451 0.000000
vt 0.051659 0.243451 0.000000
vt 0.038744 0.243451 0.000000
vt 0.025829 0.243451 0.000000
vt 0.019372 0.243451 0.000000
vt 0.012915 0.243451 0.000000
vt 0.006457 0.243451 0.000000
vt 0.006457 0.235083 0.000000
vt 0.012915 0.235083 0.000000
vt 0.019372 0.235083 0.000000
vt 0.025829 0.235083 0.000000
vt 0.038744 0.235083 0.000000
vt 0.051659 0.235083 0.000000
vt 0.063952 0.235083 0.000000
vt 0.076244 0.235083 0.000000
vt 0.088537 0.235083 0.000000
vt 0.100829 0.235083 0.000000
vt 0.113122 0.235083 0.000000
vt 0.125415 0.235083 0.000000
vt 0.137707 0.235083 0.000000
vt 0.143854 0.235083 0.000000
vt 0.150000 0.235083 0.000000
vt 0.161962 0.235083 0.000000
vt 0.173924 0.235083 0.000000
vt 0.185886 0.235083 0.000000
vt 0.197848 0.235083 0.000000
vt 0.205728 0.235083 0.000000
vt 0.213608 0.235083 0.000000
vt 0.221488 0.235083 0.000000
vt 0.229367 0.235083 0.000000
vt 0.237247 0.235083 0.000000
vt 0.245127 0.235083 0.000000
vt 0.253007 0.235083 0.000000
vt 0.260886 0.235083 0.000000
vt 0.268766 0.235083 0.000000
vt 0.276646 0.235083 0.000000
vt 0.284526 0.235083 0.000000
vt 0.292405 0.235083 0.000000
vt 0.300285 0.235083 0.000000
vt 0.308165 0.235083 0.000000
vt 0.316044 0.235083 0.000000
vt 0.323924 0.235083 0.000000
vt 0.331804 0.235083 0.000000
vt 0.339684 0.235083 0.000000
vt 0.347563 0.235083 0.000000
vt 0.355443 0.235083 0.000000
vt 0.363323 0.235083 0.000000
vt 0.371203 0.235083 0.000000
vt 0.379082 0.235083 0.000000
vt 0.386962 0.235083 0.000000
vt 0.394842 0.235083 0.000000
vt 0.402722 0.235083 0.000000
vt 0.410601 0.235083 0.000000
vt 0.418481 0.235083 0.000000
vt 0.426361 0.235083 0.000000
vt 0.434241 0.235083 0.000000
vt 0.442120 0.235083 0.000000
vt 0.450000 0.235083 0.000000
vt 0.459375 0.235083 0.000000
vt 0.468750 0.235083 0.000000
vt 0.478125 0.235083 0.000000
vt 0.487500 0.235083 0.000000
vt 0.496875 0.235083 0.000000
vt 0.506250 0.235083 0.000000
vt 0.515625 0.235083 0.000000
vt 0.525000 0.235083 0.000000
vt 0.534375 0.235083 0.000000
vt 0.543750 0.235083 0.000000
vt 0.553125 0.235083 0.000000
vt 0.562500 0.235083 0.000000
vt 0.571875 0.235083 0.000000
vt 0.581250 0.235083 0.000000
vt 0.590625 0.235083 0.000000
vt 0.590625 0.251818 0.000000
vt 0.581250 0.251818 0.000000
vt 0.571875 0.251818 0.000000
vt 0.562500 0.251818 0.000000
vt 0.553125 0.251818 0.000000
vt 0.543750 0.251818 0.000000
vt 0.534375 0.251818 0.000000
vt 0.525000 0.251818 0.000000
vt 0.515625 0.251818 0.000000
vt 0.506250 0.251818 0.000000
vt 0.496875 0.251818 0.000000
vt 0.487500 0.251818 0.000000
vt 0.478125 0.251818 0.000000
vt 0.468750 0.251818 0.000000
vt 0.459375 0.251818 0.000000
vt 0.450000 0.251818 0.000000
vt 0.442120 0.251818 0.000000
vt 0.434241 0.251818 0.000000
vt 0.426361 0.251818 0.000000
vt 0.418481 0.251818 0.000000
vt 0.410601 0.251818 0.000000
vt 0.402722 0.251818 0.000000
vt 0.394842 0.251818 0.000000
vt 0.386962 0.251818 0.000000
vt 0.379082 0.251818 0.000000
vt 0.371203 0.251818 0.000000
vt 0.363323 0.251818 0.000000
vt 0.355443 0.251818 0.000000
vt 0.347563 0.251818 0.000000
vt 0.339684 0.251818 0.000000
vt 0.331804 0.251818 0.000000
vt 0.323924 0.251818 0.000000
vt 0.316044 0.251818 0.000000
vt 0.308165 0.251818 0.000000
vt 0.300285 0.251818 0.000000
vt 0.292405 0.251818 0.000000
vt 0.284526 0.251818 0.000000
vt 0.276646 0.251818 0.000000
vt 0.268766 0.251818 0.000000
vt 0.260886 0.251818 0.000000
vt 0.253007 0.251818 0.000000
vt 0.245127 0.251818 0.000000
vt 0.237247 0.251818 0.000000
vt 0.229367 0.251818 0.000000
vt 0.221488 0.251818 0.000000
vt 0.213608 0.251818 0.000000
vt 0.205728 0.251818 0.000000
vt 0.197848 0.251818 0.000000
vt 0.185886 0.251818 0.000000
vt 0.173924 0.251818 0.000000
vt 0.161962 0.251818 0.000000
vt 0.150000 0.251818 0.000000
vt 0.143854 0.251818 0.000000
vt 0.137707 0.251818 0.000000
vt 0.125415 0.251818 0.000000
vt 0.113122 0.251818 0.000000
vt 0.100829 0.251818 0.000000
vt 0.088537 0.251818 0.000000
vt 0.076244 0.251818 0.000000
vt 0.063952 0.251818 0.000000
vt 0.051659 0.251818 0.000000
vt 0.038744 0.251818 0.000000
vt 0.025829 0.251818 0.000000
vt 0.019372 0.251818 0.000000
vt 0.012915 0.251818 0.000000
vt 0.006457 0.251818 0.000000
vt 0.590625 0.259521 0.000000
vt 0.581250 0.259521 0.000000
vt 0.571875 0.259521 0.000000
vt 0.562500 0.259521 0.000000
vt 0.553125 0.259521 0.000000
vt 0.543750 0.259521 0.000000
vt 0.534375 0.259521 0.000000
vt 0.525000 0.259521 0.000000
vt 0.515625 0.259521 0.000000
vt 0.506250 0.259521 0.000000
vt 0.496875 0.259521 0.000000
vt 0.487500 0.259521 0.000000
vt 0.478125 0.259521 0.000000
vt 0.468750 0.259521 0.000000
vt 0.459375 0.259521 0.000000
vt 0.450000 0.259521 0.000000
vt 0.442120 0.259521 0.000000
vt 0.434241 0.259521 0.000000
vt 0.426361 0.259521 0.000000
vt 0.418481 0.259521 0.000000
vt 0.410601 0.259521 0.000000
vt 0.402722 0.259521 0.000000
vt 0.394842 0.259521 0.000000
vt 0.386962 0.259521 0.000000
vt 0.379082 0.259521 0.000000
vt 0.371203 0.259521 0.000000
vt 0.363323 0.259521 0.000000
vt 0.355443 0.259521 0.000000
vt 0.347563 0.259521 0.000000
vt 0.339684 0.259521 0.000000
vt 0.331804 0.259521 0.000000
vt 0.323924 0.259521 0.000000
vt 0.316044 0.259521 0.000000
vt 0.308165 0.259521 0.000000
vt 0.300285 0.259521 0.000000
vt 0.292405 0.259521 0.000000
vt 0.284526 0.259521 0.000000
vt 0.276646 0.259521 0.000000
vt 0.268766 0.259521 0.000000
vt 0.260886 0.259521 0.000000
vt 0.253007 0.259521 0.000000
vt 0.245127 0.259521 0.000000
vt 0.237247 0.259521 0.000000
vt 0.229367 0.259521 0.000000
vt 0.221488 0.259521 0.000000
vt 0.213608 0.259521 0.000000
vt 0.205728 0.259521 0.000000
vt 0.197848 0.259521 0.000000
vt 0.185886 0.259521 0.000000
vt 0.173924 0.259521 0.000000
vt 0.161962 0.259521 0.000000
vt 0.150000 0.259521 0.000000
vt 0.143854 0.259521 0.000000
vt 0.137707 0.259521 0.000000
vt 0.125415 0.259521 0.000000
vt 0.113122 0.259521 0.000000
vt 0.100829 0.259521 0.000000
vt 0.088537 0.259521 0.000000
vt 0.076244 0.259521 0.000000
vt 0.063952 0.259521 0.000000
vt 0.051659 0.259521 0.000000
vt 0.038744 0.259521 0.000000
vt 0.025829 0.259521 0.000000
vt 0.019372 0.259521 0.000000
vt 0.012915 0.259521 0.000000
vt 0.006457 0.259521 0.000000
vt 0.590625 0.267225 0.000000
vt 0.581250 0.267225 0.000000
vt 0.571875 0.267225 0.000000
vt 0.562500 0.267225 0.000000
vt 0.553125 0.267225 0.000000
vt 0.543750 0.267225 0.000000
vt 0.534375 0.267225 0.000000
vt 0.525000 0.267225 0.000000
vt 0.515625 0.267225 0.000000
vt 0.506250 0.267225 0.000000
vt 0.496875 0.267225 0.000000
vt 0.487500 0.267225 0.000000
vt 0.478125 0.267225 0.000000
vt 0.468750 0.267225 0.000000
vt 0.459375 0.267225 0.000000
vt 0.450000 0.267225 0.000000
vt 0.442120 0.267225 0.000000
vt 0.434241 0.267225 0.000000
vt 0.426361 0.267225 0.000000
vt 0.418481 0.267225 0.000000
vt 0.410601 0.267225 0.000000
vt 0.402722 0.267225 0.000000
vt 0.394842 0.267225 0.000000
vt 0.386962 0.267225 0.000000
vt 0.379082 0.267225 0.000000
vt 0.371203 0.267225 0.000000
vt 0.363323 0.267225 0.000000
vt 0.355443 0.267225 0.000000
vt 0.347563 0.267225 0.000000
vt 0.339684 0.267225 0.000000
vt 0.331804 0.267225 0.000000
vt 0.323924 0.267225 0.000000
vt 0.316044 0.267225 0.000000
vt 0.308165 0.267225 0.000000
vt 0.300285 0.267225 0.000000
vt 0.292405 0.267225 0.000000
vt 0.284526 0.267225 0.000000
vt 0.276646 0.267225 0.000000
vt 0.268766 0.267225 0.000000
vt 0.260886 0.267225 0.000000
vt 0.253007 0.267225 0.000000
vt 0.245127 0.267225 0.000000
vt 0.237247 0.267225 0.000000
vt 0.229367 0.267225 0.000000
vt 0.221488 0.267225 0.000000
vt 0.213608 0.267225 0.000000
vt 0.205728 0.267225 0.000000
vt 0.197848 0.267225 0.000000
vt 0.185886 0.267225 0.000000
vt 0.173924 0.267225 0.000000
vt 0.161962 0.267225 0.000000
vt 0.150000 0.267225 0.000000
vt 0.143854 0.267225 0.000000
vt 0.137707 0.267225 0.000000
vt 0.125415 0.267225 0.000000
vt 0.113122 0.267225 0.000000
vt 0.100829 0.267225 0.000000
vt 0.088537 0.267225 0.000000
vt 0.076244 0.267225 0.000000
vt 0.063952 0.267225 0.000000
vt 0.051659 0.267225 0.000000
vt 0.038744 0.267225 0.000000
vt 0.025829 0.267225 0.000000
vt 0.019372 0.267225 0.000000
vt 0.012915 0.267225 0.000000
vt 0.006457 0.267225 0.000000
vt 0.590625 0.274928 0.000000
vt 0.581250 0.274928 0.000000
vt 0.571875 0.274928 0.000000
vt 0.562500 0.274928 0.000000
vt 0.553125 0.274928 0.000000
vt 0.543750 0.274928 0.000000
vt 0.534375 0.274928 0.000000
vt 0.525000 0.274928 0.000000
vt 0.515625 0.274928 0.000000
vt 0.506250 0.274928 0.000000
vt 0.496875 0.274928 0.000000
vt 0.487500 0.274928 0.000000
vt 0.478125 0.274928 0.000000
vt 0.468750 0.274928 0.000000
vt 0.459375 0.274928 0.000000
vt 0.450000 0.274928 0.000000
vt 0.442120 0.274928 0.000000
vt 0.434241 0.274928 0.000000
vt 0.426361 0.274928 0.000000
vt 0.418481 0.274928 0.000000
vt 0.410601 0.274928 0.000000
vt 0.402722 0.274928 0.000000
vt 0.394842 0.274928 0.000000
vt 0.386962 0.274928 0.000000
vt 0.379082 0.274928 0.000000
vt 0.371203 0.274928 0.000000
vt 0.363323 0.274928 0.000000
vt 0.355443 0.274928 0.000000
vt 0.347563 0.274928 0.000000
vt 0.339684 0.274928 0.000000
vt 0.331804 0.274928 0.000000
vt 0.323924 0.274928 0.000000
vt 0.316044 0.274928 0.000000
vt 0.308165 0.274928 0.000000
vt 0.300285 0.274928 0.000000
vt 0.292405 0.274928 0.000000
vt 0.284526 0.274928 0.000000
vt 0.276646 0.274928 0.000000
vt 0.268766 0.274928 0.000000
vt 0.260886 0.274928 0.000000
vt 0.253007 0.274928 0.000000
vt 0.245127 0.274928 0.000000
vt 0.237247 0.274928 0.000000
vt 0.229367 0.274928 0.000000
vt 0.221488 0.274928 0.000000
vt 0.213608 0.274928 0.000000
vt 0.205728 0.274928 0.000000
vt 0.197848 0.274928 0.000000
vt 0.185886 0.274928 0.000000
vt 0.173924 0.274928 0.000000
vt 0.161962 0.274928 0.000000
vt 0.150000 0.274928 0.000000
vt 0.143854 0.274928 0.000000
vt 0.137707 0.274928 0.000000
vt 0.125415 0.274928 0.000000
vt 0.113122 0.274928 0.000000
vt 0.100829 0.274928 0.000000
vt 0.088537 0.274928 0.000000
vt 0.076244 0.274928 0.000000
vt 0.063952 0.274928 0.000000
vt 0.051659 0.274928 0.000000
vt 0.038744 0.274928 0.000000
vt 0.025829 0.274928 0.000000
vt 0.019372 0.274928 0.000000
vt 0.012915 0.274928 0.000000
vt 0.006457 0.274928 0.000000
vt 0.590625 0.290335 0.000000
vt 0.581250 0.290335 0.000000
vt 0.571875 0.290335 0.000000
vt 0.562500 0.290335 0.000000
vt 0.553125 0.290335 0.000000
vt 0.543750 0.290335 0.000000
vt 0.534375 0.290335 0.000000
vt 0.525000 0.290335 0.000000
vt 0.515625 0.290335 0.000000
vt 0.506250 0.290335 0.000000
vt 0.496875 0.290335 0.000000
vt 0.487500 0.290335 0.000000
vt 0.478125 0.290335 0.000000
vt 0.468750 0.290335 0.000000
vt 0.459375 0.290335 0.000000
vt 0.450000 0.290335 0.000000
vt 0.442120 0.290335 0.000000
vt 0.434241 0.290335 0.000000
vt 0.426361 0.290335 0.000000
vt 0.418481 0.290335 0.000000
vt 0.410601 0.290335 0.000000
vt 0.402722 0.290335 0.000000
vt 0.394842 0.290335 0.000000
vt 0.386962 0.290335 0.000000
vt 0.379082 0.290335 0.000000
vt 0.371203 0.290335 0.000000
vt 0.363323 0.290335 0.000000
vt 0.355443 0.290335 0.000000
vt 0.347563 0.290335 0.000000
vt 0.339684 0.290335 0.000000
vt 0.331804 0.290335 0.000000
vt 0.323924 0.290335 0.000000
vt 0.316044 0.290335 0.000000
vt 0.308165 0.290335 0.000000
vt 0.300285 0.290335 0.000000
vt 0.292405 0.290335 0.000000
vt 0.284526 0.290335 0.000000
vt 0.276646 0.290335 0.000000
vt 0.268766 0.290335 0.000000
vt 0.260886 0.290335 0.000000
vt 0.253007 0.290335 0.000000
vt 0.245127 0.290335 0.000000
vt 0.237247 0.290335 0.000000
vt 0.229367 0.290335 0.000000
vt 0.221488 0.290335 0.000000
vt 0.213608 0.290335 0.000000
vt 0.205728 0.290335 0.000000
vt 0.197848 0.290335 0.000000
vt 0.185886 0.290335 0.000000
vt 0.173924 0.290335 0.000000
vt 0.161962 0.290335 0.000000
vt 0.150000 0.290335 0.000000
vt 0.143854 0.290335 0.000000
vt 0.137707 0.290335 0.000000
vt 0.125415 0.290335 0.000000
vt 0.113122 0.290335 0.000000
vt 0.100829 0.290335 0.000000
vt 0.088537 0.290335 0.000000
vt 0.076244 0.290335 0.000000
vt 0.063952 0.290335 0.000000
vt 0.051659 0.290335 0.000000
vt 0.038744 0.290335 0.000000
vt 0.025829 0.290335 0.000000
vt 0.019372 0.290335 0.000000
vt 0.012915 0.290335 0.000000
vt 0.006457 0.290335 0.000000
vt 0.012915 0.282631 0.000000
vt 0.019372 0.282631 0.000000
vt 0.025829 0.282631 0.000000
vt 0.038744 0.282631 0.000000
vt 0.051659 0.282631 0.000000
vt 0.063952 0.282631 0.000000
vt 0.076244 0.282631 0.000000
vt 0.088537 0.282631 0.000000
vt 0.100829 0.282631 0.000000
vt 0.113122 0.282631 0.000000
vt 0.125415 0.282631 0.000000
vt 0.137707 0.282631 0.000000
vt 0.143854 0.282631 0.000000
vt 0.150000 0.282631 0.000000
vt 0.161962 0.282631 0.000000
vt 0.173924 0.282631 0.000000
vt 0.185886 0.282631 0.000000
vt 0.197848 0.282631 0.000000
vt 0.205728 0.282631 0.000000
vt 0.213608 0.282631 0.000000
vt 0.221488 0.282631 0.000000
vt 0.229367 0.282631 0.000000
vt 0.237247 0.282631 0.000000
vt 0.245127 0.282631 0.000000
vt 0.253007 0.282631 0.000000
vt 0.260886 0.282631 0.000000
vt 0.268766 0.282631 0.000000
vt 0.276646 0.282631 0.000000
vt 0.284526 0.282631 0.000000
vt 0.292405 0.282631 0.000000
vt 0.300285 0.282631 0.000000
vt 0.308165 0.282631 0.000000
vt 0.316044 0.282631 0.000000
vt 0.323924 0.282631 0.000000
vt 0.331804 0.282631 0.000000
vt 0.339684 0.282631 0.000000
vt 0.347563 0.282631 0.000000
vt 0.355443 0.282631 0.000000
vt 0.363323 0.282631 0.000000
vt 0.371203 0.282631 0.000000
vt 0.379082 0.282631 0.000000
vt 0.386962 0.282631 0.000000
vt 0.394842 0.282631 0.000000
vt 0.402722 0.282631 0.000000
vt 0.410601 0.282631 0.000000
vt 0.418481 0.282631 0.000000
vt 0.426361 0.282631 0.000000
vt 0.434241 0.282631 0.000000
vt 0.442120 0.282631 0.000000
vt 0.450000 0.282631 0.000000
vt 0.459375 0.282631 0.000000
vt 0.468750 0.282631 0.000000
vt 0.478125 0.282631 0.000000
vt 0.487500 0.282631 0.000000
vt 0.496875 0.282631 0.000000
vt 0.506250 0.282631 0.000000
vt 0.515625 0.282631 0.000000
vt 0.525000 0.282631 0.000000
vt 0.534375 0.282631 0.000000
vt 0.543750 0.282631 0.000000
vt 0.553125 0.282631 0.000000
vt 0.562500 0.282631 0.000000
vt 0.571875 0.282631 0.000000
vt 0.581250 0.282631 0.000000
vt 0.590625 0.298038 0.000000
vt 0.581250 0.298038 0.000000
vt 0.571875 0.298038 0.000000
vt 0.562500 0.298038 0.000000
vt 0.553125 0.298038 0.000000
vt 0.543750 0.298038 0.000000
vt 0.534375 0.298038 0.000000
vt 0.525000 0.298038 0.000000
vt 0.515625 0.298038 0.000000
vt 0.506250 0.298038 0.000000
vt 0.496875 0.298038 0.000000
vt 0.487500 0.298038 0.000000
vt 0.478125 0.298038 0.000000
vt 0.468750 0.298038 0.000000
vt 0.459375 0.298038 0.000000
vt 0.450000 0.298038 0.000000
vt 0.442120 0.298038 0.000000
vt 0.434241 0.298038 0.000000
vt 0.426361 0.298038 0.000000
vt 0.418481 0.298038 0.000000
vt 0.410601 0.298038 0.000000
vt 0.402722 0.298038 0.000000
vt 0.394842 0.298038 0.000000
vt 0.386962 0.298038 0.000000
vt 0.379082 0.298038 0.000000
vt 0.371203 0.298038 0.000000
vt 0.363323 0.298038 0.000000
vt 0.355443 0.298038 0.000000
vt 0.347563 0.298038 0.000000
vt 0.339684 0.298038 0.000000
vt 0.331804 0.298038 0.000000
vt 0.323924 0.298038 0.000000
vt 0.316044 0.298038 0.000000
vt 0.308165 0.298038 0.000000
vt 0.300285 0.298038 0.000000
vt 0.292405 0.298038 0.000000
vt 0.284526 0.298038 0.000000
vt 0.276646 0.298038 0.000000
vt 0.268766 0.298038 0.000000
vt 0.260886 0.298038 0.000000
vt 0.253007 0.298038 0.000000
vt 0.245127 0.298038 0.000000
vt 0.237247 0.298038 0.000000
vt 0.229367 0.298038 0.000000
vt 0.221488 0.298038 0.000000
vt 0.213608 0.298038 0.000000
vt 0.205728 0.298038 0.000000
vt 0.197848 0.298038 0.000000
vt 0.185886 0.298038 0.000000
vt 0.173924 0.298038 0.000000
vt 0.161962 0.298038 0.000000
vt 0.150000 0.298038 0.000000
vt 0.143854 0.298038 0.000000
vt 0.137707 0.298038 0.000000
vt 0.125415 0.298038 0.000000
vt 0.113122 0.298038 0.000000
vt 0.100829 0.298038 0.000000
vt 0.088537 0.298038 0.000000
vt 0.076244 0.298038 0.000000
vt 0.063952 0.298038 0.000000
vt 0.051659 0.298038 0.000000
vt 0.038744 0.298038 0.000000
vt 0.025829 0.298038 0.000000
vt 0.019372 0.298038 0.000000
vt 0.012915 0.298038 0.000000
vt 0.006457 0.298038 0.000000
vt 0.590625 0.305741 0.000000
vt 0.581250 0.305741 0.000000
vt 0.571875 0.305741 0.000000
vt 0.562500 0.305741 0.000000
vt 0.553125 0.305741 0.000000
vt 0.543750 0.305741 0.000000
vt 0.534375 0.305741 0.000000
vt 0.525000 0.305741 0.000000
vt 0.515625 0.305741 0.000000
vt 0.506250 0.305741 0.000000
vt 0.496875 0.305741 0.000000
vt 0.487500 0.305741 0.000000
vt 0.478125 0.305741 0.000000
vt 0.468750 0.305741 0.000000
vt 0.459375 0.305741 0.000000
vt 0.450000 0.305741 0.000000
vt 0.442120 0.305741 0.000000
vt 0.434241 0.305741 0.000000
vt 0.426361 0.305741 0.000000
vt 0.418481 0.305741 0.000000
vt 0.410601 0.305741 0.000000
vt 0.402722 0.305741 0.000000
vt 0.394842 0.305741 0.000000
vt 0.386962 0.305741 0.000000
vt 0.379082 0.305741 0.000000
vt 0.371203 0.305741 0.000000
vt 0.363323 0.305741 0.000000
vt 0.355443 0.305741 0.000000
vt 0.347563 0.305741 0.000000
vt 0.339684 0.305741 0.000000
vt 0.331804 0.305741 0.000000
vt 0.323924 0.305741 0.000000
vt 0.316044 0.305741 0.000000
vt 0.308165 0.305741 0.000000
vt 0.300285 0.305741 0.000000
vt 0.292405 0.305741 0.000000
vt 0.284526 0.305741 0.000000
vt 0.276646 0.305741 0.000000
vt 0.268766 0.305741 0.000000
vt 0.260886 0.305741 0.000000
vt 0.253007 0.305741 0.000000
vt 0.245127 0.305741 0.000000
vt 0.237247 0.305741 0.000000
vt 0.229367 0.305741 0.000000
vt 0.221488 0.305741 0.000000
vt 0.213608 0.305741 0.000000
vt 0.205728 0.305741 0.000000
vt 0.197848 0.305741 0.000000
vt 0.185886 0.305741 0.000000
vt 0.173924 0.305741 0.000000
vt 0.161962 0.305741 0.000000
vt 0.150000 0.305741 0.000000
vt 0.143854 0.305741 0.000000
vt 0.137707 0.305741 0.000000
vt 0.125415 0.305741 0.000000
vt 0.113122 0.305741 0.000000
vt 0.100829 0.305741 0.000000
vt 0.088537 0.305741 0.000000
vt 0.076244 0.305741 0.000000
vt 0.063952 0.305741 0.000000
vt 0.051659 0.305741 0.000000
vt 0.038744 0.305741 0.000000
vt 0.025829 0.305741 0.000000
vt 0.019372 0.305741 0.000000
vt 0.012915 0.305741 0.000000
vt 0.006457 0.305741 0.000000
vn -0.000001 -0.100000 0.000000
vn -0.010160 -0.099483 0.000000
vn -0.019917 -0.097996 0.000000
vn -0.029279 -0.095618 0.000000
vn -0.038268 -0.092388 0.000000
vn -0.046908 -0.088315 0.000000
vn -0.055210 -0.083378 0.000000
vn -0.063161 -0.077529 0.000000
vn -0.070711 -0.070711 0.000000
vn -0.077529 -0.063161 0.000000
vn -0.083378 -0.055210 0.000000
vn -0.088315 -0.046908 0.000000
vn -0.092388 -0.038268 0.000000
vn -0.095618 -0.029279 0.000000
vn -0.097996 -0.019917 0.000000
vn -0.099483 -0.010160 0.000000
vn -0.100000 0.000000 0.000000
vn -0.099483 0.010160 0.000000
vn -0.097996 0.019917 0.000000
vn -0.095618 0.029279 0.000000
vn -0.092388 0.038268 0.000000
vn -0.088315 0.046908 0.000000
vn -0.083378 0.055210 0.000000
vn -0.077529 0.063161 0.000000
vn -0.070711 0.070711 0.000000
vn -0.063161 0.077529 0.000000
vn -0.055210 0.083378 0.000000
vn -0.046908 0.088315 0.000000
vn -0.038268 0.092388 0.000000
vn -0.029279 0.095618 0.000000
vn -0.019917 0.097996 0.000000
vn -0.010160 0.099483 0.000000
vn -0.000001 0.100000 0.000000
vn -0.010160 0.099483 0.000000
vn -0.019917 0.097996 0.000000
vn -0.029279 0.095618 0.000000
vn -0.038268 0.092388 0.000000
vn -0.046908 0.088315 0.000000
vn -0.055210 0.083378 0.000000
vn -0.063161 0.077529 0.000000
vn -0.070711 0.070711 0.000000
vn -0.077529 0.063161 0.000000
vn -0.083378 0.055210 0.000000
vn -0.088315 0.046908 0.000000
vn -0.092388 0.038268 0.000000
vn -0.095618 0.029279 0.000000
vn -0.097996 0.019917 0.000000
vn -0.099483 0.010160 0.000000
vn -0.100000 0.000000 0.000000
vn -0.099483 -0.010160 0.000000
vn -0.097996 -0.019917 0.000000
vn -0.095618 -0.029279 0.000000
vn -0.092388 -0.038268 0.000000
vn -0.088315 -0.046908 0.000000
vn -0.083378 -0.055210 0.000000
vn -0.077529 -0.063161 0.000000
vn -0.070711 -0.070711 0.000000
vn -0.063161 -0.077529 0.000000
vn -0.055210 -0.083378 0.000000
vn -0.046908 -0.088315 0.000000
vn -0.038268 -0.092388 0.000000
vn -0.029279 -0.095618 0.000000
vn -0.019917 -0.097996 0.000000
vn -0.010160 -0.099483 0.000000
vn 0.000001 -0.100000 0.000001
vn 0.000001 -0.100000 -0.000001
vn 0.000001 0.100000 -0.000001
vn 0.000001 0.100000 0.000001
vn -0.000001 0.100000 -0.000000
vn -0.000001 0.100000 -0.000000
vn -0.000001 0.100000 -0.000000
vn -0.000001 0.100000 -0.000001
vn -0.000001 0.100000 -0.000001
vn -0.000001 0.100000 -0.000001
vn -0.000001 0.100000 -0.000001
vn -0.000001 0.100000 -0.000001
vn -0.000001 0.100000 -0.000001
vn -0.000001 0.100000 -0.000001
vn -0.000001 0.100000 -0.000001
vn -0.000001 0.100000 -0.000001
vn -0.000000 0.100000 -0.000001
vn -0.000000 0.100000 -0.000001
vn -0.000000 0.100000 -0.000001
vn 0.000000 0.100000 -0.000001
vn 0.000000 0.100000 -0.000001
vn 0.000000 0.100000 -0.000001
vn 0.000000 0.100000 -0.000001
vn 0.000000 0.100000 -0.000001
vn 0.000001 0.100000 -0.000001
vn 0.000001 0.100000 -0.000001
vn 0.000001 0.100000 -0.000001
vn 0.000001 0.100000 -0.000001
vn 0.000001 0.100000 -0.000001
vn 0.000001 0.100000 -0.000000
vn 0.000001 0.100000 -0.000000
vn 0.000001 0.100000 -0.000000
vn 0.000001 0.100000 -0.000000
vn 0.000001 0.100000 0.000000
vn 0.000001 0.100000 0.000000
vn 0.000001 0.100000 0.000000
vn 0.000001 0.100000 0.000000
vn 0.000001 0.100000 0.000000
vn 0.000001 0.100000 0.000001
vn 0.000001 0.100000 0.000001
vn 0.000001 0.100000 0.000001
vn 0.000001 0.100000 0.000001
vn 0.000001 0.100000 0.000001
vn 0.000000 0.100000 0.000001
vn 0.000000 0.100000 0.000001
vn 0.000000 0.100000 0.000001
vn -0.000000 0.100000 0.000001
vn -0.000000 0.100000 0.000001
vn -0.000001 0.100000 0.000001
vn -0.000001 0.100000 0.000001
vn -0.000001 0.100000 0.000001
vn -0.000001 0.100000 0.000001
vn -0.000001 0.100000 0.000001
vn -0.000001 0.100000 0.000001
vn -0.000001 0.100000 0.000001
vn -0.000001 0.100000 0.000000
vn -0.000001 0.100000 0.000000
vn -0.000001 0.100000 0.000000
vn -0.000001 -0.100000 0.000000
vn -0.000001 -0.100000 0.000000
vn -0.000001 -0.100000 0.000000
vn -0.000001 -0.100000 0.000001
vn -0.000001 -0.100000 0.000001
vn -0.000001 -0.100000 0.000001
vn -0.000001 -0.100000 0.000001
vn -0.000001 -0.100000 0.000001
vn -0.000001 -0.100000 0.000001
vn -0.000001 -0.100000 0.000001
vn -0.000000 -0.100000 0.000001
vn -0.000000 -0.100000 0.000001
vn 0.000000 -0.100000 0.000001
vn 0.000000 -0.100000 0.000001
vn 0.000000 -0.100000 0.000001
vn 0.000001 -0.100000 0.000001
vn 0.000001 -0.100000 0.000001
vn 0.000001 -0.100000 0.000001
vn 0.000001 -0.100000 0.000001
vn 0.000001 -0.100000 0.000001
vn 0.000001 -0.100000 0.000001
vn 0.000001 -0.100000 0.000000
vn 0.000001 -0.100000 0.000000
vn 0.000001 -0.100000 0.000000
vn 0.000001 -0.100000 0.000000
vn 0.000001 -0.100000 0.000000
vn 0.000001 -0.100000 -0.000000
vn 0.000001 -0.100000 -0.000000
vn 0.000001 -0.100000 -0.000000
vn 0.000001 -0.100000 -0.000000
vn 0.000001 -0.100000 -0.000001
vn 0.000001 -0.100000 -0.000001
vn 0.000001 -0.100000 -0.000001
vn 0.000001 -0.100000 -0.000001
vn 0.000001 -0.100000 -0.000001
vn 0.000000 -0.100000 -0.000001
vn 0.000000 -0.100000 -0.000001
vn 0.000000 -0.100000 -0.000001
vn 0.000000 -0.100000 -0.000001
vn 0.000000 -0.100000 -0.000001
vn -0.000000 -0.100000 -0.000001
vn -0.000000 -0.100000 -0.000001
vn -0.000000 -0.100000 -0.000001
vn -0.000001 -0.100000 -0.000001
vn -0.000001 -0.100000 -0.000001
vn -0.000001 -0.100000 -0.000001
vn -0.000001 -0.100000 -0.000001
vn -0.000001 -0.100000 -0.000001
vn -0.000001 -0.100000 -0.000001
vn -0.000001 -0.100000 -0.000001
vn -0.000001 -0.100000 -0.000001
vn -0.000001 -0.100000 -0.000001
vn -0.000001 -0.100000 -0.000000
vn -0.000001 -0.100000 -0.000000
vn -0.000001 -0.100000 -0.000000
vn -0.094962 0.030299 0.008015
vn -0.094610 0.030275 -0.011502
vn -0.030527 0.095192 0.002577
vn -0.030436 0.095184 -0.003700
vn -0.013028 -0.099135 -0.001584
vn -0.012820 -0.099128 -0.003052
vn -0.012494 -0.099119 -0.004401
vn -0.012068 -0.099109 -0.005632
vn -0.011552 -0.099101 -0.006751
vn -0.010954 -0.099094 -0.007767
vn -0.010278 -0.099090 -0.008689
vn -0.009524 -0.099089 -0.009524
vn -0.008689 -0.099090 -0.010278
vn -0.007767 -0.099094 -0.010954
vn -0.006751 -0.099101 -0.011552
vn -0.005632 -0.099109 -0.012068
vn -0.004401 -0.099119 -0.012494
vn -0.003052 -0.099128 -0.012820
vn -0.001584 -0.099135 -0.013028
vn 0.000000 -0.099138 -0.013102
vn 0.001339 -0.099136 -0.013050
vn 0.002597 -0.099130 -0.012900
vn 0.003771 -0.099123 -0.012663
vn 0.004860 -0.099115 -0.012351
vn 0.005867 -0.099107 -0.011970
vn 0.006797 -0.099101 -0.011528
vn 0.007654 -0.099095 -0.011028
vn 0.008444 -0.099091 -0.010472
vn 0.009171 -0.099089 -0.009862
vn 0.009839 -0.099089 -0.009196
vn 0.010451 -0.099091 -0.008471
vn 0.011009 -0.099095 -0.007684
vn 0.011511 -0.099100 -0.006829
vn 0.011955 -0.099107 -0.005902
vn 0.012338 -0.099115 -0.004898
vn 0.012653 -0.099123 -0.003811
vn 0.012893 -0.099130 -0.002641
vn 0.013046 -0.099136 -0.001386
vn 0.013102 -0.099138 -0.000050
vn 0.013053 -0.099136 0.001292
vn 0.012907 -0.099131 0.002553
vn 0.012673 -0.099124 0.003730
vn 0.012363 -0.099116 0.004822
vn 0.011985 -0.099108 0.005832
vn 0.011545 -0.099101 0.006765
vn 0.011047 -0.099095 0.007624
vn 0.010493 -0.099091 0.008416
vn 0.009885 -0.099089 0.009146
vn 0.009221 -0.099089 0.009816
vn 0.008498 -0.099091 0.010430
vn 0.007713 -0.099095 0.010989
vn 0.006861 -0.099100 0.011493
vn 0.005428 -0.099111 0.012148
vn 0.003811 -0.099123 0.012653
vn 0.002001 -0.099133 0.012983
vn 0.000000 -0.099138 0.013102
vn -0.001051 -0.099137 0.013070
vn -0.002054 -0.099133 0.012977
vn -0.003906 -0.099122 0.012630
vn -0.005553 -0.099110 0.012099
vn -0.007009 -0.099099 0.011413
vn -0.008291 -0.099092 0.010588
vn -0.009418 -0.099089 0.009629
vn -0.010404 -0.099091 0.008531
vn -0.011257 -0.099097 0.007282
vn -0.012004 -0.099108 0.005786
vn -0.012584 -0.099121 0.004082
vn -0.012801 -0.099127 0.003145
vn -0.012964 -0.099133 0.002152
vn -0.013067 -0.099136 0.001103
vn -0.025383 -0.096676 -0.003086
vn -0.024972 -0.096649 -0.005946
vn -0.024331 -0.096615 -0.008570
vn -0.023495 -0.096580 -0.010964
vn -0.022485 -0.096549 -0.013140
vn -0.021317 -0.096525 -0.015116
vn -0.020000 -0.096510 -0.016908
vn -0.018532 -0.096505 -0.018532
vn -0.016908 -0.096510 -0.020000
vn -0.015116 -0.096525 -0.021317
vn -0.013140 -0.096549 -0.022485
vn -0.010964 -0.096580 -0.023495
vn -0.008570 -0.096615 -0.024331
vn -0.005946 -0.096649 -0.024972
vn -0.003086 -0.096676 -0.025383
vn 0.000000 -0.096686 -0.025529
vn 0.002608 -0.096679 -0.025425
vn 0.005059 -0.096659 -0.025129
vn 0.007344 -0.096632 -0.024664
vn 0.009463 -0.096603 -0.024050
vn 0.011422 -0.096574 -0.023303
vn 0.013229 -0.096548 -0.022438
vn 0.014896 -0.096527 -0.021461
vn 0.016431 -0.096513 -0.020378
vn 0.017845 -0.096506 -0.019190
vn 0.019145 -0.096505 -0.017894
vn 0.020337 -0.096513 -0.016484
vn 0.021424 -0.096527 -0.014953
vn 0.022404 -0.096547 -0.013292
vn 0.023274 -0.096573 -0.011490
vn 0.024025 -0.096602 -0.009537
vn 0.024644 -0.096631 -0.007423
vn 0.025115 -0.096658 -0.005144
vn 0.025418 -0.096678 -0.002700
vn 0.025529 -0.096686 -0.000097
vn 0.025433 -0.096679 0.002517
vn 0.025143 -0.096660 0.004973
vn 0.024684 -0.096633 0.007264
vn 0.024074 -0.096604 0.009389
vn 0.023333 -0.096575 0.011354
vn 0.022471 -0.096549 0.013167
vn 0.021498 -0.096528 0.014838
vn 0.020419 -0.096513 0.016377
vn 0.019235 -0.096506 0.017795
vn 0.017942 -0.096505 0.019100
vn 0.016537 -0.096512 0.020296
vn 0.015011 -0.096526 0.021386
vn 0.013355 -0.096546 0.022371
vn 0.010568 -0.096586 0.023652
vn 0.007423 -0.096631 0.024644
vn 0.003898 -0.096669 0.025295
vn 0.000000 -0.096686 0.025529
vn -0.002048 -0.096681 0.025466
vn -0.004001 -0.096669 0.025282
vn -0.007607 -0.096629 0.024598
vn -0.010812 -0.096583 0.023556
vn -0.013642 -0.096543 0.022213
vn -0.016134 -0.096515 0.020603
vn -0.018326 -0.096505 0.018736
vn -0.020246 -0.096512 0.016601
vn -0.021908 -0.096536 0.014172
vn -0.023370 -0.096576 0.011265
vn -0.024507 -0.096624 0.007949
vn -0.024936 -0.096647 0.006127
vn -0.025257 -0.096667 0.004193
vn -0.025459 -0.096681 0.002149
vn -0.037094 -0.092756 -0.004510
vn -0.036481 -0.092702 -0.008686
vn -0.035532 -0.092633 -0.012515
vn -0.034296 -0.092561 -0.016005
vn -0.032810 -0.092498 -0.019175
vn -0.031097 -0.092448 -0.022051
vn -0.029170 -0.092417 -0.024661
vn -0.027028 -0.092407 -0.027028
vn -0.024661 -0.092417 -0.029170
vn -0.022051 -0.092448 -0.031097
vn -0.019175 -0.092498 -0.032810
vn -0.016005 -0.092561 -0.034296
vn -0.012515 -0.092633 -0.035532
vn -0.008686 -0.092702 -0.036481
vn -0.004510 -0.092756 -0.037094
vn 0.000000 -0.092778 -0.037313
vn 0.003812 -0.092762 -0.037157
vn 0.007391 -0.092722 -0.036716
vn 0.010726 -0.092667 -0.036025
vn 0.013817 -0.092607 -0.035116
vn 0.016672 -0.092548 -0.034014
vn 0.019304 -0.092495 -0.032741
vn 0.021730 -0.092453 -0.031308
vn 0.023966 -0.092424 -0.029723
vn 0.026026 -0.092409 -0.027987
vn 0.027922 -0.092408 -0.026097
vn 0.029663 -0.092423 -0.024043
vn 0.031253 -0.092452 -0.021814
vn 0.032692 -0.092494 -0.019395
vn 0.033971 -0.092546 -0.016771
vn 0.035079 -0.092604 -0.013924
vn 0.035996 -0.092665 -0.010842
vn 0.036695 -0.092720 -0.007516
vn 0.037146 -0.092761 -0.003945
vn 0.037312 -0.092778 -0.000142
vn 0.037168 -0.092763 0.003678
vn 0.036736 -0.092723 0.007266
vn 0.036054 -0.092669 0.010610
vn 0.035152 -0.092609 0.013709
vn 0.034057 -0.092550 0.016573
vn 0.032790 -0.092497 0.019213
vn 0.031363 -0.092455 0.021646
vn 0.029783 -0.092425 0.023888
vn 0.028053 -0.092409 0.025954
vn 0.026168 -0.092408 0.027856
vn 0.024120 -0.092422 0.029603
vn 0.021898 -0.092451 0.031198
vn 0.019486 -0.092492 0.032642
vn 0.015428 -0.092573 0.034527
vn 0.010842 -0.092665 0.035996
vn 0.005696 -0.092744 0.036962
vn 0.000000 -0.092778 0.037313
vn -0.002993 -0.092768 0.037217
vn -0.005846 -0.092742 0.036943
vn -0.011110 -0.092660 0.035927
vn -0.015783 -0.092566 0.034386
vn -0.019905 -0.092484 0.032411
vn -0.023533 -0.092429 0.030052
vn -0.026727 -0.092407 0.027325
vn -0.029530 -0.092421 0.024213
vn -0.031963 -0.092471 0.020677
vn -0.034113 -0.092552 0.016443
vn -0.035793 -0.092650 0.011610
vn -0.036428 -0.092698 0.008951
vn -0.036906 -0.092738 0.006127
vn -0.037207 -0.092767 0.003140
vn -0.048212 -0.087414 -0.005861
vn -0.047396 -0.087329 -0.011285
vn -0.046139 -0.087219 -0.016251
vn -0.044511 -0.087105 -0.020772
vn -0.042562 -0.087005 -0.024874
vn -0.040326 -0.086926 -0.028595
vn -0.037818 -0.086877 -0.031971
vn -0.035038 -0.086860 -0.035038
vn -0.031971 -0.086877 -0.037818
vn -0.028595 -0.086926 -0.040326
vn -0.024874 -0.087005 -0.042562
vn -0.020772 -0.087105 -0.044511
vn -0.016251 -0.087219 -0.046139
vn -0.011285 -0.087329 -0.047396
vn -0.005861 -0.087414 -0.048212
vn 0.000000 -0.087450 -0.048503
vn 0.004954 -0.087424 -0.048296
vn 0.009604 -0.087360 -0.047708
vn 0.013932 -0.087273 -0.046791
vn 0.017938 -0.087177 -0.045589
vn 0.021635 -0.087084 -0.044140
vn 0.025041 -0.087001 -0.042471
vn 0.028180 -0.086934 -0.040600
vn 0.031072 -0.086888 -0.038537
vn 0.033739 -0.086864 -0.036282
vn 0.036197 -0.086863 -0.033831
vn 0.038459 -0.086886 -0.031172
vn 0.040529 -0.086932 -0.028288
vn 0.042407 -0.086998 -0.025159
vn 0.044084 -0.087080 -0.021763
vn 0.045541 -0.087174 -0.018077
vn 0.046752 -0.087269 -0.014082
vn 0.047680 -0.087357 -0.009766
vn 0.048281 -0.087422 -0.005128
vn 0.048503 -0.087449 -0.000184
vn 0.048310 -0.087426 0.004780
vn 0.047735 -0.087363 0.009441
vn 0.046829 -0.087276 0.013781
vn 0.045637 -0.087180 0.017799
vn 0.044197 -0.087087 0.021507
vn 0.042535 -0.087003 0.024923
vn 0.040671 -0.086936 0.028071
vn 0.038615 -0.086889 0.030971
vn 0.036367 -0.086864 0.033646
vn 0.033923 -0.086863 0.036112
vn 0.031272 -0.086885 0.038380
vn 0.028397 -0.086930 0.040457
vn 0.025277 -0.086995 0.042343
vn 0.020024 -0.087124 0.044815
vn 0.014082 -0.087269 0.046752
vn 0.007403 -0.087395 0.048035
vn 0.000000 -0.087450 0.048503
vn -0.003890 -0.087434 0.048376
vn -0.007598 -0.087392 0.048010
vn -0.014430 -0.087261 0.046661
vn -0.020485 -0.087113 0.044629
vn -0.025819 -0.086983 0.042040
vn -0.030513 -0.086895 0.038964
vn -0.034648 -0.086861 0.035423
vn -0.038285 -0.086884 0.031392
vn -0.041455 -0.086961 0.026818
vn -0.044269 -0.087091 0.021339
vn -0.046484 -0.087246 0.015077
vn -0.047325 -0.087322 0.011629
vn -0.047961 -0.087386 0.007962
vn -0.048363 -0.087432 0.004082
vn -0.059182 -0.080285 -0.007195
vn -0.058152 -0.080166 -0.013846
vn -0.056574 -0.080014 -0.019927
vn -0.054541 -0.079859 -0.025453
vn -0.052123 -0.079720 -0.030462
vn -0.049363 -0.079612 -0.035003
vn -0.046280 -0.079545 -0.039125
vn -0.042873 -0.079522 -0.042873
vn -0.039125 -0.079545 -0.046280
vn -0.035003 -0.079612 -0.049363
vn -0.030462 -0.079720 -0.052123
vn -0.025453 -0.079859 -0.054541
vn -0.019927 -0.080014 -0.056574
vn -0.013846 -0.080166 -0.058152
vn -0.007195 -0.080285 -0.059182
vn 0.000000 -0.080334 -0.059552
vn 0.006082 -0.080299 -0.059289
vn 0.011786 -0.080209 -0.058545
vn 0.017088 -0.080089 -0.057391
vn 0.021990 -0.079957 -0.055887
vn 0.026507 -0.079829 -0.054081
vn 0.030666 -0.079715 -0.052011
vn 0.034496 -0.079623 -0.049701
vn 0.038027 -0.079559 -0.047162
vn 0.041285 -0.079526 -0.044397
vn 0.044293 -0.079526 -0.041398
vn 0.047066 -0.079558 -0.038149
vn 0.049613 -0.079620 -0.034629
vn 0.051932 -0.079711 -0.030810
vn 0.054011 -0.079824 -0.026664
vn 0.055826 -0.079952 -0.022160
vn 0.057342 -0.080085 -0.017272
vn 0.058510 -0.080205 -0.011985
vn 0.059270 -0.080296 -0.006295
vn 0.059552 -0.080334 -0.000226
vn 0.059307 -0.080301 0.005869
vn 0.058580 -0.080213 0.011586
vn 0.057439 -0.080094 0.016903
vn 0.055946 -0.079962 0.021819
vn 0.054151 -0.079833 0.026350
vn 0.052090 -0.079718 0.030522
vn 0.049789 -0.079626 0.034363
vn 0.047258 -0.079561 0.037904
vn 0.044501 -0.079527 0.041172
vn 0.041511 -0.079525 0.044188
vn 0.038271 -0.079556 0.046970
vn 0.034761 -0.079617 0.049525
vn 0.030954 -0.079707 0.051852
vn 0.024540 -0.079885 0.054920
vn 0.017272 -0.080085 0.057342
vn 0.009086 -0.080258 0.058959
vn 0.000000 -0.080334 0.059552
vn -0.004775 -0.080312 0.059390
vn -0.009325 -0.080254 0.058927
vn -0.017698 -0.080074 0.057228
vn -0.025103 -0.079869 0.054689
vn -0.031615 -0.079690 0.051478
vn -0.037344 -0.079570 0.047688
vn -0.042396 -0.079522 0.043344
vn -0.046853 -0.079554 0.038418
vn -0.050756 -0.079660 0.032834
vn -0.054242 -0.079839 0.026146
vn -0.057006 -0.080053 0.018490
vn -0.058063 -0.080157 0.014267
vn -0.058865 -0.080246 0.009772
vn -0.059374 -0.080310 0.005011
vn -0.069465 -0.071438 -0.008445
vn -0.068217 -0.071292 -0.016242
vn -0.066319 -0.071106 -0.023359
vn -0.063890 -0.070916 -0.029815
vn -0.061018 -0.070748 -0.035660
vn -0.057757 -0.070617 -0.040955
vn -0.054133 -0.070535 -0.045765
vn -0.050143 -0.070507 -0.050143
vn -0.045765 -0.070535 -0.054133
vn -0.040955 -0.070617 -0.057757
vn -0.035660 -0.070748 -0.061018
vn -0.029815 -0.070916 -0.063890
vn -0.023359 -0.071106 -0.066319
vn -0.016242 -0.071292 -0.068217
vn -0.008445 -0.071438 -0.069465
vn 0.000000 -0.071497 -0.069915
vn 0.007139 -0.071454 -0.069594
vn 0.013829 -0.071345 -0.068693
vn 0.020039 -0.071198 -0.067300
vn 0.025771 -0.071037 -0.065496
vn 0.031046 -0.070880 -0.063342
vn 0.035898 -0.070741 -0.060885
vn 0.040365 -0.070630 -0.058156
vn 0.044483 -0.070552 -0.055169
vn 0.048287 -0.070513 -0.051927
vn 0.051805 -0.070512 -0.048419
vn 0.055056 -0.070550 -0.044626
vn 0.058052 -0.070626 -0.040519
vn 0.060791 -0.070736 -0.036066
vn 0.063258 -0.070874 -0.031229
vn 0.065423 -0.071031 -0.025969
vn 0.067242 -0.071192 -0.020254
vn 0.068650 -0.071340 -0.014062
vn 0.069571 -0.071451 -0.007389
vn 0.069915 -0.071497 -0.000265
vn 0.069616 -0.071457 0.006889
vn 0.068734 -0.071350 0.013595
vn 0.067358 -0.071204 0.019822
vn 0.065567 -0.071042 0.025572
vn 0.063425 -0.070885 0.030863
vn 0.060979 -0.070746 0.035730
vn 0.058259 -0.070633 0.040209
vn 0.055282 -0.070555 0.044339
vn 0.052048 -0.070513 0.048154
vn 0.048550 -0.070511 0.051682
vn 0.044768 -0.070548 0.054943
vn 0.040674 -0.070623 0.057949
vn 0.036234 -0.070732 0.060697
vn 0.028749 -0.070948 0.064342
vn 0.020254 -0.071192 0.067242
vn 0.010664 -0.071404 0.069194
vn 0.000000 -0.071497 0.069915
vn -0.005606 -0.071470 0.069718
vn -0.010944 -0.071399 0.069155
vn -0.020752 -0.071179 0.067104
vn -0.029406 -0.070929 0.064066
vn -0.037005 -0.070712 0.060254
vn -0.043686 -0.070565 0.055786
vn -0.049585 -0.070508 0.050695
vn -0.054806 -0.070546 0.044939
vn -0.059400 -0.070675 0.038426
vn -0.063533 -0.070892 0.030625
vn -0.066837 -0.071154 0.021679
vn -0.068110 -0.071281 0.016736
vn -0.069079 -0.071390 0.011468
vn -0.069698 -0.071468 0.005883
vn -0.078510 -0.061197 -0.009544
vn -0.077057 -0.061038 -0.018347
vn -0.074859 -0.060835 -0.026367
vn -0.072064 -0.060628 -0.033630
vn -0.068780 -0.060445 -0.040196
vn -0.065072 -0.060303 -0.046142
vn -0.060970 -0.060214 -0.051545
vn -0.056471 -0.060184 -0.056471
vn -0.051545 -0.060214 -0.060970
vn -0.046142 -0.060303 -0.065072
vn -0.040196 -0.060445 -0.068780
vn -0.033630 -0.060628 -0.072064
vn -0.026367 -0.060835 -0.074859
vn -0.018347 -0.061038 -0.077057
vn -0.009544 -0.061197 -0.078510
vn 0.000000 -0.061262 -0.079038
vn 0.008070 -0.061215 -0.078661
vn 0.015624 -0.061095 -0.077610
vn 0.022627 -0.060935 -0.075993
vn 0.029081 -0.060759 -0.073910
vn 0.035014 -0.060588 -0.071436
vn 0.040464 -0.060438 -0.068629
vn 0.045479 -0.060317 -0.065525
vn 0.050104 -0.060233 -0.062141
vn 0.054381 -0.060190 -0.058480
vn 0.058342 -0.060189 -0.054529
vn 0.062014 -0.060231 -0.050265
vn 0.065407 -0.060313 -0.045653
vn 0.068522 -0.060433 -0.040653
vn 0.071340 -0.060582 -0.035219
vn 0.073826 -0.060753 -0.029305
vn 0.075926 -0.060929 -0.022870
vn 0.077560 -0.061090 -0.015887
vn 0.078634 -0.061212 -0.008352
vn 0.079037 -0.061262 -0.000300
vn 0.078687 -0.061218 0.007786
vn 0.077658 -0.061101 0.015360
vn 0.076060 -0.060941 0.022383
vn 0.073992 -0.060765 0.028857
vn 0.071531 -0.060594 0.034808
vn 0.068736 -0.060443 0.040275
vn 0.065642 -0.060321 0.045305
vn 0.062268 -0.060236 0.049943
vn 0.058617 -0.060191 0.054232
vn 0.054677 -0.060188 0.058204
vn 0.050425 -0.060229 0.061886
vn 0.045826 -0.060310 0.065289
vn 0.040841 -0.060428 0.068414
vn 0.032431 -0.060663 0.072583
vn 0.022870 -0.060929 0.075926
vn 0.012051 -0.061160 0.078194
vn 0.000000 -0.061262 0.079038
vn -0.006337 -0.061233 0.078806
vn -0.012367 -0.061155 0.078148
vn -0.023430 -0.060914 0.075766
vn -0.033170 -0.060641 0.072266
vn -0.041706 -0.060406 0.067910
vn -0.049209 -0.060247 0.062839
vn -0.055842 -0.060185 0.057091
vn -0.061731 -0.060226 0.050617
vn -0.066938 -0.060366 0.043303
vn -0.071655 -0.060602 0.034540
vn -0.075457 -0.060886 0.024475
vn -0.076932 -0.061025 0.018903
vn -0.078060 -0.061145 0.012959
vn -0.078783 -0.061230 0.006649
vn -0.085825 -0.050251 -0.010434
vn -0.084194 -0.050096 -0.020046
vn -0.081740 -0.049897 -0.028791
vn -0.078637 -0.049695 -0.036697
vn -0.075010 -0.049516 -0.043837
vn -0.070935 -0.049378 -0.050299
vn -0.066445 -0.049292 -0.056173
vn -0.061535 -0.049263 -0.061535
vn -0.056173 -0.049292 -0.066445
vn -0.050299 -0.049378 -0.070935
vn -0.043837 -0.049516 -0.075010
vn -0.036697 -0.049695 -0.078637
vn -0.028791 -0.049897 -0.081740
vn -0.020046 -0.050096 -0.084194
vn -0.010434 -0.050251 -0.085825
vn 0.000000 -0.050316 -0.086420
vn 0.008822 -0.050269 -0.085995
vn 0.017074 -0.050152 -0.084813
vn 0.024714 -0.049995 -0.083004
vn 0.031747 -0.049823 -0.080684
vn 0.038202 -0.049656 -0.077941
vn 0.044128 -0.049509 -0.074843
vn 0.049579 -0.049392 -0.071431
vn 0.054606 -0.049310 -0.067725
vn 0.059259 -0.049268 -0.063726
vn 0.063576 -0.049267 -0.059421
vn 0.067585 -0.049308 -0.054781
vn 0.071302 -0.049388 -0.049768
vn 0.074725 -0.049504 -0.044333
vn 0.077835 -0.049650 -0.038426
vn 0.080591 -0.049817 -0.031990
vn 0.082929 -0.049989 -0.024979
vn 0.084758 -0.050147 -0.017361
vn 0.085965 -0.050266 -0.009131
vn 0.086419 -0.050315 -0.000328
vn 0.086025 -0.050272 0.008512
vn 0.084868 -0.050157 0.016786
vn 0.083079 -0.050001 0.024449
vn 0.080775 -0.049829 0.031503
vn 0.078047 -0.049662 0.037978
vn 0.074961 -0.049514 0.043923
vn 0.071560 -0.049395 0.049389
vn 0.067864 -0.049312 0.054431
vn 0.063876 -0.049269 0.059097
vn 0.059582 -0.049267 0.063425
vn 0.054955 -0.049306 0.067446
vn 0.049956 -0.049385 0.071173
vn 0.044538 -0.049500 0.074607
vn 0.035393 -0.049729 0.079211
vn 0.024979 -0.049989 0.082929
vn 0.013172 -0.050215 0.085469
vn 0.000000 -0.050316 0.086420
vn -0.006928 -0.050287 0.086158
vn -0.013517 -0.050210 0.085418
vn -0.025590 -0.049974 0.082751
vn -0.036197 -0.049708 0.078860
vn -0.045478 -0.049478 0.074052
vn -0.053633 -0.049323 0.068489
vn -0.060851 -0.049263 0.062212
vn -0.067276 -0.049303 0.055164
vn -0.072984 -0.049440 0.047214
vn -0.078183 -0.049669 0.037687
vn -0.082406 -0.049947 0.026729
vn -0.084054 -0.050083 0.020653
vn -0.085319 -0.050201 0.014164
vn -0.086132 -0.050284 0.007270
vn -0.091539 -0.038689 -0.011128
vn -0.089761 -0.038552 -0.021372
vn -0.087097 -0.038379 -0.030678
vn -0.083745 -0.038202 -0.039081
vn -0.079844 -0.038046 -0.046662
vn -0.075479 -0.037926 -0.053521
vn -0.070685 -0.037851 -0.059758
vn -0.065457 -0.037826 -0.065457
vn -0.059758 -0.037851 -0.070685
vn -0.053521 -0.037926 -0.075479
vn -0.046662 -0.038046 -0.079844
vn -0.039081 -0.038202 -0.083745
vn -0.030678 -0.038379 -0.087097
vn -0.021372 -0.038552 -0.089761
vn -0.011128 -0.038689 -0.091539
vn 0.000000 -0.038745 -0.092189
vn 0.009410 -0.038704 -0.091725
vn 0.018205 -0.038602 -0.090435
vn 0.026341 -0.038464 -0.088468
vn 0.033821 -0.038314 -0.085955
vn 0.040680 -0.038168 -0.082996
vn 0.046972 -0.038040 -0.079666
vn 0.052756 -0.037938 -0.076010
vn 0.058094 -0.037867 -0.072050
vn 0.063036 -0.037831 -0.067788
vn 0.067628 -0.037830 -0.063208
vn 0.071901 -0.037865 -0.058279
vn 0.075872 -0.037935 -0.052957
vn 0.079539 -0.038036 -0.047189
vn 0.082882 -0.038163 -0.040917
vn 0.085855 -0.038308 -0.034079
vn 0.088386 -0.038459 -0.026623
vn 0.090375 -0.038597 -0.018511
vn 0.091692 -0.038701 -0.009739
vn 0.092189 -0.038745 -0.000350
vn 0.091757 -0.038707 0.009080
vn 0.090494 -0.038606 0.017899
vn 0.088550 -0.038469 0.026059
vn 0.086054 -0.038319 0.033561
vn 0.083110 -0.038173 0.040442
vn 0.079792 -0.038045 0.046753
vn 0.076147 -0.037941 0.052555
vn 0.072198 -0.037869 0.057908
vn 0.067948 -0.037832 0.062864
vn 0.063380 -0.037830 0.067468
vn 0.058464 -0.037863 0.071752
vn 0.053157 -0.037932 0.075733
vn 0.047406 -0.038032 0.079412
vn 0.037696 -0.038232 0.084364
vn 0.026623 -0.038459 0.088386
vn 0.014048 -0.038657 0.091150
vn 0.000000 -0.038745 0.092189
vn -0.007390 -0.038719 0.091903
vn -0.014416 -0.038652 0.091094
vn -0.027274 -0.038446 0.088193
vn -0.038550 -0.038214 0.083986
vn -0.048405 -0.038013 0.078816
vn -0.057060 -0.037879 0.072865
vn -0.064729 -0.037826 0.066177
vn -0.071572 -0.037861 0.058686
vn -0.077671 -0.037980 0.050246
vn -0.083257 -0.038180 0.040132
vn -0.087820 -0.038423 0.028485
vn -0.089609 -0.038541 0.022018
vn -0.090986 -0.038644 0.015105
vn -0.091874 -0.038717 0.007754
vn -0.095722 -0.026494 -0.011637
vn -0.093831 -0.026392 -0.022341
vn -0.091009 -0.026263 -0.032056
vn -0.087470 -0.026131 -0.040819
vn -0.083365 -0.026015 -0.048720
vn -0.078784 -0.025925 -0.055865
vn -0.073767 -0.025869 -0.062363
vn -0.068307 -0.025850 -0.068307
vn -0.062363 -0.025869 -0.073767
vn -0.055865 -0.025925 -0.078784
vn -0.048720 -0.026015 -0.083365
vn -0.040819 -0.026131 -0.087470
vn -0.032056 -0.026263 -0.091009
vn -0.022341 -0.026392 -0.093831
vn -0.011637 -0.026494 -0.095722
vn 0.000000 -0.026536 -0.096415
vn 0.009840 -0.026506 -0.095920
vn 0.019033 -0.026429 -0.094547
vn 0.027530 -0.026326 -0.092461
vn 0.035334 -0.026214 -0.089801
vn 0.042486 -0.026106 -0.086680
vn 0.049042 -0.026010 -0.083177
vn 0.055068 -0.025934 -0.079340
vn 0.060629 -0.025881 -0.075195
vn 0.065782 -0.025854 -0.070741
vn 0.070574 -0.025854 -0.065961
vn 0.075039 -0.025880 -0.060822
vn 0.079196 -0.025932 -0.055277
vn 0.083044 -0.026007 -0.049269
vn 0.086560 -0.026102 -0.042733
vn 0.089696 -0.026210 -0.035604
vn 0.092374 -0.026322 -0.027824
vn 0.094484 -0.026426 -0.019353
vn 0.095884 -0.026504 -0.010184
vn 0.096414 -0.026536 -0.000366
vn 0.095954 -0.026508 0.009495
vn 0.094610 -0.026433 0.018713
vn 0.092547 -0.026330 0.027235
vn 0.089906 -0.026218 0.035064
vn 0.086800 -0.026109 0.042238
vn 0.083309 -0.026013 0.048814
vn 0.079485 -0.025936 0.054859
vn 0.075350 -0.025883 0.060435
vn 0.070908 -0.025855 0.065602
vn 0.066140 -0.025853 0.070407
vn 0.061015 -0.025878 0.074883
vn 0.055485 -0.025929 0.079051
vn 0.049495 -0.026004 0.082910
vn 0.039375 -0.026153 0.088123
vn 0.027824 -0.026322 0.092374
vn 0.014688 -0.026471 0.095308
vn 0.000000 -0.026536 0.096415
vn -0.007728 -0.026517 0.096110
vn -0.015073 -0.026467 0.095249
vn -0.028503 -0.026313 0.092169
vn -0.040266 -0.026139 0.087724
vn -0.050535 -0.025990 0.082285
vn -0.059552 -0.025890 0.076048
vn -0.067548 -0.025851 0.069058
vn -0.074694 -0.025877 0.061247
vn -0.081083 -0.025965 0.052453
vn -0.086955 -0.026114 0.041915
vn -0.091774 -0.026295 0.029768
vn -0.093670 -0.026384 0.023016
vn -0.095133 -0.026461 0.015794
vn -0.096079 -0.026516 0.008109
vn -0.098345 -0.013611 -0.011956
vn -0.096383 -0.013556 -0.022948
vn -0.093459 -0.013486 -0.032919
vn -0.089799 -0.013415 -0.041906
vn -0.085564 -0.013352 -0.050005
vn -0.080848 -0.013303 -0.057329
vn -0.075691 -0.013273 -0.063990
vn -0.070086 -0.013263 -0.070086
vn -0.063990 -0.013273 -0.075691
vn -0.057329 -0.013303 -0.080848
vn -0.050005 -0.013352 -0.085564
vn -0.041906 -0.013415 -0.089799
vn -0.032919 -0.013486 -0.093459
vn -0.022948 -0.013556 -0.096383
vn -0.011956 -0.013611 -0.098345
vn 0.000000 -0.013634 -0.099066
vn 0.010110 -0.013618 -0.098551
vn 0.019552 -0.013576 -0.097126
vn 0.028275 -0.013520 -0.094962
vn 0.036282 -0.013460 -0.092209
vn 0.043615 -0.013401 -0.088984
vn 0.050335 -0.013349 -0.085371
vn 0.056512 -0.013308 -0.081420
vn 0.062212 -0.013280 -0.077158
vn 0.067496 -0.013265 -0.072584
vn 0.072412 -0.013265 -0.067679
vn 0.076998 -0.013279 -0.062410
vn 0.081272 -0.013307 -0.056726
vn 0.085233 -0.013348 -0.050568
vn 0.088860 -0.013399 -0.043868
vn 0.092100 -0.013457 -0.036558
vn 0.094872 -0.013518 -0.028577
vn 0.097059 -0.013574 -0.019881
vn 0.098514 -0.013617 -0.010464
vn 0.099065 -0.013634 -0.000376
vn 0.098587 -0.013619 0.009756
vn 0.097191 -0.013578 0.019223
vn 0.095051 -0.013522 0.027972
vn 0.092317 -0.013462 0.036004
vn 0.089108 -0.013403 0.043361
vn 0.085507 -0.013351 0.050102
vn 0.081569 -0.013309 0.056297
vn 0.077317 -0.013280 0.062013
vn 0.072755 -0.013265 0.067311
vn 0.067863 -0.013264 0.072240
vn 0.062607 -0.013278 0.076838
vn 0.056939 -0.013306 0.081122
vn 0.050800 -0.013346 0.085096
vn 0.040426 -0.013426 0.090474
vn 0.028577 -0.013518 0.094872
vn 0.015090 -0.013599 0.097915
vn 0.000000 -0.013634 0.099066
vn -0.007940 -0.013624 0.098749
vn -0.015485 -0.013597 0.097854
vn -0.029273 -0.013513 0.094660
vn -0.041339 -0.013419 0.090061
vn -0.051865 -0.013338 0.084452
vn -0.061108 -0.013284 0.078034
vn -0.069307 -0.013263 0.070857
vn -0.076644 -0.013277 0.062845
vn -0.083214 -0.013325 0.053832
vn -0.089268 -0.013406 0.043030
vn -0.094250 -0.013504 0.030571
vn -0.096216 -0.013552 0.023641
vn -0.097734 -0.013593 0.016225
vn -0.098717 -0.013623 0.008332
vn -0.099269 0.000000 -0.012068
vn -0.097281 0.000000 -0.023162
vn -0.094320 0.000000 -0.033222
vn -0.090618 0.000000 -0.042289
vn -0.086337 0.000000 -0.050457
vn -0.081573 0.000000 -0.057843
vn -0.076367 0.000000 -0.064561
vn -0.070711 0.000000 -0.070711
vn -0.064561 0.000000 -0.076367
vn -0.057843 0.000000 -0.081573
vn -0.050457 0.000000 -0.086337
vn -0.042289 0.000000 -0.090618
vn -0.033222 0.000000 -0.094320
vn -0.023162 0.000000 -0.097281
vn -0.012068 0.000000 -0.099269
vn 0.000000 0.000000 -0.100000
vn 0.010205 0.000000 -0.099478
vn 0.019735 0.000000 -0.098033
vn 0.028537 0.000000 -0.095842
vn 0.036615 0.000000 -0.093056
vn 0.044012 0.000000 -0.089794
vn 0.050790 0.000000 -0.086142
vn 0.057019 0.000000 -0.082151
vn 0.062768 0.000000 -0.077847
vn 0.068097 0.000000 -0.073231
vn 0.073058 0.000000 -0.068283
vn 0.077686 0.000000 -0.062968
vn 0.082001 0.000000 -0.057235
vn 0.086003 0.000000 -0.051024
vn 0.089668 0.000000 -0.044267
vn 0.092945 0.000000 -0.036894
vn 0.095751 0.000000 -0.028841
vn 0.097966 0.000000 -0.020066
vn 0.099441 0.000000 -0.010562
vn 0.099999 0.000000 -0.000380
vn 0.099514 0.000000 0.009847
vn 0.098100 0.000000 0.019403
vn 0.095932 0.000000 0.028231
vn 0.093165 0.000000 0.036335
vn 0.089919 0.000000 0.043755
vn 0.086280 0.000000 0.050555
vn 0.082301 0.000000 0.056803
vn 0.078008 0.000000 0.062568
vn 0.073403 0.000000 0.067911
vn 0.068468 0.000000 0.072884
vn 0.063167 0.000000 0.077524
vn 0.057450 0.000000 0.081850
vn 0.051258 0.000000 0.085864
vn 0.040795 0.000000 0.091300
vn 0.028841 0.000000 0.095751
vn 0.015232 0.000000 0.098833
vn 0.000000 0.000000 0.100000
vn -0.008015 0.000000 0.099678
vn -0.015630 0.000000 0.098771
vn -0.029544 0.000000 0.095536
vn -0.041716 0.000000 0.090883
vn -0.052333 0.000000 0.085213
vn -0.061654 0.000000 0.078732
vn -0.069924 0.000000 0.071488
vn -0.077328 0.000000 0.063406
vn -0.083963 0.000000 0.054316
vn -0.090081 0.000000 0.043422
vn -0.095121 0.000000 0.030853
vn -0.097111 0.000000 0.023862
vn -0.098650 0.000000 0.016377
vn -0.099646 0.000000 0.008410
vn -0.098984 0.007570 -0.012033
vn -0.097004 0.007539 -0.023096
vn -0.094055 0.007500 -0.033129
vn -0.090366 0.007460 -0.042171
vn -0.086099 0.007424 -0.050318
vn -0.081350 0.007397 -0.057684
vn -0.076158 0.007380 -0.064385
vn -0.070518 0.007374 -0.070518
vn -0.064385 0.007380 -0.076158
vn -0.057684 0.007397 -0.081350
vn -0.050318 0.007424 -0.086099
vn -0.042171 0.007460 -0.090366
vn -0.033129 0.007500 -0.094055
vn -0.023096 0.007539 -0.097004
vn -0.012033 0.007570 -0.098984
vn 0.000000 0.007583 -0.099712
vn 0.010176 0.007574 -0.099192
vn 0.019679 0.007551 -0.097753
vn 0.028456 0.007519 -0.095570
vn 0.036512 0.007485 -0.092795
vn 0.043889 0.007452 -0.089544
vn 0.050650 0.007423 -0.085904
vn 0.056863 0.007400 -0.081926
vn 0.062597 0.007384 -0.077635
vn 0.067912 0.007375 -0.073031
vn 0.072859 0.007375 -0.068097
vn 0.077474 0.007383 -0.062796
vn 0.081776 0.007399 -0.057078
vn 0.085766 0.007422 -0.050884
vn 0.089419 0.007451 -0.044144
vn 0.092685 0.007484 -0.036790
vn 0.095480 0.007518 -0.028760
vn 0.097686 0.007550 -0.020009
vn 0.099155 0.007573 -0.010532
vn 0.099711 0.007583 -0.000379
vn 0.099228 0.007575 0.009819
vn 0.097819 0.007552 0.019348
vn 0.095661 0.007520 0.028151
vn 0.092904 0.007486 0.036233
vn 0.089669 0.007453 0.043634
vn 0.086042 0.007424 0.050415
vn 0.082075 0.007400 0.056647
vn 0.077795 0.007384 0.062397
vn 0.073203 0.007375 0.067726
vn 0.068282 0.007375 0.072686
vn 0.062994 0.007383 0.077312
vn 0.057293 0.007398 0.081626
vn 0.051117 0.007421 0.085627
vn 0.040681 0.007466 0.091046
vn 0.028760 0.007518 0.095480
vn 0.015188 0.007563 0.098550
vn 0.000000 0.007583 0.099712
vn -0.007992 0.007578 0.099392
vn -0.015586 0.007562 0.098488
vn -0.029461 0.007515 0.095266
vn -0.041600 0.007462 0.090630
vn -0.052189 0.007417 0.084978
vn -0.061486 0.007386 0.078517
vn -0.069734 0.007374 0.071294
vn -0.077117 0.007382 0.063233
vn -0.083732 0.007409 0.054167
vn -0.089830 0.007455 0.043301
vn -0.094853 0.007510 0.030766
vn -0.096835 0.007537 0.023794
vn -0.098367 0.007560 0.016330
vn -0.099359 0.007577 0.008386
vn -0.098158 0.014921 -0.011933
vn -0.096200 0.014860 -0.022905
vn -0.093284 0.014784 -0.032857
vn -0.089633 0.014706 -0.041829
vn -0.085407 0.014637 -0.049913
vn -0.080701 0.014584 -0.057224
vn -0.075554 0.014551 -0.063874
vn -0.069959 0.014540 -0.069959
vn -0.063874 0.014551 -0.075554
vn -0.057224 0.014584 -0.080701
vn -0.049913 0.014637 -0.085407
vn -0.041829 0.014706 -0.089633
vn -0.032857 0.014784 -0.093284
vn -0.022905 0.014860 -0.096200
vn -0.011933 0.014921 -0.098158
vn 0.000000 0.014946 -0.098877
vn 0.010091 0.014928 -0.098363
vn 0.019515 0.014882 -0.096942
vn 0.028222 0.014821 -0.094783
vn 0.036214 0.014755 -0.092037
vn 0.043534 0.014691 -0.088820
vn 0.050243 0.014635 -0.085214
vn 0.056409 0.014590 -0.081272
vn 0.062099 0.014558 -0.077018
vn 0.067373 0.014542 -0.072452
vn 0.072281 0.014542 -0.067557
vn 0.076858 0.014558 -0.062297
vn 0.081124 0.014588 -0.056623
vn 0.085077 0.014633 -0.050475
vn 0.088696 0.014689 -0.043787
vn 0.091928 0.014753 -0.036490
vn 0.094693 0.014819 -0.028523
vn 0.096875 0.014880 -0.019843
vn 0.098327 0.014927 -0.010444
vn 0.098876 0.014946 -0.000375
vn 0.098399 0.014929 0.009737
vn 0.097007 0.014884 0.019187
vn 0.094872 0.014824 0.027919
vn 0.092145 0.014757 0.035937
vn 0.088943 0.014693 0.043281
vn 0.085351 0.014636 0.050010
vn 0.081420 0.014591 0.056195
vn 0.077177 0.014559 0.061901
vn 0.072623 0.014543 0.067189
vn 0.067740 0.014542 0.072110
vn 0.062494 0.014557 0.076698
vn 0.056836 0.014587 0.080975
vn 0.050706 0.014631 0.084940
vn 0.040351 0.014719 0.090306
vn 0.028523 0.014819 0.094693
vn 0.015061 0.014907 0.097729
vn 0.000000 0.014946 0.098877
vn -0.007925 0.014935 0.098560
vn -0.015456 0.014905 0.097668
vn -0.029218 0.014814 0.094482
vn -0.041262 0.014711 0.089895
vn -0.051771 0.014623 0.084297
vn -0.060997 0.014564 0.077893
vn -0.069181 0.014540 0.070729
vn -0.076505 0.014556 0.062731
vn -0.083062 0.014608 0.053733
vn -0.089103 0.014696 0.042950
vn -0.094073 0.014803 0.030514
vn -0.096034 0.014856 0.023597
vn -0.097548 0.014901 0.016194
vn -0.098528 0.014933 0.008316
vn -0.096672 0.022727 -0.011752
vn -0.094755 0.022637 -0.022561
vn -0.091896 0.022524 -0.032368
vn -0.088314 0.022409 -0.041213
vn -0.084162 0.022307 -0.049185
vn -0.079532 0.022229 -0.056396
vn -0.074464 0.022180 -0.062953
vn -0.068952 0.022164 -0.068952
vn -0.062953 0.022180 -0.074464
vn -0.056396 0.022229 -0.079532
vn -0.049185 0.022307 -0.084162
vn -0.041213 0.022409 -0.088314
vn -0.032368 0.022524 -0.091896
vn -0.022561 0.022637 -0.094755
vn -0.011752 0.022727 -0.096672
vn 0.000000 0.022763 -0.097375
vn 0.009938 0.022737 -0.096872
vn 0.019221 0.022670 -0.095481
vn 0.027800 0.022580 -0.093367
vn 0.035678 0.022482 -0.090674
vn 0.042895 0.022387 -0.087515
vn 0.049511 0.022303 -0.083972
vn 0.055592 0.022237 -0.080094
vn 0.061203 0.022191 -0.075906
vn 0.066403 0.022167 -0.071409
vn 0.071240 0.022166 -0.066584
vn 0.075749 0.022189 -0.061398
vn 0.079948 0.022235 -0.055802
vn 0.083837 0.022301 -0.049739
vn 0.087393 0.022383 -0.043144
vn 0.090567 0.022478 -0.035950
vn 0.093279 0.022576 -0.028097
vn 0.095416 0.022667 -0.019544
vn 0.096837 0.022735 -0.010285
vn 0.097374 0.022763 -0.000370
vn 0.096907 0.022739 0.009589
vn 0.095545 0.022673 0.018898
vn 0.093454 0.022583 0.027502
vn 0.090780 0.022485 0.035404
vn 0.087636 0.022390 0.042645
vn 0.084106 0.022306 0.049281
vn 0.080240 0.022239 0.055380
vn 0.076063 0.022192 0.061007
vn 0.071577 0.022167 0.066222
vn 0.066765 0.022166 0.071071
vn 0.061592 0.022188 0.075592
vn 0.056012 0.022233 0.079802
vn 0.049968 0.022298 0.083702
vn 0.039756 0.022428 0.088975
vn 0.028097 0.022576 0.093279
vn 0.014834 0.022706 0.096252
vn 0.000000 0.022763 0.097375
vn -0.007805 0.022747 0.097065
vn -0.015222 0.022703 0.096192
vn -0.028782 0.022568 0.093071
vn -0.040654 0.022416 0.088571
vn -0.051017 0.022286 0.083070
vn -0.060116 0.022198 0.076768
vn -0.068185 0.022164 0.069710
vn -0.075401 0.022187 0.061826
vn -0.081855 0.022264 0.052953
vn -0.087793 0.022394 0.042319
vn -0.092671 0.022553 0.030059
vn -0.094592 0.022630 0.023243
vn -0.096075 0.022697 0.015950
vn -0.097034 0.022745 0.008190
vn -0.092750 0.030161 -0.022083
vn -0.089971 0.030017 -0.031690
vn -0.086481 0.029869 -0.040358
vn -0.082431 0.029740 -0.048174
vn -0.077908 0.029640 -0.055244
vn -0.072950 0.029577 -0.061673
vn -0.067552 0.029556 -0.067552
vn -0.061673 0.029577 -0.072950
vn -0.055244 0.029640 -0.077908
vn -0.048174 0.029740 -0.082431
vn -0.040358 0.029869 -0.086481
vn -0.031690 0.030017 -0.089971
vn -0.022083 0.030161 -0.092750
vn -0.011502 0.030275 -0.094610
vn 0.000000 0.030322 -0.095292
vn 0.009726 0.030288 -0.094805
vn 0.018813 0.030203 -0.093455
vn 0.027214 0.030088 -0.091401
vn 0.034933 0.029962 -0.088780
vn 0.042006 0.029841 -0.085703
vn 0.048493 0.029735 -0.082245
vn 0.054455 0.029649 -0.078457
vn 0.059957 0.029590 -0.074361
vn 0.065054 0.029560 -0.069958
vn 0.069793 0.029559 -0.065232
vn 0.074207 0.029589 -0.060148
vn 0.078314 0.029647 -0.054662
vn 0.082114 0.029731 -0.048717
vn 0.085584 0.029837 -0.042251
vn 0.088677 0.029958 -0.035199
vn 0.091315 0.030083 -0.027505
vn 0.093392 0.030199 -0.019129
vn 0.094770 0.030286 -0.010066
vn 0.095291 0.030322 -0.000362
vn 0.094839 0.030291 0.009385
vn 0.093517 0.030206 0.018497
vn 0.091486 0.030092 0.026923
vn 0.088884 0.029967 0.034665
vn 0.085821 0.029845 0.041761
vn 0.082376 0.029738 0.048268
vn 0.078600 0.029652 0.054248
vn 0.074515 0.029592 0.059765
vn 0.070123 0.029561 0.064876
vn 0.065408 0.029559 0.069628
vn 0.060339 0.029587 0.074053
vn 0.054868 0.029644 0.078171
vn 0.048941 0.029728 0.081982
vn 0.038930 0.029894 0.087125
vn 0.027505 0.030083 0.091315
vn 0.014518 0.030249 0.094203
vn 0.000000 0.030322 0.095292
vn -0.007638 0.030301 0.094992
vn -0.014898 0.030245 0.094145
vn -0.028177 0.030073 0.091114
vn -0.039810 0.029879 0.086732
vn -0.049970 0.029712 0.081365
vn -0.058891 0.029600 0.075204
vn -0.066800 0.029556 0.068295
vn -0.073866 0.029585 0.060568
vn -0.080178 0.029684 0.051868
vn -0.085974 0.029851 0.041442
vn -0.090724 0.030053 0.029427
vn -0.092592 0.030152 0.022751
vn -0.094032 0.030238 0.015611
vn -0.088821 0.044656 -0.010798
vn -0.087114 0.044508 -0.020741
vn -0.084551 0.044319 -0.029781
vn -0.081318 0.044127 -0.037949
vn -0.077549 0.043957 -0.045321
vn -0.073322 0.043827 -0.051992
vn -0.068672 0.043745 -0.058056
vn -0.063596 0.043717 -0.063596
vn -0.058056 0.043745 -0.068672
vn -0.051992 0.043827 -0.073322
vn -0.045321 0.043957 -0.077549
vn -0.037949 0.044127 -0.081318
vn -0.029781 0.044319 -0.084551
vn -0.020741 0.044508 -0.087114
vn -0.010798 0.044656 -0.088821
vn 0.000000 0.044717 -0.089445
vn 0.009130 0.044673 -0.089000
vn 0.017667 0.044562 -0.087762
vn 0.025568 0.044412 -0.085871
vn 0.032835 0.044249 -0.083450
vn 0.039503 0.044090 -0.080595
vn 0.045621 0.043951 -0.077376
vn 0.051248 0.043840 -0.073836
vn 0.056438 0.043762 -0.069997
vn 0.061243 0.043722 -0.065860
vn 0.065705 0.043722 -0.061411
vn 0.069853 0.043760 -0.056618
vn 0.073702 0.043836 -0.051443
vn 0.077253 0.043946 -0.045833
vn 0.080485 0.044085 -0.039733
vn 0.083354 0.044243 -0.033087
vn 0.085792 0.044406 -0.025842
vn 0.087704 0.044557 -0.017964
vn 0.088968 0.044670 -0.009450
vn 0.089444 0.044717 -0.000340
vn 0.089030 0.044676 0.008810
vn 0.087819 0.044567 0.017370
vn 0.085949 0.044418 0.025293
vn 0.083546 0.044255 0.032583
vn 0.080705 0.044096 0.039272
vn 0.077498 0.043956 0.045409
vn 0.073969 0.043843 0.051052
vn 0.070141 0.043764 0.056258
vn 0.066015 0.043723 0.061076
vn 0.061577 0.043721 0.065549
vn 0.056798 0.043758 0.069708
vn 0.051637 0.043833 0.073568
vn 0.046044 0.043942 0.077130
vn 0.036602 0.044159 0.081916
vn 0.025842 0.044406 0.085792
vn 0.013631 0.044622 0.088448
vn 0.000000 0.044717 0.089445
vn -0.007170 0.044690 0.089171
vn -0.013988 0.044617 0.088395
vn -0.026474 0.044393 0.085606
vn -0.037432 0.044140 0.081551
vn -0.047015 0.043921 0.076554
vn -0.055433 0.043775 0.070788
vn -0.062888 0.043718 0.064295
vn -0.069533 0.043756 0.057014
vn -0.075446 0.043885 0.048806
vn -0.080847 0.044103 0.038971
vn -0.085247 0.044367 0.027651
vn -0.086968 0.044496 0.021369
vn -0.088291 0.044608 0.014658
vn -0.089143 0.044687 0.007524
vn -0.092330 0.037609 0.007793
vn -0.091436 0.037537 0.015180
vn -0.090050 0.037437 0.022126
vn -0.088249 0.037320 0.028624
vn -0.083658 0.037082 0.040326
vn -0.078042 0.036886 0.050486
vn -0.071911 0.036770 0.058964
vn -0.065035 0.036735 0.066490
vn -0.057331 0.036787 0.073211
vn -0.048636 0.036919 0.079193
vn -0.038736 0.037115 0.084392
vn -0.027407 0.037343 0.088625
vn -0.014487 0.037546 0.091545
vn -0.007426 0.037611 0.092359
vn 0.000000 0.037636 0.092647
vn 0.014117 0.037550 0.091601
vn 0.026753 0.037355 0.088819
vn 0.037878 0.037133 0.084773
vn 0.047633 0.036937 0.079792
vn 0.053410 0.036839 0.076094
vn 0.058741 0.036772 0.072092
vn 0.063680 0.036739 0.067788
vn 0.068270 0.036740 0.063162
vn 0.072541 0.036777 0.058183
vn 0.076510 0.036848 0.052806
vn 0.080174 0.036949 0.046977
vn 0.083511 0.037076 0.040637
vn 0.086472 0.037219 0.033725
vn 0.088984 0.037366 0.026186
vn 0.090941 0.037500 0.017987
vn 0.092212 0.037599 0.009125
vn 0.092647 0.037636 -0.000352
vn 0.092146 0.037593 -0.009787
vn 0.090820 0.037491 -0.018603
vn 0.088819 0.037355 -0.026753
vn 0.086272 0.037208 -0.034245
vn 0.083281 0.037066 -0.041114
vn 0.079920 0.036941 -0.047415
vn 0.076233 0.036842 -0.053209
vn 0.072242 0.036774 -0.058555
vn 0.067949 0.036739 -0.063508
vn 0.063335 0.036740 -0.068109
vn 0.058369 0.036776 -0.072392
vn 0.053008 0.036845 -0.076372
vn 0.047196 0.036945 -0.080047
vn 0.040876 0.037071 -0.083396
vn 0.033985 0.037213 -0.086372
vn 0.026470 0.037361 -0.088902
vn 0.018295 0.037496 -0.090881
vn 0.009456 0.037596 -0.092180
vn 0.000000 0.037636 -0.092647
vn -0.011183 0.037581 -0.091992
vn -0.021477 0.037447 -0.090202
vn -0.030828 0.037277 -0.087522
vn -0.039270 0.037104 -0.084150
vn -0.046886 0.036951 -0.080227
vn -0.053776 0.036834 -0.075838
vn -0.060041 0.036760 -0.071020
vn -0.065767 0.036735 -0.065767
vn -0.071020 0.036760 -0.060041
vn -0.075838 0.036834 -0.053776
vn -0.080227 0.036951 -0.046886
vn -0.084150 0.037104 -0.039270
vn -0.087522 0.037277 -0.030828
vn -0.090202 0.037447 -0.021477
vn -0.091992 0.037581 -0.011183
vn -0.085087 0.051510 -0.010344
vn -0.083474 0.051353 -0.019875
vn -0.081046 0.051153 -0.028547
vn -0.077975 0.050949 -0.036388
vn -0.074383 0.050769 -0.043471
vn -0.070346 0.050630 -0.049881
vn -0.065894 0.050543 -0.055708
vn -0.061026 0.050513 -0.061026
vn -0.055708 0.050543 -0.065894
vn -0.049881 0.050630 -0.070346
vn -0.043471 0.050769 -0.074383
vn -0.036388 0.050949 -0.077975
vn -0.028547 0.051153 -0.081046
vn -0.019875 0.051353 -0.083474
vn -0.010344 0.051510 -0.085087
vn 0.000000 0.051574 -0.085674
vn 0.008746 0.051528 -0.085255
vn 0.016927 0.051410 -0.084086
vn 0.024504 0.051251 -0.082298
vn 0.031478 0.051078 -0.080001
vn 0.037881 0.050910 -0.077286
vn 0.043760 0.050762 -0.074218
vn 0.049166 0.050643 -0.070837
vn 0.054154 0.050561 -0.067164
vn 0.058769 0.050519 -0.063199
vn 0.063050 0.050518 -0.058929
vn 0.067025 0.050559 -0.054327
vn 0.070709 0.050640 -0.049354
vn 0.074101 0.050757 -0.043963
vn 0.077181 0.050904 -0.038103
vn 0.079910 0.051072 -0.031720
vn 0.082223 0.051245 -0.024767
vn 0.084032 0.051404 -0.017212
vn 0.085225 0.051525 -0.009052
vn 0.085674 0.051574 -0.000325
vn 0.085284 0.051531 0.008439
vn 0.084140 0.051415 0.016642
vn 0.082372 0.051257 0.024241
vn 0.080092 0.051084 0.031236
vn 0.077391 0.050916 0.037659
vn 0.074335 0.050767 0.043556
vn 0.070965 0.050647 0.048978
vn 0.067302 0.050563 0.053980
vn 0.063348 0.050520 0.058608
vn 0.059089 0.050517 0.062901
vn 0.054499 0.050557 0.066887
vn 0.049541 0.050636 0.070581
vn 0.044166 0.050752 0.073984
vn 0.035095 0.050983 0.078543
vn 0.024767 0.051245 0.082223
vn 0.013059 0.051473 0.084735
vn 0.000000 0.051574 0.085674
vn -0.006868 0.051545 0.085416
vn -0.013401 0.051468 0.084684
vn -0.025373 0.051231 0.082047
vn -0.035892 0.050962 0.078196
vn -0.045099 0.050730 0.073434
vn -0.053188 0.050574 0.067921
vn -0.060347 0.050514 0.061697
vn -0.066719 0.050554 0.054707
vn -0.072376 0.050692 0.046820
vn -0.077526 0.050923 0.037370
vn -0.081706 0.051203 0.026502
vn -0.083336 0.051340 0.020477
vn -0.084586 0.051459 0.014043
vn -0.085390 0.051542 0.007207
vn -0.080767 0.058140 -0.009819
vn -0.079260 0.057980 -0.018872
vn -0.076985 0.057776 -0.027116
vn -0.074096 0.057568 -0.034578
vn -0.070707 0.057384 -0.041322
vn -0.066887 0.057242 -0.047429
vn -0.062665 0.057153 -0.052978
vn -0.058039 0.057123 -0.058039
vn -0.052978 0.057153 -0.062665
vn -0.047429 0.057242 -0.066887
vn -0.041322 0.057384 -0.070707
vn -0.034578 0.057568 -0.074096
vn -0.027116 0.057776 -0.076985
vn -0.018872 0.057980 -0.079260
vn -0.009819 0.058140 -0.080767
vn 0.000000 0.058205 -0.081315
vn 0.008302 0.058158 -0.080924
vn 0.016071 0.058038 -0.079833
vn 0.023272 0.057876 -0.078159
vn 0.029905 0.057700 -0.076003
vn 0.036000 0.057528 -0.073447
vn 0.041598 0.057377 -0.070551
vn 0.046748 0.057256 -0.067353
vn 0.051498 0.057172 -0.063870
vn 0.055891 0.057129 -0.060104
vn 0.059963 0.057128 -0.056043
vn 0.063738 0.057170 -0.051663
vn 0.067232 0.057253 -0.046926
vn 0.070441 0.057372 -0.041791
vn 0.073348 0.057523 -0.036210
vn 0.075917 0.057693 -0.030135
vn 0.078088 0.057870 -0.023521
vn 0.079782 0.058033 -0.016342
vn 0.080896 0.058155 -0.008592
vn 0.081314 0.058205 -0.000309
vn 0.080951 0.058161 0.008010
vn 0.079883 0.058043 0.015800
vn 0.078228 0.057883 0.023021
vn 0.076088 0.057706 0.029675
vn 0.073546 0.057534 0.035788
vn 0.070661 0.057382 0.041403
vn 0.067473 0.057260 0.046569
vn 0.064000 0.057175 0.051332
vn 0.060245 0.057130 0.055738
vn 0.056196 0.057127 0.059821
vn 0.051827 0.057168 0.063607
vn 0.047104 0.057249 0.067110
vn 0.041985 0.057367 0.070330
vn 0.033347 0.057603 0.074631
vn 0.023521 0.057870 0.078088
vn 0.012397 0.058103 0.080439
vn 0.000000 0.058205 0.081315
vn -0.006519 0.058176 0.081075
vn -0.012722 0.058098 0.080392
vn -0.024098 0.057856 0.077923
vn -0.034106 0.057582 0.074304
vn -0.042873 0.057345 0.069810
vn -0.050578 0.057186 0.064588
vn -0.057393 0.057124 0.058677
vn -0.063448 0.057165 0.052025
vn -0.068809 0.057306 0.044513
vn -0.073673 0.057542 0.035513
vn -0.077604 0.057828 0.025171
vn -0.079131 0.057967 0.019444
vn -0.080300 0.058088 0.013331
vn -0.081050 0.058173 0.006841
vn -0.075834 0.064531 -0.009219
vn -0.074443 0.064374 -0.017725
vn -0.072336 0.064175 -0.025479
vn -0.069651 0.063971 -0.032504
vn -0.066490 0.063790 -0.038858
vn -0.062915 0.063650 -0.044613
vn -0.058955 0.063563 -0.049841
vn -0.054606 0.063533 -0.054606
vn -0.049841 0.063563 -0.058955
vn -0.044613 0.063650 -0.062915
vn -0.038858 0.063790 -0.066490
vn -0.032504 0.063971 -0.069651
vn -0.025479 0.064175 -0.072336
vn -0.017725 0.064374 -0.074443
vn -0.009219 0.064531 -0.075834
vn 0.000000 0.064595 -0.076338
vn 0.007794 0.064549 -0.075978
vn 0.015093 0.064431 -0.074972
vn 0.021862 0.064273 -0.073424
vn 0.028103 0.064100 -0.071424
vn 0.033843 0.063932 -0.069047
vn 0.039117 0.063783 -0.066344
vn 0.043971 0.063664 -0.063352
vn 0.048447 0.063581 -0.060086
vn 0.052584 0.063539 -0.056548
vn 0.056415 0.063538 -0.052728
vn 0.059963 0.063579 -0.048602
vn 0.063238 0.063660 -0.044139
vn 0.066241 0.063778 -0.039300
vn 0.068954 0.063926 -0.034041
vn 0.071344 0.064094 -0.028320
vn 0.073359 0.064267 -0.022097
vn 0.074925 0.064426 -0.015347
vn 0.075953 0.064545 -0.008067
vn 0.076337 0.064595 -0.000290
vn 0.076003 0.064552 0.007521
vn 0.075019 0.064436 0.014838
vn 0.073488 0.064279 0.021626
vn 0.071503 0.064106 0.027887
vn 0.069139 0.063937 0.033643
vn 0.066447 0.063788 0.038934
vn 0.063465 0.063668 0.043802
vn 0.060209 0.063584 0.048291
vn 0.056681 0.063539 0.052440
vn 0.052871 0.063537 0.056282
vn 0.048757 0.063577 0.059839
vn 0.044307 0.063657 0.063125
vn 0.039482 0.063773 0.066137
vn 0.031344 0.064005 0.070149
vn 0.022097 0.064267 0.073359
vn 0.011640 0.064495 0.075531
vn 0.000000 0.064595 0.076338
vn -0.006120 0.064566 0.076117
vn -0.011946 0.064490 0.075488
vn -0.022639 0.064252 0.073206
vn -0.032059 0.063984 0.069845
vn -0.040319 0.063751 0.065651
vn -0.047581 0.063595 0.060760
vn -0.053998 0.063534 0.055206
vn -0.059690 0.063574 0.048943
vn -0.064715 0.063713 0.041865
vn -0.069257 0.063945 0.033384
vn -0.072910 0.064225 0.023649
vn -0.074324 0.064362 0.018262
vn -0.075403 0.064480 0.012518
vn -0.076094 0.064563 0.006422
vn -0.063882 0.076543 -0.007766
vn -0.062755 0.076411 -0.014942
vn -0.061033 0.076242 -0.021497
vn -0.058821 0.076069 -0.027450
vn -0.056197 0.075916 -0.032843
vn -0.053209 0.075797 -0.037730
vn -0.049879 0.075722 -0.042168
vn -0.046206 0.075697 -0.046206
vn -0.042168 0.075722 -0.049879
vn -0.037730 0.075797 -0.053209
vn -0.032843 0.075916 -0.056197
vn -0.027450 0.076069 -0.058821
vn -0.021497 0.076242 -0.061033
vn -0.014942 0.076411 -0.062755
vn -0.007766 0.076543 -0.063882
vn 0.000000 0.076597 -0.064288
vn 0.006565 0.076558 -0.063999
vn 0.012720 0.076459 -0.063185
vn 0.018438 0.076325 -0.061924
vn 0.023720 0.076179 -0.060284
vn 0.028586 0.076036 -0.058321
vn 0.033063 0.075910 -0.056076
vn 0.037185 0.075809 -0.053575
vn 0.040986 0.075738 -0.050832
vn 0.044494 0.075702 -0.047849
vn 0.047736 0.075701 -0.044616
vn 0.050728 0.075736 -0.041117
vn 0.053480 0.075806 -0.037328
vn 0.055990 0.075906 -0.033218
vn 0.058245 0.076031 -0.028754
vn 0.060218 0.076173 -0.023903
vn 0.061870 0.076320 -0.018636
vn 0.063146 0.076454 -0.012934
vn 0.063978 0.076555 -0.006795
vn 0.064288 0.076597 -0.000244
vn 0.064019 0.076560 0.006335
vn 0.063222 0.076463 0.012505
vn 0.061976 0.076330 0.018238
vn 0.060349 0.076184 0.023536
vn 0.058397 0.076041 0.028417
vn 0.056162 0.075914 0.032907
vn 0.053670 0.075812 0.037042
vn 0.050935 0.075740 0.040853
vn 0.047961 0.075703 0.044372
vn 0.044738 0.075701 0.047623
vn 0.041249 0.075734 0.050624
vn 0.037471 0.075803 0.053385
vn 0.033373 0.075902 0.055904
vn 0.026467 0.076098 0.059233
vn 0.018636 0.076320 0.061870
vn 0.009807 0.076512 0.063637
vn 0.000000 0.076597 0.064288
vn -0.005155 0.076572 0.064110
vn -0.010065 0.076508 0.063602
vn -0.019095 0.076308 0.061745
vn -0.027073 0.076081 0.058982
vn -0.034084 0.075883 0.055498
vn -0.040250 0.075750 0.051399
vn -0.045692 0.075697 0.046714
vn -0.050499 0.075732 0.041407
vn -0.054716 0.075850 0.035396
vn -0.058495 0.076048 0.028197
vn -0.061503 0.076285 0.019949
vn -0.062658 0.076400 0.015396
vn -0.063534 0.076500 0.010548
vn -0.064092 0.076570 0.005409
vn -0.070490 0.070681 0.005949
vn -0.069863 0.070602 0.011598
vn -0.068880 0.070492 0.016925
vn -0.067590 0.070363 0.021923
vn -0.064243 0.070099 0.030967
vn -0.060060 0.069880 0.038853
vn -0.055413 0.069749 0.045437
vn -0.050134 0.069710 0.051255
vn -0.044170 0.069768 0.056404
vn -0.037416 0.069916 0.060924
vn -0.029736 0.070135 0.064783
vn -0.020986 0.070389 0.067860
vn -0.011068 0.070612 0.069939
vn -0.005670 0.070683 0.070510
vn 0.000000 0.070711 0.070711
vn 0.010785 0.070616 0.069979
vn 0.020483 0.070402 0.068000
vn 0.029071 0.070155 0.065062
vn 0.036637 0.069937 0.061372
vn 0.041125 0.069827 0.058591
vn 0.045264 0.069751 0.055552
vn 0.049087 0.069714 0.052254
vn 0.052624 0.069716 0.048687
vn 0.055894 0.069758 0.044830
vn 0.058906 0.069837 0.040656
vn 0.061658 0.069951 0.036128
vn 0.064134 0.070092 0.031208
vn 0.066304 0.070251 0.025859
vn 0.068118 0.070414 0.020046
vn 0.069513 0.070561 0.013749
vn 0.070407 0.070670 0.006967
vn 0.070710 0.070711 -0.000268
vn 0.070361 0.070664 -0.007473
vn 0.069428 0.070552 -0.014221
vn 0.068000 0.070402 -0.020483
vn 0.066158 0.070239 -0.026261
vn 0.063965 0.070081 -0.031578
vn 0.061468 0.069941 -0.036468
vn 0.058697 0.069830 -0.040969
vn 0.055666 0.069753 -0.045120
vn 0.052378 0.069714 -0.048954
vn 0.048821 0.069715 -0.052501
vn 0.044975 0.069755 -0.055780
vn 0.040813 0.069834 -0.058801
vn 0.036298 0.069946 -0.061563
vn 0.031393 0.070086 -0.064050
vn 0.026060 0.070245 -0.066231
vn 0.020265 0.070408 -0.068059
vn 0.013985 0.070557 -0.069471
vn 0.007221 0.070667 -0.070385
vn 0.000000 0.070711 -0.070711
vn -0.008541 0.070650 -0.070254
vn -0.016426 0.070503 -0.068989
vn -0.023622 0.070315 -0.067065
vn -0.030149 0.070123 -0.064605
vn -0.036057 0.069952 -0.061697
vn -0.041410 0.069821 -0.058398
vn -0.046271 0.069738 -0.054732
vn -0.050698 0.069710 -0.050698
vn -0.054732 0.069738 -0.046271
vn -0.058398 0.069821 -0.041410
vn -0.061697 0.069952 -0.036057
vn -0.064605 0.070123 -0.030149
vn -0.067065 0.070315 -0.023622
vn -0.068989 0.070503 -0.016426
vn -0.070254 0.070650 -0.008541
vn -0.057211 0.081723 -0.006955
vn -0.056220 0.081610 -0.013386
vn -0.054701 0.081465 -0.019267
vn -0.052743 0.081317 -0.024613
vn -0.050410 0.081185 -0.029460
vn -0.047744 0.081082 -0.033855
vn -0.044765 0.081018 -0.037845
vn -0.041471 0.080996 -0.041471
vn -0.037845 0.081018 -0.044765
vn -0.033855 0.081082 -0.047744
vn -0.029460 0.081185 -0.050410
vn -0.024613 0.081317 -0.052743
vn -0.019267 0.081465 -0.054701
vn -0.013386 0.081610 -0.056220
vn -0.006955 0.081723 -0.057211
vn 0.000000 0.081769 -0.057566
vn 0.005880 0.081735 -0.057313
vn 0.011394 0.081651 -0.056598
vn 0.016521 0.081536 -0.055488
vn 0.021263 0.081411 -0.054039
vn 0.025634 0.081288 -0.052299
vn 0.029658 0.081180 -0.050302
vn 0.033365 0.081092 -0.048071
vn 0.036781 0.081032 -0.045618
vn 0.039934 0.081000 -0.042944
vn 0.042844 0.081000 -0.040043
vn 0.045525 0.081030 -0.036900
vn 0.047986 0.081090 -0.033493
vn 0.050225 0.081176 -0.029798
vn 0.052231 0.081284 -0.025785
vn 0.053981 0.081406 -0.021427
vn 0.055441 0.081532 -0.016700
vn 0.056565 0.081647 -0.011586
vn 0.057295 0.081733 -0.006086
vn 0.057566 0.081769 -0.000219
vn 0.057330 0.081738 0.005673
vn 0.056631 0.081654 0.011201
vn 0.055534 0.081541 0.016343
vn 0.054097 0.081415 0.021098
vn 0.052366 0.081292 0.025482
vn 0.050378 0.081183 0.029519
vn 0.048156 0.081095 0.033236
vn 0.045710 0.081033 0.036663
vn 0.043045 0.081001 0.039824
vn 0.040152 0.080999 0.042742
vn 0.037018 0.081028 0.045432
vn 0.033621 0.081087 0.047901
vn 0.029937 0.081172 0.050148
vn 0.023730 0.081342 0.053108
vn 0.016700 0.081532 0.055441
vn 0.008784 0.081696 0.056996
vn 0.000000 0.081769 0.057566
vn -0.004616 0.081748 0.057410
vn -0.009015 0.081693 0.056965
vn -0.017111 0.081521 0.055331
vn -0.024274 0.081326 0.052885
vn -0.030576 0.081156 0.049787
vn -0.036121 0.081042 0.046126
vn -0.041009 0.080997 0.041926
vn -0.045319 0.081026 0.037160
vn -0.049089 0.081128 0.031756
vn -0.052453 0.081298 0.025284
vn -0.055117 0.081502 0.017878
vn -0.056134 0.081601 0.013793
vn -0.056905 0.081686 0.009447
vn -0.057395 0.081746 0.004844
vn -0.050834 0.085893 -0.006180
vn -0.049969 0.085800 -0.011897
vn -0.048637 0.085680 -0.017131
vn -0.046913 0.085556 -0.021893
vn -0.044854 0.085446 -0.026213
vn -0.042493 0.085361 -0.030131
vn -0.039848 0.085307 -0.033688
vn -0.036917 0.085289 -0.036917
vn -0.033688 0.085307 -0.039848
vn -0.030131 0.085361 -0.042493
vn -0.026213 0.085446 -0.044854
vn -0.021893 0.085556 -0.046913
vn -0.017131 0.085680 -0.048637
vn -0.011897 0.085800 -0.049969
vn -0.006180 0.085893 -0.050834
vn 0.000000 0.085932 -0.051144
vn 0.005224 0.085904 -0.050923
vn 0.010126 0.085834 -0.050300
vn 0.014687 0.085739 -0.049327
vn 0.018908 0.085634 -0.048055
vn 0.022802 0.085532 -0.046522
vn 0.026390 0.085442 -0.044758
vn 0.029694 0.085369 -0.042783
vn 0.032740 0.085319 -0.040606
vn 0.035549 0.085292 -0.038229
vn 0.038139 0.085292 -0.035647
vn 0.040523 0.085317 -0.032846
vn 0.042707 0.085367 -0.029809
vn 0.044690 0.085439 -0.026514
vn 0.046462 0.085529 -0.022937
vn 0.048004 0.085630 -0.019055
vn 0.049286 0.085735 -0.014846
vn 0.050270 0.085831 -0.010297
vn 0.050908 0.085902 -0.005407
vn 0.051144 0.085932 -0.000194
vn 0.050939 0.085906 0.005041
vn 0.050328 0.085837 0.009954
vn 0.049368 0.085742 0.014528
vn 0.048106 0.085638 0.018761
vn 0.046582 0.085536 0.022667
vn 0.044826 0.085445 0.026265
vn 0.042858 0.085371 0.029579
vn 0.040688 0.085320 0.032634
vn 0.038319 0.085293 0.035452
vn 0.035744 0.085291 0.038049
vn 0.032951 0.085316 0.040441
vn 0.029923 0.085365 0.042632
vn 0.026638 0.085436 0.044622
vn 0.021106 0.085577 0.047235
vn 0.014846 0.085735 0.049286
vn 0.007805 0.085872 0.050647
vn 0.000000 0.085932 0.051144
vn -0.004101 0.085914 0.051009
vn -0.008011 0.085869 0.050620
vn -0.015212 0.085726 0.049189
vn -0.021591 0.085564 0.047039
vn -0.027208 0.085423 0.044302
vn -0.032151 0.085327 0.041057
vn -0.036507 0.085289 0.037323
vn -0.040340 0.085314 0.033078
vn -0.043685 0.085399 0.028260
vn -0.046658 0.085540 0.022491
vn -0.049002 0.085710 0.015894
vn -0.049894 0.085792 0.012260
vn -0.050568 0.085863 0.008395
vn -0.050995 0.085913 0.004304
vn -0.044247 0.089517 -0.005379
vn -0.043505 0.089443 -0.010358
vn -0.042360 0.089348 -0.014920
vn -0.040873 0.089250 -0.019074
vn -0.039091 0.089163 -0.022845
vn -0.037042 0.089095 -0.026266
vn -0.034741 0.089053 -0.029371
vn -0.032188 0.089038 -0.032188
vn -0.029371 0.089053 -0.034741
vn -0.026266 0.089095 -0.037042
vn -0.022845 0.089163 -0.039091
vn -0.019074 0.089250 -0.040873
vn -0.014920 0.089348 -0.042360
vn -0.010358 0.089443 -0.043505
vn -0.005379 0.089517 -0.044247
vn 0.000000 0.089547 -0.044512
vn 0.004547 0.089525 -0.044323
vn 0.008815 0.089470 -0.043789
vn 0.012789 0.089395 -0.042954
vn 0.016470 0.089312 -0.041858
vn 0.019868 0.089231 -0.040535
vn 0.022999 0.089160 -0.039008
vn 0.025885 0.089102 -0.037294
vn 0.028544 0.089062 -0.035401
vn 0.030995 0.089041 -0.033332
vn 0.033253 0.089041 -0.031080
vn 0.035329 0.089061 -0.028636
vn 0.037228 0.089100 -0.025985
vn 0.038949 0.089157 -0.023108
vn 0.040483 0.089228 -0.019986
vn 0.041814 0.089309 -0.016598
vn 0.042919 0.089392 -0.012928
vn 0.043764 0.089467 -0.008964
vn 0.044310 0.089524 -0.004706
vn 0.044512 0.089547 -0.000169
vn 0.044336 0.089527 0.004387
vn 0.043814 0.089472 0.008666
vn 0.042989 0.089397 0.012651
vn 0.041902 0.089315 0.016342
vn 0.040586 0.089234 0.019750
vn 0.039066 0.089162 0.022890
vn 0.037359 0.089104 0.025784
vn 0.035473 0.089063 0.028451
vn 0.033410 0.089041 0.030910
vn 0.031165 0.089040 0.033175
vn 0.028728 0.089060 0.035257
vn 0.026084 0.089098 0.037163
vn 0.023216 0.089155 0.038890
vn 0.018387 0.089266 0.041151
vn 0.012928 0.089392 0.042919
vn 0.006794 0.089500 0.044087
vn 0.000000 0.089547 0.044512
vn -0.003570 0.089533 0.044396
vn -0.006973 0.089497 0.044064
vn -0.013247 0.089385 0.042835
vn -0.018811 0.089256 0.040981
vn -0.023714 0.089144 0.038613
vn -0.028030 0.089068 0.035794
vn -0.031830 0.089039 0.032542
vn -0.035170 0.089058 0.028838
vn -0.038077 0.089126 0.024632
vn -0.040653 0.089238 0.019596
vn -0.042674 0.089372 0.013842
vn -0.043441 0.089437 0.010674
vn -0.044019 0.089493 0.007308
vn -0.044384 0.089532 0.003746
vn -0.037450 0.092611 -0.004553
vn -0.036830 0.092556 -0.008769
vn -0.035872 0.092486 -0.012635
vn -0.034623 0.092413 -0.016158
vn -0.033123 0.092348 -0.019357
vn -0.031393 0.092298 -0.022261
vn -0.029448 0.092266 -0.024895
vn -0.027285 0.092255 -0.027285
vn -0.024895 0.092266 -0.029448
vn -0.022261 0.092298 -0.031393
vn -0.019357 0.092348 -0.033123
vn -0.016158 0.092413 -0.034623
vn -0.012635 0.092486 -0.035872
vn -0.008769 0.092556 -0.036830
vn -0.004553 0.092611 -0.037450
vn 0.000000 0.092633 -0.037670
vn 0.003848 0.092617 -0.037513
vn 0.007462 0.092576 -0.037068
vn 0.010829 0.092520 -0.036369
vn 0.013949 0.092459 -0.035451
vn 0.016831 0.092399 -0.034339
vn 0.019488 0.092346 -0.033053
vn 0.021937 0.092303 -0.031606
vn 0.024194 0.092273 -0.030006
vn 0.026273 0.092258 -0.028254
vn 0.028187 0.092257 -0.026345
vn 0.029945 0.092272 -0.024272
vn 0.031551 0.092302 -0.022022
vn 0.033003 0.092344 -0.019580
vn 0.034295 0.092397 -0.016931
vn 0.035414 0.092457 -0.014057
vn 0.036340 0.092518 -0.010946
vn 0.037047 0.092574 -0.007588
vn 0.037502 0.092616 -0.003983
vn 0.037670 0.092633 -0.000143
vn 0.037524 0.092618 0.003713
vn 0.037088 0.092578 0.007336
vn 0.036399 0.092522 0.010711
vn 0.035488 0.092461 0.013840
vn 0.034382 0.092401 0.016731
vn 0.033102 0.092347 0.019396
vn 0.031661 0.092304 0.021852
vn 0.030067 0.092274 0.024115
vn 0.028320 0.092258 0.026201
vn 0.026417 0.092257 0.028121
vn 0.024350 0.092271 0.029884
vn 0.022107 0.092300 0.031495
vn 0.019672 0.092342 0.032953
vn 0.015575 0.092425 0.034857
vn 0.010946 0.092518 0.036340
vn 0.005751 0.092598 0.037316
vn 0.000000 0.092633 0.037670
vn -0.003021 0.092623 0.037574
vn -0.005902 0.092596 0.037297
vn -0.011216 0.092513 0.036270
vn -0.015934 0.092418 0.034714
vn -0.020095 0.092334 0.032720
vn -0.023757 0.092278 0.030338
vn -0.026981 0.092256 0.027585
vn -0.029811 0.092270 0.024444
vn -0.032268 0.092320 0.020874
vn -0.034438 0.092404 0.016600
vn -0.036135 0.092503 0.011721
vn -0.036777 0.092552 0.009037
vn -0.037259 0.092593 0.006186
vn -0.037564 0.092622 0.003170
vn -0.023193 0.097232 -0.002820
vn -0.022818 0.097210 -0.005433
vn -0.022234 0.097182 -0.007831
vn -0.021471 0.097153 -0.010020
vn -0.020549 0.097126 -0.012009
vn -0.019483 0.097106 -0.013815
vn -0.018279 0.097093 -0.015453
vn -0.016938 0.097089 -0.016938
vn -0.015453 0.097093 -0.018279
vn -0.013815 0.097106 -0.019483
vn -0.012009 0.097126 -0.020549
vn -0.010020 0.097153 -0.021471
vn -0.007831 0.097182 -0.022234
vn -0.005433 0.097210 -0.022818
vn -0.002820 0.097232 -0.023193
vn 0.000000 0.097241 -0.023326
vn 0.002383 0.097235 -0.023231
vn 0.004622 0.097218 -0.022961
vn 0.006710 0.097196 -0.022537
vn 0.008647 0.097171 -0.021977
vn 0.010438 0.097147 -0.021296
vn 0.012090 0.097125 -0.020506
vn 0.013614 0.097108 -0.019614
vn 0.015017 0.097096 -0.018625
vn 0.016309 0.097090 -0.017539
vn 0.017498 0.097090 -0.016354
vn 0.018587 0.097096 -0.015066
vn 0.019580 0.097107 -0.013666
vn 0.020475 0.097125 -0.012148
vn 0.021269 0.097146 -0.010500
vn 0.021955 0.097170 -0.008715
vn 0.022519 0.097195 -0.006783
vn 0.022949 0.097218 -0.004701
vn 0.023224 0.097234 -0.002467
vn 0.023326 0.097241 -0.000089
vn 0.023238 0.097235 0.002299
vn 0.022974 0.097219 0.004544
vn 0.022555 0.097197 0.006638
vn 0.022000 0.097172 0.008580
vn 0.021323 0.097148 0.010376
vn 0.020536 0.097126 0.012033
vn 0.019648 0.097109 0.013561
vn 0.018662 0.097096 0.014968
vn 0.017580 0.097090 0.016264
vn 0.016399 0.097089 0.017457
vn 0.015114 0.097095 0.018549
vn 0.013719 0.097107 0.019546
vn 0.012205 0.097124 0.020445
vn 0.009658 0.097157 0.021614
vn 0.006783 0.097195 0.022519
vn 0.003562 0.097227 0.023112
vn 0.000000 0.097241 0.023326
vn -0.001871 0.097237 0.023268
vn -0.003656 0.097227 0.023100
vn -0.006951 0.097193 0.022477
vn -0.009881 0.097154 0.021526
vn -0.012468 0.097121 0.020301
vn -0.014746 0.097098 0.018830
vn -0.016749 0.097089 0.017124
vn -0.018504 0.097095 0.015172
vn -0.020022 0.097115 0.012952
vn -0.021357 0.097149 0.010295
vn -0.022395 0.097189 0.007264
vn -0.022785 0.097209 0.005599
vn -0.023078 0.097225 0.003831
vn -0.023262 0.097237 0.001963
vn -0.030283 0.095172 0.005027
vn -0.029895 0.095144 0.007346
vn -0.029379 0.095111 0.009529
vn -0.028009 0.095043 0.013501
vn -0.026252 0.094986 0.016983
vn -0.024257 0.094952 0.019890
vn -0.021956 0.094942 0.022447
vn -0.019331 0.094957 0.024686
vn -0.016347 0.094996 0.026618
vn -0.012959 0.095053 0.028232
vn -0.009119 0.095117 0.029487
vn -0.004797 0.095174 0.030313
vn -0.002455 0.095192 0.030535
vn 0.000000 0.095199 0.030612
vn 0.004674 0.095175 0.030328
vn 0.008899 0.095121 0.029544
vn 0.012666 0.095058 0.028348
vn 0.016003 0.095001 0.026808
vn 0.017986 0.094973 0.025626
vn 0.019814 0.094953 0.024317
vn 0.021497 0.094943 0.022884
vn 0.023045 0.094944 0.021321
vn 0.024465 0.094955 0.019623
vn 0.025760 0.094975 0.017779
vn 0.026928 0.095005 0.015778
vn 0.027964 0.095041 0.013607
vn 0.028857 0.095082 0.011254
vn 0.029591 0.095124 0.008708
vn 0.030145 0.095161 0.005962
vn 0.030495 0.095189 0.003018
vn 0.030612 0.095199 -0.000116
vn 0.030477 0.095187 -0.003237
vn 0.030112 0.095159 -0.006168
vn 0.029544 0.095121 -0.008899
vn 0.028797 0.095079 -0.011431
vn 0.027894 0.095039 -0.013770
vn 0.026848 0.095002 -0.015929
vn 0.025671 0.094974 -0.017918
vn 0.024367 0.094954 -0.019750
vn 0.022938 0.094943 -0.021439
vn 0.021380 0.094944 -0.022992
vn 0.019687 0.094954 -0.024416
vn 0.017848 0.094974 -0.025715
vn 0.015853 0.095004 -0.026888
vn 0.013689 0.095040 -0.027929
vn 0.011343 0.095081 -0.028827
vn 0.008804 0.095122 -0.029567
vn 0.006065 0.095160 -0.030129
vn 0.003128 0.095188 -0.030486
vn 0.000000 0.095199 -0.030612
vn -0.003700 0.095184 -0.030436
vn -0.007128 0.095147 -0.029938
vn -0.010273 0.095099 -0.029166
vn -0.013141 0.095049 -0.028159
vn -0.015747 0.095005 -0.026945
vn -0.018112 0.094971 -0.025543
vn -0.020258 0.094950 -0.023962
vn -0.022203 0.094942 -0.022203
vn -0.023962 0.094950 -0.020258
vn -0.025543 0.094971 -0.018112
vn -0.026945 0.095005 -0.015747
vn -0.028159 0.095049 -0.013141
vn -0.029166 0.095099 -0.010273
vn -0.029938 0.095147 -0.007128
vn -0.015710 0.098740 -0.001910
vn -0.015457 0.098730 -0.003680
vn -0.015065 0.098716 -0.005306
vn -0.014550 0.098703 -0.006790
vn -0.013927 0.098690 -0.008139
vn -0.013206 0.098681 -0.009364
vn -0.012391 0.098675 -0.010475
vn -0.011482 0.098673 -0.011482
vn -0.010475 0.098675 -0.012391
vn -0.009364 0.098681 -0.013206
vn -0.008139 0.098690 -0.013927
vn -0.006790 0.098703 -0.014550
vn -0.005306 0.098716 -0.015065
vn -0.003680 0.098730 -0.015457
vn -0.001910 0.098740 -0.015710
vn 0.000000 0.098744 -0.015799
vn 0.001614 0.098741 -0.015735
vn 0.003131 0.098733 -0.015554
vn 0.004546 0.098723 -0.015269
vn 0.005859 0.098711 -0.014891
vn 0.007074 0.098700 -0.014432
vn 0.008194 0.098690 -0.013898
vn 0.009228 0.098682 -0.013295
vn 0.010180 0.098676 -0.012625
vn 0.011056 0.098673 -0.011889
vn 0.011862 0.098673 -0.011086
vn 0.012600 0.098676 -0.010213
vn 0.013272 0.098682 -0.009263
vn 0.013877 0.098690 -0.008233
vn 0.014414 0.098700 -0.007116
vn 0.014876 0.098711 -0.005905
vn 0.015257 0.098722 -0.004596
vn 0.015546 0.098733 -0.003184
vn 0.015731 0.098741 -0.001671
vn 0.015799 0.098744 -0.000060
vn 0.015740 0.098741 0.001558
vn 0.015563 0.098734 0.003078
vn 0.015281 0.098723 0.004497
vn 0.014906 0.098712 0.005814
vn 0.014450 0.098700 0.007031
vn 0.013918 0.098690 0.008155
vn 0.013318 0.098682 0.009192
vn 0.012650 0.098676 0.010146
vn 0.011917 0.098673 0.011026
vn 0.011117 0.098673 0.011834
vn 0.010245 0.098676 0.012574
vn 0.009299 0.098681 0.013249
vn 0.008272 0.098689 0.013857
vn 0.006544 0.098705 0.014646
vn 0.004596 0.098722 0.015257
vn 0.002413 0.098737 0.015655
vn 0.000000 0.098744 0.015799
vn -0.001267 0.098742 0.015760
vn -0.002476 0.098737 0.015648
vn -0.004709 0.098721 0.015228
vn -0.006696 0.098703 0.014587
vn -0.008450 0.098688 0.013759
vn -0.009995 0.098677 0.012764
vn -0.011354 0.098673 0.011608
vn -0.012543 0.098676 0.010285
vn -0.013571 0.098685 0.008779
vn -0.014473 0.098701 0.006976
vn -0.015173 0.098720 0.004921
vn -0.015435 0.098729 0.003793
vn -0.015632 0.098736 0.002595
vn -0.015756 0.098742 0.001330
vn -0.007978 0.099677 -0.000970
vn -0.007851 0.099674 -0.001869
vn -0.007652 0.099670 -0.002695
vn -0.007391 0.099667 -0.003449
vn -0.007076 0.099664 -0.004135
vn -0.006710 0.099661 -0.004758
vn -0.006296 0.099660 -0.005323
vn -0.005834 0.099659 -0.005834
vn -0.005323 0.099660 -0.006296
vn -0.004758 0.099661 -0.006710
vn -0.004135 0.099664 -0.007076
vn -0.003449 0.099667 -0.007391
vn -0.002695 0.099670 -0.007652
vn -0.001869 0.099674 -0.007851
vn -0.000970 0.099677 -0.007978
vn 0.000000 0.099678 -0.008023
vn 0.000820 0.099677 -0.007991
vn 0.001590 0.099675 -0.007900
vn 0.002309 0.099672 -0.007755
vn 0.002976 0.099669 -0.007564
vn 0.003594 0.099666 -0.007332
vn 0.004163 0.099663 -0.007061
vn 0.004688 0.099661 -0.006755
vn 0.005172 0.099660 -0.006415
vn 0.005618 0.099659 -0.006041
vn 0.006027 0.099659 -0.005633
vn 0.006402 0.099660 -0.005189
vn 0.006743 0.099661 -0.004707
vn 0.007050 0.099663 -0.004183
vn 0.007322 0.099666 -0.003615
vn 0.007557 0.099669 -0.003000
vn 0.007749 0.099672 -0.002334
vn 0.007895 0.099675 -0.001617
vn 0.007989 0.099677 -0.000849
vn 0.008023 0.099678 -0.000030
vn 0.007994 0.099677 0.000791
vn 0.007904 0.099675 0.001563
vn 0.007762 0.099672 0.002284
vn 0.007572 0.099669 0.002953
vn 0.007341 0.099666 0.003572
vn 0.007071 0.099664 0.004143
vn 0.006767 0.099661 0.004670
vn 0.006428 0.099660 0.005155
vn 0.006055 0.099659 0.005602
vn 0.005649 0.099659 0.006013
vn 0.005206 0.099660 0.006389
vn 0.004725 0.099661 0.006731
vn 0.004203 0.099663 0.007040
vn 0.003324 0.099667 0.007440
vn 0.002334 0.099672 0.007749
vn 0.001225 0.099676 0.007951
vn 0.000000 0.099678 0.008023
vn -0.000644 0.099677 0.008004
vn -0.001258 0.099676 0.007947
vn -0.002392 0.099672 0.007735
vn -0.003401 0.099667 0.007410
vn -0.004293 0.099663 0.006991
vn -0.005079 0.099660 0.006486
vn -0.005769 0.099659 0.005898
vn -0.006373 0.099660 0.005226
vn -0.006895 0.099662 0.004460
vn -0.007352 0.099666 0.003544
vn -0.007707 0.099671 0.002500
vn -0.007840 0.099674 0.001926
vn -0.007939 0.099676 0.001318
vn -0.008002 0.099677 0.000675
usemtl 191,191,191
f 931/177/177 779/2/2 733/182/182
f 733/182/182 779/2/2 656/3/3
f 733/182/182 656/3/3 591/248/248
f 591/248/248 656/3/3 549/4/4
f 591/248/248 549/4/4 467/314/314
f 467/314/314 549/4/4 455/5/5
f 467/314/314 455/5/5 382/6/6
f 467/314/314 382/6/6 370/380/380
f 370/380/380 382/6/6 316/7/7
f 370/380/380 316/7/7 281/446/446
f 281/446/446 316/7/7 257/8/8
f 281/446/446 257/8/8 208/512/512
f 208/512/512 257/8/8 198/9/9
f 208/512/512 198/9/9 157/10/10
f 208/512/512 157/10/10 147/578/578
f 147/578/578 157/10/10 120/11/11
f 147/578/578 120/11/11 99/644/644
f 99/644/644 120/11/11 84/12/12
f 99/644/644 84/12/12 60/710/710
f 60/710/710 84/12/12 54/13/13
f 60/710/710 54/13/13 32/14/14
f 60/710/710 32/14/14 30/776/776
f 30/776/776 32/14/14 14/15/15
f 30/776/776 14/15/15 12/842/842
f 12/842/842 14/15/15 3/16/16
f 12/842/842 3/16/16 5/908/908
f 5/908/908 3/16/16 1/17/17
f 5/908/908 1/17/17 7/974/974
f 7/974/974 1/17/17 4/18/18
f 7/974/974 4/18/18 13/1040/1040
f 13/1040/1040 4/18/18 16/19/19
f 13/1040/1040 16/19/19 24/1106/1106
f 24/1106/1106 16/19/19 33/20/20
f 24/1106/1106 33/20/20 43/179/179
f 43/179/179 33/20/20 56/21/21
f 43/179/179 56/21/21 57/1367/1367
f 57/1367/1367 56/21/21 80/1236/1236
f 57/1367/1367 80/1236/1236 90/1237/1237
f 90/1237/1237 80/1236/1236 117/1369/1369
f 90/1237/1237 117/1369/1369 131/1370/1370
f 131/1370/1370 117/1369/1369 160/1436/1436
f 131/1370/1370 160/1436/1436 183/1437/1437
f 183/1437/1437 160/1436/1436 210/1503/1503
f 183/1437/1437 210/1503/1503 238/1504/1504
f 238/1504/1504 210/1503/1503 269/1693/1693
f 238/1504/1504 269/1693/1693 298/1692/1692
f 298/1692/1692 269/1693/1693 340/1571/1571
f 298/1692/1692 340/1571/1571 367/1572/1572
f 367/1572/1572 340/1571/1571 418/1704/1704
f 367/1572/1572 418/1704/1704 445/1705/1705
f 445/1705/1705 418/1704/1704 494/1771/1771
f 445/1705/1705 494/1771/1771 527/1772/1772
f 527/1772/1772 494/1771/1771 570/1838/1838
f 527/1772/1772 570/1838/1838 605/1839/1839
f 605/1839/1839 570/1838/1838 651/1905/1905
f 605/1839/1839 651/1905/1905 688/1906/1906
f 688/1906/1906 651/1905/1905 722/2082/2082
f 688/1906/1906 722/2082/2082 762/2081/2081
f 762/2081/2081 722/2082/2082 808/1973/1973
f 762/2081/2081 808/1973/1973 842/1974/1974
f 842/1974/1974 808/1973/1973 888/2104/2104
f 842/1974/1974 888/2104/2104 905/2105/2105
f 905/2105/2105 888/2104/2104 924/2171/2171
f 905/2105/2105 924/2171/2171 929/2172/2172
f 929/2172/2172 924/2171/2171 994/83/83
f 56/21/21 86/22/22 80/1236/1236
f 80/1236/1236 86/22/22 103/1368/1368
f 80/1236/1236 103/1368/1368 117/1369/1369
f 117/1369/1369 103/1368/1368 142/1435/1435
f 117/1369/1369 142/1435/1435 160/1436/1436
f 160/1436/1436 142/1435/1435 192/1502/1502
f 160/1436/1436 192/1502/1502 210/1503/1503
f 210/1503/1503 192/1502/1502 246/1694/1694
f 210/1503/1503 246/1694/1694 269/1693/1693
f 269/1693/1693 246/1694/1694 313/1570/1570
f 269/1693/1693 313/1570/1570 340/1571/1571
f 340/1571/1571 313/1570/1570 381/1703/1703
f 340/1571/1571 381/1703/1703 418/1704/1704
f 418/1704/1704 381/1703/1703 451/1770/1770
f 418/1704/1704 451/1770/1770 494/1771/1771
f 494/1771/1771 451/1770/1770 533/1837/1837
f 494/1771/1771 533/1837/1837 570/1838/1838
f 570/1838/1838 533/1837/1837 615/1904/1904
f 570/1838/1838 615/1904/1904 651/1905/1905
f 651/1905/1905 615/1904/1904 694/2083/2083
f 651/1905/1905 694/2083/2083 722/2082/2082
f 722/2082/2082 694/2083/2083 775/1972/1972
f 722/2082/2082 775/1972/1972 808/1973/1973
f 808/1973/1973 775/1972/1972 864/2103/2103
f 808/1973/1973 864/2103/2103 888/2104/2104
f 888/2104/2104 864/2103/2103 916/2170/2170
f 888/2104/2104 916/2170/2170 924/2171/2171
f 924/2171/2171 916/2170/2170 994/82/82
f 86/22/22 121/23/23 103/1368/1368
f 103/1368/1368 121/23/23 136/1434/1434
f 103/1368/1368 136/1434/1434 142/1435/1435
f 142/1435/1435 136/1434/1434 180/1501/1501
f 142/1435/1435 180/1501/1501 192/1502/1502
f 192/1502/1502 180/1501/1501 230/1695/1695
f 192/1502/1502 230/1695/1695 246/1694/1694
f 246/1694/1694 230/1695/1695 286/1569/1569
f 246/1694/1694 286/1569/1569 313/1570/1570
f 313/1570/1570 286/1569/1569 354/1702/1702
f 313/1570/1570 354/1702/1702 381/1703/1703
f 381/1703/1703 354/1702/1702 432/1769/1769
f 381/1703/1703 432/1769/1769 451/1770/1770
f 451/1770/1770 432/1769/1769 510/1836/1836
f 451/1770/1770 510/1836/1836 533/1837/1837
f 533/1837/1837 510/1836/1836 580/1903/1903
f 533/1837/1837 580/1903/1903 615/1904/1904
f 615/1904/1904 580/1903/1903 668/2084/2084
f 615/1904/1904 668/2084/2084 694/2083/2083
f 694/2083/2083 668/2084/2084 742/1971/1971
f 694/2083/2083 742/1971/1971 775/1972/1972
f 775/1972/1972 742/1971/1971 833/2102/2102
f 775/1972/1972 833/2102/2102 864/2103/2103
f 864/2103/2103 833/2102/2102 908/2169/2169
f 864/2103/2103 908/2169/2169 916/2170/2170
f 916/2170/2170 908/2169/2169 994/81/81
f 121/23/23 158/24/24 136/1434/1434
f 136/1434/1434 158/24/24 167/1500/1500
f 136/1434/1434 167/1500/1500 180/1501/1501
f 180/1501/1501 167/1500/1500 214/1696/1696
f 180/1501/1501 214/1696/1696 230/1695/1695
f 230/1695/1695 214/1696/1696 270/1568/1568
f 230/1695/1695 270/1568/1568 286/1569/1569
f 286/1569/1569 270/1568/1568 338/1701/1701
f 286/1569/1569 338/1701/1701 354/1702/1702
f 354/1702/1702 338/1701/1701 404/1768/1768
f 354/1702/1702 404/1768/1768 432/1769/1769
f 432/1769/1769 404/1768/1768 478/1835/1835
f 432/1769/1769 478/1835/1835 510/1836/1836
f 510/1836/1836 478/1835/1835 557/1902/1902
f 510/1836/1836 557/1902/1902 580/1903/1903
f 580/1903/1903 557/1902/1902 644/2085/2085
f 580/1903/1903 644/2085/2085 668/2084/2084
f 668/2084/2084 644/2085/2085 718/1970/1970
f 668/2084/2084 718/1970/1970 742/1971/1971
f 742/1971/1971 718/1970/1970 811/2101/2101
f 742/1971/1971 811/2101/2101 833/2102/2102
f 833/2102/2102 811/2101/2101 900/2168/2168
f 833/2102/2102 900/2168/2168 908/2169/2169
f 908/2169/2169 900/2168/2168 994/80/80
f 158/24/24 199/25/25 167/1500/1500
f 167/1500/1500 199/25/25 204/1697/1697
f 167/1500/1500 204/1697/1697 214/1696/1696
f 214/1696/1696 204/1697/1697 260/1567/1567
f 214/1696/1696 260/1567/1567 270/1568/1568
f 270/1568/1568 260/1567/1567 320/1700/1700
f 270/1568/1568 320/1700/1700 338/1701/1701
f 338/1701/1701 320/1700/1700 386/1767/1767
f 338/1701/1701 386/1767/1767 404/1768/1768
f 404/1768/1768 386/1767/1767 452/1834/1834
f 404/1768/1768 452/1834/1834 478/1835/1835
f 478/1835/1835 452/1834/1834 534/1901/1901
f 478/1835/1835 534/1901/1901 557/1902/1902
f 557/1902/1902 534/1901/1901 619/2086/2086
f 557/1902/1902 619/2086/2086 644/2085/2085
f 644/2085/2085 619/2086/2086 699/1969/1969
f 644/2085/2085 699/1969/1969 718/1970/1970
f 718/1970/1970 699/1969/1969 786/2100/2100
f 718/1970/1970 786/2100/2100 811/2101/2101
f 811/2101/2101 786/2100/2100 890/2167/2167
f 811/2101/2101 890/2167/2167 900/2168/2168
f 900/2168/2168 890/2167/2167 994/79/79
f 204/1697/1697 199/25/25 251/1566/1566
f 251/1566/1566 199/25/25 258/26/26
f 251/1566/1566 258/26/26 300/1698/1698
f 300/1698/1698 258/26/26 318/27/27
f 300/1698/1698 318/27/27 351/1764/1764
f 351/1764/1764 318/27/27 383/28/28
f 351/1764/1764 383/28/28 409/1830/1830
f 409/1830/1830 383/28/28 456/29/29
f 409/1830/1830 456/29/29 462/1896/1896
f 462/1896/1896 456/29/29 539/181/181
f 462/1896/1896 539/181/181 544/2091/2091
f 544/2091/2091 539/181/181 626/1963/1963
f 544/2091/2091 626/1963/1963 634/1964/1964
f 634/1964/1964 626/1963/1963 713/2094/2094
f 634/1964/1964 713/2094/2094 719/2095/2095
f 719/2095/2095 713/2094/2094 834/2161/2161
f 719/2095/2095 834/2161/2161 838/2162/2162
f 838/2162/2162 834/2161/2161 994/73/73
f 456/29/29 550/30/30 539/181/181
f 539/181/181 550/30/30 621/1962/1962
f 539/181/181 621/1962/1962 626/1963/1963
f 626/1963/1963 621/1962/1962 707/2093/2093
f 626/1963/1963 707/2093/2093 713/2094/2094
f 713/2094/2094 707/2093/2093 828/2160/2160
f 713/2094/2094 828/2160/2160 834/2161/2161
f 834/2161/2161 828/2160/2160 994/72/72
f 550/30/30 657/31/31 621/1962/1962
f 621/1962/1962 657/31/31 703/2092/2092
f 621/1962/1962 703/2092/2092 707/2093/2093
f 707/2093/2093 703/2092/2092 820/2159/2159
f 707/2093/2093 820/2159/2159 828/2160/2160
f 828/2160/2160 820/2159/2159 994/71/71
f 657/31/31 780/32/32 703/2092/2092
f 703/2092/2092 780/32/32 816/2158/2158
f 703/2092/2092 816/2158/2158 820/2159/2159
f 820/2159/2159 816/2158/2158 994/70/70
f 780/32/32 994/33/33 816/2158/2158
f 657/35/35 704/2157/2157 780/34/34
f 780/34/34 704/2157/2157 817/2223/2223
f 780/34/34 817/2223/2223 994/33/33
f 704/2157/2157 657/35/35 620/2027/2027
f 620/2027/2027 657/35/35 550/36/36
f 620/2027/2027 550/36/36 538/180/180
f 538/180/180 550/36/36 456/37/37
f 538/180/180 456/37/37 460/1961/1961
f 460/1961/1961 456/37/37 406/1895/1895
f 460/1961/1961 406/1895/1895 413/1894/1894
f 413/1894/1894 406/1895/1895 352/1828/1828
f 413/1894/1894 352/1828/1828 356/1827/1827
f 356/1827/1827 352/1828/1828 312/1761/1761
f 356/1827/1827 312/1761/1761 317/1760/1760
f 317/1760/1760 312/1761/1761 266/1628/1628
f 317/1760/1760 266/1628/1628 289/1627/1627
f 289/1627/1627 266/1628/1628 250/1636/1636
f 289/1627/1627 250/1636/1636 280/1637/1637
f 280/1637/1637 250/1636/1636 252/1560/1560
f 280/1637/1637 252/1560/1560 294/1559/1559
f 294/1559/1559 252/1560/1560 264/1493/1493
f 294/1559/1559 264/1493/1493 321/1492/1492
f 321/1492/1492 264/1493/1493 297/1426/1426
f 321/1492/1492 297/1426/1426 360/1425/1425
f 360/1425/1425 297/1426/1426 346/1293/1293
f 360/1425/1425 346/1293/1293 429/1292/1292
f 429/1292/1292 346/1293/1293 414/1311/1311
f 429/1292/1292 414/1311/1311 514/1312/1312
f 514/1312/1312 414/1311/1311 502/1226/1226
f 514/1312/1312 502/1226/1226 612/1225/1225
f 612/1225/1225 502/1226/1226 606/1160/1160
f 612/1225/1225 606/1160/1160 751/1159/1159
f 751/1159/1159 606/1160/1160 746/1093/1093
f 751/1159/1159 746/1093/1093 849/1092/1092
f 849/1092/1092 746/1093/1093 848/1026/1026
f 849/1092/1092 848/1026/1026 957/1025/1025
f 957/1025/1025 848/1026/1026 955/959/959
f 957/1025/1025 955/959/959 1173/958/958
f 1173/958/958 955/959/959 1168/892/892
f 1173/958/958 1168/892/892 1342/891/891
f 1342/891/891 1168/892/892 1333/825/825
f 1342/891/891 1333/825/825 1462/824/824
f 1462/824/824 1333/825/825 1451/758/758
f 1462/824/824 1451/758/758 1564/757/757
f 1564/757/757 1451/758/758 1537/691/691
f 1564/757/757 1537/691/691 1602/690/690
f 1602/690/690 1537/691/691 1552/624/624
f 1602/690/690 1552/624/624 1620/623/623
f 1620/623/623 1552/624/624 1551/557/557
f 1620/623/623 1551/557/557 1607/556/556
f 1607/556/556 1551/557/557 1535/490/490
f 1607/556/556 1535/490/490 1570/489/489
f 1570/489/489 1535/490/490 1480/423/423
f 1570/489/489 1480/423/423 1520/422/422
f 1520/422/422 1480/423/423 1403/356/356
f 1520/422/422 1403/356/356 1429/355/355
f 1429/355/355 1403/356/356 1295/289/289
f 1429/355/355 1295/289/289 1308/288/288
f 1308/288/288 1295/289/289 1149/222/222
f 1308/288/288 1149/222/222 1159/221/221
f 1159/221/221 1149/222/222 931/143/143
f 456/37/37 383/38/38 406/1895/1895
f 406/1895/1895 383/38/38 349/1829/1829
f 406/1895/1895 349/1829/1829 352/1828/1828
f 352/1828/1828 349/1829/1829 305/1762/1762
f 352/1828/1828 305/1762/1762 312/1761/1761
f 312/1761/1761 305/1762/1762 261/1629/1629
f 312/1761/1761 261/1629/1629 266/1628/1628
f 266/1628/1628 261/1629/1629 226/1635/1635
f 266/1628/1628 226/1635/1635 250/1636/1636
f 250/1636/1636 226/1635/1635 213/1561/1561
f 250/1636/1636 213/1561/1561 252/1560/1560
f 252/1560/1560 213/1561/1561 222/1494/1494
f 252/1560/1560 222/1494/1494 264/1493/1493
f 264/1493/1493 222/1494/1494 243/1427/1427
f 264/1493/1493 243/1427/1427 297/1426/1426
f 297/1426/1426 243/1427/1427 276/1294/1294
f 297/1426/1426 276/1294/1294 346/1293/1293
f 346/1293/1293 276/1294/1294 328/1310/1310
f 346/1293/1293 328/1310/1310 414/1311/1311
f 414/1311/1311 328/1310/1310 401/1227/1227
f 414/1311/1311 401/1227/1227 502/1226/1226
f 502/1226/1226 401/1227/1227 495/1161/1161
f 502/1226/1226 495/1161/1161 606/1160/1160
f 606/1160/1160 495/1161/1161 602/1094/1094
f 606/1160/1160 602/1094/1094 746/1093/1093
f 746/1093/1093 602/1094/1094 744/1027/1027
f 746/1093/1093 744/1027/1027 848/1026/1026
f 848/1026/1026 744/1027/1027 847/960/960
f 848/1026/1026 847/960/960 955/959/959
f 955/959/959 847/960/960 953/893/893
f 955/959/959 953/893/893 1168/892/892
f 1168/892/892 953/893/893 1161/826/826
f 1168/892/892 1161/826/826 1333/825/825
f 1333/825/825 1161/826/826 1309/759/759
f 1333/825/825 1309/759/759 1451/758/758
f 1451/758/758 1309/759/759 1424/692/692
f 1451/758/758 1424/692/692 1537/691/691
f 1537/691/691 1424/692/692 1495/625/625
f 1537/691/691 1495/625/625 1552/624/624
f 1552/624/624 1495/625/625 1511/558/558
f 1552/624/624 1511/558/558 1551/557/557
f 1551/557/557 1511/558/558 1489/491/491
f 1551/557/557 1489/491/491 1535/490/490
f 1535/490/490 1489/491/491 1447/424/424
f 1535/490/490 1447/424/424 1480/423/423
f 1480/423/423 1447/424/424 1381/357/357
f 1480/423/423 1381/357/357 1403/356/356
f 1403/356/356 1381/357/357 1276/290/290
f 1403/356/356 1276/290/290 1295/289/289
f 1295/289/289 1276/290/290 1141/223/223
f 1295/289/289 1141/223/223 1149/222/222
f 1149/222/222 1141/223/223 931/142/142
f 383/38/38 318/39/39 349/1829/1829
f 349/1829/1829 318/39/39 299/1763/1763
f 349/1829/1829 299/1763/1763 305/1762/1762
f 305/1762/1762 299/1763/1763 254/1630/1630
f 305/1762/1762 254/1630/1630 261/1629/1629
f 261/1629/1629 254/1630/1630 215/1634/1634
f 261/1629/1629 215/1634/1634 226/1635/1635
f 226/1635/1635 215/1634/1634 188/1562/1562
f 226/1635/1635 188/1562/1562 213/1561/1561
f 213/1561/1561 188/1562/1562 185/1495/1495
f 213/1561/1561 185/1495/1495 222/1494/1494
f 222/1494/1494 185/1495/1495 194/1428/1428
f 222/1494/1494 194/1428/1428 243/1427/1427
f 243/1427/1427 194/1428/1428 220/1295/1295
f 243/1427/1427 220/1295/1295 276/1294/1294
f 276/1294/1294 220/1295/1295 262/1309/1309
f 276/1294/1294 262/1309/1309 328/1310/1310
f 328/1310/1310 262/1309/1309 319/1228/1228
f 328/1310/1310 319/1228/1228 401/1227/1227
f 401/1227/1227 319/1228/1228 393/1162/1162
f 401/1227/1227 393/1162/1162 495/1161/1161
f 495/1161/1161 393/1162/1162 489/1095/1095
f 495/1161/1161 489/1095/1095 602/1094/1094
f 602/1094/1094 489/1095/1095 599/1028/1028
f 602/1094/1094 599/1028/1028 744/1027/1027
f 744/1027/1027 599/1028/1028 741/961/961
f 744/1027/1027 741/961/961 847/960/960
f 847/960/960 741/961/961 846/894/894
f 847/960/960 846/894/894 953/893/893
f 953/893/893 846/894/894 951/827/827
f 953/893/893 951/827/827 1161/826/826
f 1161/826/826 951/827/827 1151/760/760
f 1161/826/826 1151/760/760 1309/759/759
f 1309/759/759 1151/760/760 1290/693/693
f 1309/759/759 1290/693/693 1424/692/692
f 1424/692/692 1290/693/693 1395/626/626
f 1424/692/692 1395/626/626 1495/625/625
f 1495/625/625 1395/626/626 1449/559/559
f 1495/625/625 1449/559/559 1511/558/558
f 1511/558/558 1449/559/559 1441/492/492
f 1511/558/558 1441/492/492 1489/491/491
f 1489/491/491 1441/492/492 1406/425/425
f 1489/491/491 1406/425/425 1447/424/424
f 1447/424/424 1406/425/425 1358/358/358
f 1447/424/424 1358/358/358 1381/357/357
f 1381/357/357 1358/358/358 1263/291/291
f 1381/357/357 1263/291/291 1276/290/290
f 1276/290/290 1263/291/291 1134/224/224
f 1276/290/290 1134/224/224 1141/223/223
f 1141/223/223 1134/224/224 931/142/142
f 318/39/39 258/40/40 299/1763/1763
f 299/1763/1763 258/40/40 248/1631/1631
f 299/1763/1763 248/1631/1631 254/1630/1630
f 254/1630/1630 248/1631/1631 206/1633/1633
f 254/1630/1630 206/1633/1633 215/1634/1634
f 215/1634/1634 206/1633/1633 181/1563/1563
f 215/1634/1634 181/1563/1563 188/1562/1562
f 188/1562/1562 181/1563/1563 155/1496/1496
f 188/1562/1562 155/1496/1496 185/1495/1495
f 185/1495/1495 155/1496/1496 154/1429/1429
f 185/1495/1495 154/1429/1429 194/1428/1428
f 194/1428/1428 154/1429/1429 173/1296/1296
f 194/1428/1428 173/1296/1296 220/1295/1295
f 220/1295/1295 173/1296/1296 197/1308/1308
f 220/1295/1295 197/1308/1308 262/1309/1309
f 262/1309/1309 197/1308/1308 245/1229/1229
f 262/1309/1309 245/1229/1229 319/1228/1228
f 319/1228/1228 245/1229/1229 311/1163/1163
f 319/1228/1228 311/1163/1163 393/1162/1162
f 393/1162/1162 311/1163/1163 387/1096/1096
f 393/1162/1162 387/1096/1096 489/1095/1095
f 489/1095/1095 387/1096/1096 483/1029/1029
f 489/1095/1095 483/1029/1029 599/1028/1028
f 599/1028/1028 483/1029/1029 597/962/962
f 599/1028/1028 597/962/962 741/961/961
f 741/961/961 597/962/962 743/895/895
f 741/961/961 743/895/895 846/894/894
f 846/894/894 743/895/895 854/828/828
f 846/894/894 854/828/828 951/827/827
f 951/827/827 854/828/828 949/761/761
f 951/827/827 949/761/761 1151/760/760
f 1151/760/760 949/761/761 1139/694/694
f 1151/760/760 1139/694/694 1290/693/693
f 1290/693/693 1139/694/694 1269/627/627
f 1290/693/693 1269/627/627 1395/626/626
f 1395/626/626 1269/627/627 1359/560/560
f 1395/626/626 1359/560/560 1449/559/559
f 1449/559/559 1359/560/560 1394/493/493
f 1449/559/559 1394/493/493 1441/492/492
f 1441/492/492 1394/493/493 1373/426/426
f 1441/492/492 1373/426/426 1406/425/425
f 1406/425/425 1373/426/426 1316/359/359
f 1406/425/425 1316/359/359 1358/358/358
f 1358/358/358 1316/359/359 1247/292/292
f 1358/358/358 1247/292/292 1263/291/291
f 1263/291/291 1247/292/292 1123/225/225
f 1263/291/291 1123/225/225 1134/224/224
f 1134/224/224 1123/225/225 931/141/141
f 258/40/40 199/41/41 248/1631/1631
f 248/1631/1631 199/41/41 201/1632/1632
f 248/1631/1631 201/1632/1632 206/1633/1633
f 206/1633/1633 201/1632/1632 172/1564/1564
f 206/1633/1633 172/1564/1564 181/1563/1563
f 181/1563/1563 172/1564/1564 143/1497/1497
f 181/1563/1563 143/1497/1497 155/1496/1496
f 155/1496/1496 143/1497/1497 126/1430/1430
f 155/1496/1496 126/1430/1430 154/1429/1429
f 154/1429/1429 126/1430/1430 132/1297/1297
f 154/1429/1429 132/1297/1297 173/1296/1296
f 173/1296/1296 132/1297/1297 150/1307/1307
f 173/1296/1296 150/1307/1307 197/1308/1308
f 197/1308/1308 150/1307/1307 187/1230/1230
f 197/1308/1308 187/1230/1230 245/1229/1229
f 245/1229/1229 187/1230/1230 240/1164/1164
f 245/1229/1229 240/1164/1164 311/1163/1163
f 311/1163/1163 240/1164/1164 303/1097/1097
f 311/1163/1163 303/1097/1097 387/1096/1096
f 387/1096/1096 303/1097/1097 380/1030/1030
f 387/1096/1096 380/1030/1030 483/1029/1029
f 483/1029/1029 380/1030/1030 481/963/963
f 483/1029/1029 481/963/963 597/962/962
f 597/962/962 481/963/963 601/896/896
f 597/962/962 601/896/896 743/895/895
f 743/895/895 601/896/896 752/829/829
f 743/895/895 752/829/829 854/828/828
f 854/828/828 752/829/829 859/762/762
f 854/828/828 859/762/762 949/761/761
f 949/761/761 859/762/762 947/695/695
f 949/761/761 947/695/695 1139/694/694
f 1139/694/694 947/695/695 1129/628/628
f 1139/694/694 1129/628/628 1269/627/627
f 1269/627/627 1129/628/628 1248/561/561
f 1269/627/627 1248/561/561 1359/560/560
f 1359/560/560 1248/561/561 1299/494/494
f 1359/560/560 1299/494/494 1394/493/493
f 1394/493/493 1299/494/494 1321/427/427
f 1394/493/493 1321/427/427 1373/426/426
f 1373/426/426 1321/427/427 1278/360/360
f 1373/426/426 1278/360/360 1316/359/359
f 1316/359/359 1278/360/360 1221/293/293
f 1316/359/359 1221/293/293 1247/292/292
f 1247/292/292 1221/293/293 1113/226/226
f 1247/292/292 1113/226/226 1123/225/225
f 1123/225/225 1113/226/226 931/141/141
f 201/1632/1632 199/41/41 165/1565/1565
f 165/1565/1565 199/41/41 158/42/42
f 165/1565/1565 158/42/42 134/1499/1499
f 134/1499/1499 158/42/42 121/43/43
f 134/1499/1499 121/43/43 102/1433/1433
f 102/1433/1433 121/43/43 86/44/44
f 102/1433/1433 86/44/44 78/1301/1301
f 78/1301/1301 86/44/44 56/45/45
f 78/1301/1301 56/45/45 55/1302/1302
f 55/1302/1302 56/45/45 39/178/178
f 55/1302/1302 39/178/178 46/1235/1235
f 46/1235/1235 39/178/178 28/1170/1170
f 46/1235/1235 28/1170/1170 38/1169/1169
f 38/1169/1169 28/1170/1170 27/1103/1103
f 38/1169/1169 27/1103/1103 42/1102/1102
f 42/1102/1102 27/1103/1103 34/1036/1036
f 42/1102/1102 34/1036/1036 68/1035/1035
f 68/1035/1035 34/1036/1036 66/969/969
f 68/1035/1035 66/969/969 108/968/968
f 108/968/968 66/969/969 116/902/902
f 108/968/968 116/902/902 164/901/901
f 164/901/901 116/902/902 184/835/835
f 164/901/901 184/835/835 242/834/834
f 242/834/834 184/835/835 263/768/768
f 242/834/834 263/768/768 333/767/767
f 333/767/767 263/768/768 357/701/701
f 333/767/767 357/701/701 437/700/700
f 437/700/700 357/701/701 464/634/634
f 437/700/700 464/634/634 555/633/633
f 555/633/633 464/634/634 589/567/567
f 555/633/633 589/567/567 689/566/566
f 689/566/566 589/567/567 712/500/500
f 689/566/566 712/500/500 826/499/499
f 826/499/499 712/500/500 851/433/433
f 826/499/499 851/433/433 904/432/432
f 904/432/432 851/433/433 913/366/366
f 904/432/432 913/366/366 937/365/365
f 937/365/365 913/366/366 935/299/299
f 937/365/365 935/299/299 1015/298/298
f 1015/298/298 935/299/299 1000/232/232
f 1015/298/298 1000/232/232 1014/231/231
f 1014/231/231 1000/232/232 931/137/137
f 56/45/45 33/46/46 39/178/178
f 39/178/178 33/46/46 22/1171/1171
f 39/178/178 22/1171/1171 28/1170/1170
f 28/1170/1170 22/1171/1171 18/1104/1104
f 28/1170/1170 18/1104/1104 27/1103/1103
f 27/1103/1103 18/1104/1104 21/1037/1037
f 27/1103/1103 21/1037/1037 34/1036/1036
f 34/1036/1036 21/1037/1037 31/970/970
f 34/1036/1036 31/970/970 66/969/969
f 66/969/969 31/970/970 74/903/903
f 66/969/969 74/903/903 116/902/902
f 116/902/902 74/903/903 130/836/836
f 116/902/902 130/836/836 184/835/835
f 184/835/835 130/836/836 200/769/769
f 184/835/835 200/769/769 263/768/768
f 263/768/768 200/769/769 293/702/702
f 263/768/768 293/702/702 357/701/701
f 357/701/701 293/702/702 396/635/635
f 357/701/701 396/635/635 464/634/634
f 464/634/634 396/635/635 516/568/568
f 464/634/634 516/568/568 589/567/567
f 589/567/567 516/568/568 637/501/501
f 589/567/567 637/501/501 712/500/500
f 712/500/500 637/501/501 750/434/434
f 712/500/500 750/434/434 851/433/433
f 851/433/433 750/434/434 881/367/367
f 851/433/433 881/367/367 913/366/366
f 913/366/366 881/367/367 921/300/300
f 913/366/366 921/300/300 935/299/299
f 935/299/299 921/300/300 933/233/233
f 935/299/299 933/233/233 1000/232/232
f 1000/232/232 933/233/233 931/136/136
f 33/46/46 16/47/47 22/1171/1171
f 22/1171/1171 16/47/47 11/1105/1105
f 22/1171/1171 11/1105/1105 18/1104/1104
f 18/1104/1104 11/1105/1105 10/1038/1038
f 18/1104/1104 10/1038/1038 21/1037/1037
f 21/1037/1037 10/1038/1038 19/971/971
f 21/1037/1037 19/971/971 31/970/970
f 31/970/970 19/971/971 40/904/904
f 31/970/970 40/904/904 74/903/903
f 74/903/903 40/904/904 88/837/837
f 74/903/903 88/837/837 130/836/836
f 130/836/836 88/837/837 153/770/770
f 130/836/836 153/770/770 200/769/769
f 200/769/769 153/770/770 239/703/703
f 200/769/769 239/703/703 293/702/702
f 293/702/702 239/703/703 332/636/636
f 293/702/702 332/636/636 396/635/635
f 396/635/635 332/636/636 441/569/569
f 396/635/635 441/569/569 516/568/568
f 516/568/568 441/569/569 556/502/502
f 516/568/568 556/502/502 637/501/501
f 637/501/501 556/502/502 679/435/435
f 637/501/501 679/435/435 750/434/434
f 750/434/434 679/435/435 794/368/368
f 750/434/434 794/368/368 881/367/367
f 881/367/367 794/368/368 903/301/301
f 881/367/367 903/301/301 921/300/300
f 921/300/300 903/301/301 928/234/234
f 921/300/300 928/234/234 933/233/233
f 933/233/233 928/234/234 931/135/135
f 16/47/47 4/48/48 11/1105/1105
f 11/1105/1105 4/48/48 6/1039/1039
f 11/1105/1105 6/1039/1039 10/1038/1038
f 10/1038/1038 6/1039/1039 8/972/972
f 10/1038/1038 8/972/972 19/971/971
f 19/971/971 8/972/972 25/905/905
f 19/971/971 25/905/905 40/904/904
f 40/904/904 25/905/905 53/838/838
f 40/904/904 53/838/838 88/837/837
f 88/837/837 53/838/838 115/771/771
f 88/837/837 115/771/771 153/770/770
f 153/770/770 115/771/771 191/704/704
f 153/770/770 191/704/704 239/703/703
f 239/703/703 191/704/704 277/637/637
f 239/703/703 277/637/637 332/636/636
f 332/636/636 277/637/637 378/570/570
f 332/636/636 378/570/570 441/569/569
f 441/569/569 378/570/570 499/503/503
f 441/569/569 499/503/503 556/502/502
f 556/502/502 499/503/503 614/436/436
f 556/502/502 614/436/436 679/435/435
f 679/435/435 614/436/436 726/369/369
f 679/435/435 726/369/369 794/368/368
f 794/368/368 726/369/369 845/302/302
f 794/368/368 845/302/302 903/301/301
f 903/301/301 845/302/302 920/235/235
f 903/301/301 920/235/235 928/234/234
f 928/234/234 920/235/235 931/134/134
f 4/48/48 1/49/49 6/1039/1039
f 6/1039/1039 1/49/49 2/973/973
f 6/1039/1039 2/973/973 8/972/972
f 8/972/972 2/973/973 15/906/906
f 8/972/972 15/906/906 25/905/905
f 25/905/905 15/906/906 47/839/839
f 25/905/905 47/839/839 53/838/838
f 53/838/838 47/839/839 83/772/772
f 53/838/838 83/772/772 115/771/771
f 115/771/771 83/772/772 148/705/705
f 115/771/771 148/705/705 191/704/704
f 191/704/704 148/705/705 235/638/638
f 191/704/704 235/638/638 277/637/637
f 277/637/637 235/638/638 329/571/571
f 277/637/637 329/571/571 378/570/570
f 378/570/570 329/571/571 440/504/504
f 378/570/570 440/504/504 499/503/503
f 499/503/503 440/504/504 558/437/437
f 499/503/503 558/437/437 614/436/436
f 614/436/436 558/437/437 678/370/370
f 614/436/436 678/370/370 726/369/369
f 726/369/369 678/370/370 793/303/303
f 726/369/369 793/303/303 845/302/302
f 845/302/302 793/303/303 902/236/236
f 845/302/302 902/236/236 920/235/235
f 920/235/235 902/236/236 931/134/134
f 1/49/49 3/50/50 2/973/973
f 2/973/973 3/50/50 9/907/907
f 2/973/973 9/907/907 15/906/906
f 15/906/906 9/907/907 35/840/840
f 15/906/906 35/840/840 47/839/839
f 47/839/839 35/840/840 75/773/773
f 47/839/839 75/773/773 83/772/772
f 83/772/772 75/773/773 123/706/706
f 83/772/772 123/706/706 148/705/705
f 148/705/705 123/706/706 196/639/639
f 148/705/705 196/639/639 235/638/638
f 235/638/638 196/639/639 287/572/572
f 235/638/638 287/572/572 329/571/571
f 329/571/571 287/572/572 394/505/505
f 329/571/571 394/505/505 440/504/504
f 440/504/504 394/505/505 517/438/438
f 440/504/504 517/438/438 558/437/437
f 558/437/437 517/438/438 636/371/371
f 558/437/437 636/371/371 678/370/370
f 678/370/370 636/371/371 749/304/304
f 678/370/370 749/304/304 793/303/303
f 793/303/303 749/304/304 880/237/237
f 793/303/303 880/237/237 902/236/236
f 902/236/236 880/237/237 931/133/133
f 3/50/50 14/51/51 9/907/907
f 9/907/907 14/51/51 29/841/841
f 9/907/907 29/841/841 35/840/840
f 35/840/840 29/841/841 65/774/774
f 35/840/840 65/774/774 75/773/773
f 75/773/773 65/774/774 111/707/707
f 75/773/773 111/707/707 123/706/706
f 123/706/706 111/707/707 168/640/640
f 123/706/706 168/640/640 196/639/639
f 196/639/639 168/640/640 255/573/573
f 196/639/639 255/573/573 287/572/572
f 287/572/572 255/573/573 353/506/506
f 287/572/572 353/506/506 394/505/505
f 394/505/505 353/506/506 463/439/439
f 394/505/505 463/439/439 517/438/438
f 517/438/438 463/439/439 588/372/372
f 517/438/438 588/372/372 636/371/371
f 636/371/371 588/372/372 711/305/305
f 636/371/371 711/305/305 749/304/304
f 749/304/304 711/305/305 850/238/238
f 749/304/304 850/238/238 880/237/237
f 880/237/237 850/238/238 931/132/132
f 14/51/51 32/52/52 29/841/841
f 29/841/841 32/52/52 58/775/775
f 29/841/841 58/775/775 65/774/774
f 65/774/774 58/775/775 101/708/708
f 65/774/774 101/708/708 111/707/707
f 111/707/707 101/708/708 161/641/641
f 111/707/707 161/641/641 168/640/640
f 168/640/640 161/641/641 232/574/574
f 168/640/640 232/574/574 255/573/573
f 255/573/573 232/574/574 324/507/507
f 255/573/573 324/507/507 353/506/506
f 353/506/506 324/507/507 435/440/440
f 353/506/506 435/440/440 463/439/439
f 463/439/439 435/440/440 554/373/373
f 463/439/439 554/373/373 588/372/372
f 588/372/372 554/373/373 687/306/306
f 588/372/372 687/306/306 711/305/305
f 711/305/305 687/306/306 822/239/239
f 711/305/305 822/239/239 850/238/238
f 850/238/238 822/239/239 931/131/131
f 32/52/52 54/53/53 58/775/775
f 58/775/775 54/53/53 84/54/54
f 58/775/775 84/54/54 97/709/709
f 97/709/709 84/54/54 120/55/55
f 97/709/709 120/55/55 146/643/643
f 146/643/643 120/55/55 157/56/56
f 146/643/643 157/56/56 207/577/577
f 207/577/577 157/56/56 198/57/57
f 207/577/577 198/57/57 257/58/58
f 207/577/577 257/58/58 279/511/511
f 279/511/511 257/58/58 316/59/59
f 279/511/511 316/59/59 368/445/445
f 368/445/445 316/59/59 382/60/60
f 368/445/445 382/60/60 466/379/379
f 466/379/379 382/60/60 455/61/61
f 466/379/379 455/61/61 549/62/62
f 466/379/379 549/62/62 590/313/313
f 590/313/313 549/62/62 656/63/63
f 590/313/313 656/63/63 734/247/247
f 734/247/247 656/63/63 779/64/64
f 734/247/247 779/64/64 931/123/123
f 838/2162/2162 994/74/74 844/2163/2163
f 844/2163/2163 994/75/75 857/2164/2164
f 857/2164/2164 994/76/76 870/2165/2165
f 870/2165/2165 994/77/77 879/2166/2166
f 879/2166/2166 994/78/78 890/2167/2167
f 929/2172/2172 994/84/84 992/2173/2173
f 992/2173/2173 994/85/85 995/2174/2174
f 995/2174/2174 994/86/86 999/2175/2175
f 999/2175/2175 994/87/87 1003/2176/2176
f 1003/2176/2176 994/88/88 1009/2177/2177
f 1009/2177/2177 994/89/89 1017/2178/2178
f 1017/2178/2178 994/89/89 1019/2179/2179
f 1029/2180/2180 994/90/90 1035/2181/2181
f 1035/2181/2181 994/90/90 1042/2182/2182
f 1042/2182/2182 994/91/91 1049/2183/2183
f 1049/2183/2183 994/91/91 1059/2184/2184
f 1059/2184/2184 994/92/92 1065/2185/2185
f 1065/2185/2185 994/92/92 1071/2186/2186
f 1071/2186/2186 994/93/93 1078/2187/2187
f 1078/2187/2187 994/94/94 1086/2188/2188
f 1086/2188/2188 994/95/95 1089/2189/2189
f 1089/2189/2189 994/96/96 1095/2190/2190
f 1095/2190/2190 994/97/97 1100/2191/2191
f 1100/2191/2191 994/98/98 1101/2192/2192
f 1101/2192/2192 994/99/99 1102/2193/2193
f 1102/2193/2193 994/100/100 1096/2194/2194
f 1096/2194/2194 994/101/101 1090/2195/2195
f 1090/2195/2195 994/102/102 1087/2196/2196
f 1087/2196/2196 994/103/103 1079/2197/2197
f 1079/2197/2197 994/103/103 1072/2198/2198
f 1072/2198/2198 994/104/104 1066/2199/2199
f 1066/2199/2199 994/104/104 1062/2200/2200
f 1062/2200/2200 994/105/105 1050/2201/2201
f 1050/2201/2201 994/105/105 1043/2202/2202
f 1043/2202/2202 994/106/106 1036/2203/2203
f 1036/2203/2203 994/106/106 1030/2204/2204
f 1024/2205/2205 994/107/107 1011/2206/2206
f 1011/2206/2206 994/108/108 1004/2207/2207
f 1004/2207/2207 994/109/109 996/2208/2208
f 996/2208/2208 994/110/110 993/2209/2209
f 993/2209/2209 994/111/111 930/2210/2210
f 930/2210/2210 994/111/111 927/2211/2211
f 927/2211/2211 994/112/112 919/2212/2212
f 919/2212/2212 994/113/113 909/2213/2213
f 909/2213/2213 994/114/114 896/2214/2214
f 896/2214/2214 994/115/115 884/2215/2215
f 884/2215/2215 994/116/116 872/2216/2216
f 872/2216/2216 994/117/117 856/2217/2217
f 856/2217/2217 994/118/118 841/2218/2218
f 841/2218/2218 994/119/119 835/2219/2219
f 835/2219/2219 994/120/120 825/2220/2220
f 825/2220/2220 994/120/120 821/2221/2221
f 821/2221/2221 994/121/121 819/2222/2222
f 819/2222/2222 994/122/122 817/2223/2223
f 734/247/247 931/124/124 735/246/246
f 735/246/246 931/124/124 739/245/245
f 739/245/245 931/125/125 745/244/244
f 745/244/244 931/126/126 757/243/243
f 757/243/243 931/127/127 769/242/242
f 769/242/242 931/128/128 781/241/241
f 781/241/241 931/129/129 803/240/240
f 803/240/240 931/130/130 822/239/239
f 1014/231/231 931/138/138 1032/230/230
f 1032/230/230 931/139/139 1055/229/229
f 1069/228/228 931/140/140 1093/227/227
f 1093/227/227 931/140/140 1113/226/226
f 1159/221/221 931/144/144 1172/220/220
f 1172/220/220 931/145/145 1180/219/219
f 1180/219/219 931/146/146 1185/218/218
f 1185/218/218 931/147/147 1187/217/217
f 1187/217/217 931/148/148 1190/216/216
f 1190/216/216 931/149/149 1186/215/215
f 1186/215/215 931/150/150 1184/214/214
f 1184/214/214 931/151/151 1179/213/213
f 1179/213/213 931/152/152 1171/212/212
f 1171/212/212 931/153/153 1158/211/211
f 1158/211/211 931/153/153 1148/210/210
f 1148/210/210 931/154/154 1140/209/209
f 1140/209/209 931/154/154 1133/208/208
f 1133/208/208 931/155/155 1122/207/207
f 1122/207/207 931/155/155 1112/206/206
f 1112/206/206 931/156/156 1091/205/205
f 1091/205/205 931/156/156 1068/204/204
f 1052/203/203 931/157/157 1040/202/202
f 1040/202/202 931/158/158 1026/201/201
f 1026/201/201 931/159/159 1013/200/200
f 1013/200/200 931/160/160 1005/199/199
f 1005/199/199 931/161/161 997/198/198
f 997/198/198 931/162/162 932/197/197
f 932/197/197 931/163/163 925/196/196
f 925/196/196 931/164/164 911/195/195
f 911/195/195 931/165/165 897/194/194
f 897/194/194 931/166/166 876/193/193
f 876/193/193 931/167/167 858/192/192
f 858/192/192 931/168/168 837/191/191
f 837/191/191 931/169/169 815/190/190
f 815/190/190 931/170/170 800/189/189
f 800/189/189 931/171/171 783/188/188
f 783/188/188 931/172/172 777/187/187
f 777/187/187 931/173/173 763/186/186
f 763/186/186 931/174/174 755/185/185
f 755/185/185 931/175/175 747/184/184
f 747/184/184 931/176/176 738/183/183
f 931/177/177 733/182/182 738/183/183
f 738/183/183 733/182/182 595/249/249
f 738/183/183 595/249/249 603/250/250
f 603/250/250 595/249/249 492/316/316
f 603/250/250 492/316/316 506/317/317
f 506/317/317 492/316/316 405/383/383
f 506/317/317 405/383/383 428/384/384
f 428/384/384 405/383/383 345/450/450
f 428/384/384 345/450/450 365/451/451
f 365/451/451 345/450/450 306/517/517
f 365/451/451 306/517/517 339/518/518
f 339/518/518 306/517/517 282/584/584
f 339/518/518 282/584/584 327/585/585
f 327/585/585 282/584/584 284/651/651
f 327/585/585 284/651/651 337/652/652
f 337/652/652 284/651/651 309/718/718
f 337/652/652 309/718/718 361/719/719
f 361/719/719 309/718/718 347/785/785
f 361/719/719 347/785/785 417/786/786
f 417/786/786 347/785/785 402/852/852
f 417/786/786 402/852/852 477/853/853
f 477/853/853 402/852/852 472/919/919
f 477/853/853 472/919/919 561/920/920
f 561/920/920 472/919/919 562/986/986
f 561/920/920 562/986/986 666/987/987
f 666/987/987 562/986/986 671/1053/1053
f 666/987/987 671/1053/1053 789/1054/1054
f 789/1054/1054 671/1053/1053 796/1120/1120
f 789/1054/1054 796/1120/1120 960/1121/1121
f 960/1121/1121 796/1120/1120 962/1186/1186
f 960/1121/1121 962/1186/1186 1092/1187/1187
f 1092/1187/1187 962/1186/1186 1088/1351/1351
f 1092/1187/1187 1088/1351/1351 1216/1350/1350
f 1216/1350/1350 1088/1351/1351 1209/1253/1253
f 1216/1350/1350 1209/1253/1253 1298/1254/1254
f 1298/1254/1254 1209/1253/1253 1284/1386/1386
f 1298/1254/1254 1284/1386/1386 1376/1387/1387
f 1376/1387/1387 1284/1386/1386 1371/1453/1453
f 1376/1387/1387 1371/1453/1453 1438/1454/1454
f 1438/1454/1454 1371/1453/1453 1408/1520/1520
f 1438/1454/1454 1408/1520/1520 1475/1521/1521
f 1475/1521/1521 1408/1520/1520 1450/1676/1676
f 1475/1521/1521 1450/1676/1676 1512/1675/1675
f 1512/1675/1675 1450/1676/1676 1463/1588/1588
f 1512/1675/1675 1463/1588/1588 1524/1589/1589
f 1524/1589/1589 1463/1588/1588 1470/1721/1721
f 1524/1589/1589 1470/1721/1721 1521/1722/1722
f 1521/1722/1722 1470/1721/1721 1461/1788/1788
f 1521/1722/1722 1461/1788/1788 1501/1789/1789
f 1501/1789/1789 1461/1788/1788 1442/1855/1855
f 1501/1789/1789 1442/1855/1855 1471/1856/1856
f 1471/1856/1856 1442/1855/1855 1405/1922/1922
f 1471/1856/1856 1405/1922/1922 1434/1923/1923
f 1434/1923/1923 1405/1922/1922 1366/2065/2065
f 1434/1923/1923 1366/2065/2065 1374/2064/2064
f 1374/2064/2064 1366/2065/2065 1281/1990/1990
f 1374/2064/2064 1281/1990/1990 1296/1991/1991
f 1296/1991/1991 1281/1990/1990 1206/2121/2121
f 1296/1991/1991 1206/2121/2121 1213/2122/2122
f 1213/2122/2122 1206/2121/2121 1086/2188/2188
f 1213/2122/2122 1086/2188/2188 1089/2189/2189
f 738/183/183 603/250/250 747/184/184
f 747/184/184 603/250/250 616/251/251
f 747/184/184 616/251/251 755/185/185
f 755/185/185 616/251/251 631/252/252
f 755/185/185 631/252/252 763/186/186
f 763/186/186 631/252/252 649/253/253
f 763/186/186 649/253/253 777/187/187
f 777/187/187 649/253/253 662/254/254
f 777/187/187 662/254/254 783/188/188
f 783/188/188 662/254/254 682/255/255
f 783/188/188 682/255/255 800/189/189
f 800/189/189 682/255/255 701/256/256
f 800/189/189 701/256/256 815/190/190
f 815/190/190 701/256/256 725/257/257
f 815/190/190 725/257/257 837/191/191
f 837/191/191 725/257/257 758/258/258
f 837/191/191 758/258/258 858/192/192
f 858/192/192 758/258/258 791/259/259
f 858/192/192 791/259/259 876/193/193
f 876/193/193 791/259/259 831/260/260
f 876/193/193 831/260/260 897/194/194
f 897/194/194 831/260/260 877/261/261
f 897/194/194 877/261/261 911/195/195
f 911/195/195 877/261/261 912/262/262
f 911/195/195 912/262/262 925/196/196
f 925/196/196 912/262/262 934/263/263
f 925/196/196 934/263/263 932/197/197
f 932/197/197 934/263/263 1006/264/264
f 932/197/197 1006/264/264 997/198/198
f 997/198/198 1006/264/264 1027/265/265
f 997/198/198 1027/265/265 1005/199/199
f 1005/199/199 1027/265/265 1056/266/266
f 1005/199/199 1056/266/266 1013/200/200
f 1013/200/200 1056/266/266 1103/267/267
f 1013/200/200 1103/267/267 1026/201/201
f 1026/201/201 1103/267/267 1131/268/268
f 1026/201/201 1131/268/268 1040/202/202
f 1040/202/202 1131/268/268 1160/269/269
f 1040/202/202 1160/269/269 1052/203/203
f 1052/203/203 1160/269/269 1193/270/270
f 1052/203/203 1193/270/270 1068/204/204
f 1068/204/204 1193/270/270 1220/271/271
f 1068/204/204 1220/271/271 1091/205/205
f 1091/205/205 1220/271/271 1245/272/272
f 1091/205/205 1245/272/272 1112/206/206
f 1112/206/206 1245/272/272 1260/273/273
f 1112/206/206 1260/273/273 1122/207/207
f 1122/207/207 1260/273/273 1275/274/274
f 1122/207/207 1275/274/274 1133/208/208
f 1133/208/208 1275/274/274 1293/275/275
f 1133/208/208 1293/275/275 1140/209/209
f 1140/209/209 1293/275/275 1307/276/276
f 1140/209/209 1307/276/276 1148/210/210
f 1148/210/210 1307/276/276 1327/277/277
f 1148/210/210 1327/277/277 1158/211/211
f 1158/211/211 1327/277/277 1347/278/278
f 1158/211/211 1347/278/278 1171/212/212
f 1171/212/212 1347/278/278 1354/279/279
f 1171/212/212 1354/279/279 1179/213/213
f 1179/213/213 1354/279/279 1360/280/280
f 1179/213/213 1360/280/280 1184/214/214
f 1184/214/214 1360/280/280 1367/281/281
f 1184/214/214 1367/281/281 1186/215/215
f 1186/215/215 1367/281/281 1370/282/282
f 1186/215/215 1370/282/282 1190/216/216
f 1190/216/216 1370/282/282 1369/283/283
f 1190/216/216 1369/283/283 1187/217/217
f 1187/217/217 1369/283/283 1362/284/284
f 1187/217/217 1362/284/284 1185/218/218
f 1185/218/218 1362/284/284 1355/285/285
f 1185/218/218 1355/285/285 1180/219/219
f 1180/219/219 1355/285/285 1348/286/286
f 1180/219/219 1348/286/286 1172/220/220
f 1172/220/220 1348/286/286 1329/287/287
f 1172/220/220 1329/287/287 1159/221/221
f 1159/221/221 1329/287/287 1308/288/288
f 931/66/66 1052/203/203 1068/204/204
f 1113/226/226 1221/293/293 1093/227/227
f 1093/227/227 1221/293/293 1197/294/294
f 1093/227/227 1197/294/294 1069/228/228
f 1069/228/228 1197/294/294 1162/295/295
f 1069/228/228 1162/295/295 1055/229/229
f 1055/229/229 1162/295/295 1120/296/296
f 1055/229/229 1120/296/296 1032/230/230
f 1032/230/230 1120/296/296 1060/297/297
f 1032/230/230 1060/297/297 1014/231/231
f 1014/231/231 1060/297/297 1015/298/298
f 931/65/65 1069/228/228 1055/229/229
f 822/239/239 687/306/306 803/240/240
f 803/240/240 687/306/306 659/307/307
f 803/240/240 659/307/307 781/241/241
f 781/241/241 659/307/307 639/308/308
f 781/241/241 639/308/308 769/242/242
f 769/242/242 639/308/308 617/309/309
f 769/242/242 617/309/309 757/243/243
f 757/243/243 617/309/309 600/310/310
f 757/243/243 600/310/310 745/244/244
f 745/244/244 600/310/310 596/311/311
f 745/244/244 596/311/311 739/245/245
f 739/245/245 596/311/311 592/312/312
f 739/245/245 592/312/312 735/246/246
f 735/246/246 592/312/312 590/313/313
f 735/246/246 590/313/313 734/247/247
f 733/182/182 591/248/248 595/249/249
f 595/249/249 591/248/248 476/315/315
f 595/249/249 476/315/315 492/316/316
f 492/316/316 476/315/315 391/382/382
f 492/316/316 391/382/382 405/383/383
f 405/383/383 391/382/382 323/449/449
f 405/383/383 323/449/449 345/450/450
f 345/450/450 323/449/449 274/516/516
f 345/450/450 274/516/516 306/517/517
f 306/517/517 274/516/516 249/583/583
f 306/517/517 249/583/583 282/584/584
f 282/584/584 249/583/583 244/650/650
f 282/584/584 244/650/650 284/651/651
f 284/651/651 244/650/650 259/717/717
f 284/651/651 259/717/717 309/718/718
f 309/718/718 259/717/717 285/784/784
f 309/718/718 285/784/784 347/785/785
f 347/785/785 285/784/784 335/851/851
f 347/785/785 335/851/851 402/852/852
f 402/852/852 335/851/851 398/918/918
f 402/852/852 398/918/918 472/919/919
f 472/919/919 398/918/918 475/985/985
f 472/919/919 475/985/985 562/986/986
f 562/986/986 475/985/985 567/1052/1052
f 562/986/986 567/1052/1052 671/1053/1053
f 671/1053/1053 567/1052/1052 672/1119/1119
f 671/1053/1053 672/1119/1119 796/1120/1120
f 796/1120/1120 672/1119/1119 798/1185/1185
f 796/1120/1120 798/1185/1185 962/1186/1186
f 962/1186/1186 798/1185/1185 964/1352/1352
f 962/1186/1186 964/1352/1352 1088/1351/1351
f 1088/1351/1351 964/1352/1352 1075/1252/1252
f 1088/1351/1351 1075/1252/1252 1209/1253/1253
f 1209/1253/1253 1075/1252/1252 1198/1385/1385
f 1209/1253/1253 1198/1385/1385 1284/1386/1386
f 1284/1386/1386 1198/1385/1385 1273/1452/1452
f 1284/1386/1386 1273/1452/1452 1371/1453/1453
f 1371/1453/1453 1273/1452/1452 1349/1519/1519
f 1371/1453/1453 1349/1519/1519 1408/1520/1520
f 1408/1520/1520 1349/1519/1519 1389/1677/1677
f 1408/1520/1520 1389/1677/1677 1450/1676/1676
f 1450/1676/1676 1389/1677/1677 1412/1587/1587
f 1450/1676/1676 1412/1587/1587 1463/1588/1588
f 1463/1588/1588 1412/1587/1587 1427/1720/1720
f 1463/1588/1588 1427/1720/1720 1470/1721/1721
f 1470/1721/1721 1427/1720/1720 1428/1787/1787
f 1470/1721/1721 1428/1787/1787 1461/1788/1788
f 1461/1788/1788 1428/1787/1787 1409/1854/1854
f 1461/1788/1788 1409/1854/1854 1442/1855/1855
f 1442/1855/1855 1409/1854/1854 1386/1921/1921
f 1442/1855/1855 1386/1921/1921 1405/1922/1922
f 1405/1922/1922 1386/1921/1921 1341/2066/2066
f 1405/1922/1922 1341/2066/2066 1366/2065/2065
f 1366/2065/2065 1341/2066/2066 1271/1989/1989
f 1366/2065/2065 1271/1989/1989 1281/1990/1990
f 1281/1990/1990 1271/1989/1989 1195/2120/2120
f 1281/1990/1990 1195/2120/2120 1206/2121/2121
f 1206/2121/2121 1195/2120/2120 1078/2187/2187
f 1206/2121/2121 1078/2187/2187 1086/2188/2188
f 603/250/250 506/317/317 616/251/251
f 616/251/251 506/317/317 520/318/318
f 616/251/251 520/318/318 631/252/252
f 631/252/252 520/318/318 536/319/319
f 631/252/252 536/319/319 649/253/253
f 649/253/253 536/319/319 559/320/320
f 649/253/253 559/320/320 662/254/254
f 662/254/254 559/320/320 583/321/321
f 662/254/254 583/321/321 682/255/255
f 682/255/255 583/321/321 618/322/322
f 682/255/255 618/322/322 701/256/256
f 701/256/256 618/322/322 652/323/323
f 701/256/256 652/323/323 725/257/257
f 725/257/257 652/323/323 690/324/324
f 725/257/257 690/324/324 758/258/258
f 758/258/258 690/324/324 723/325/325
f 758/258/258 723/325/325 791/259/259
f 791/259/259 723/325/325 774/326/326
f 791/259/259 774/326/326 831/260/260
f 831/260/260 774/326/326 836/327/327
f 831/260/260 836/327/327 877/261/261
f 877/261/261 836/327/327 898/328/328
f 877/261/261 898/328/328 912/262/262
f 912/262/262 898/328/328 936/329/329
f 912/262/262 936/329/329 934/263/263
f 934/263/263 936/329/329 1012/330/330
f 934/263/263 1012/330/330 1006/264/264
f 1006/264/264 1012/330/330 1053/331/331
f 1006/264/264 1053/331/331 1027/265/265
f 1027/265/265 1053/331/331 1116/332/332
f 1027/265/265 1116/332/332 1056/266/266
f 1056/266/266 1116/332/332 1163/333/333
f 1056/266/266 1163/333/333 1103/267/267
f 1103/267/267 1163/333/333 1212/334/334
f 1103/267/267 1212/334/334 1131/268/268
f 1131/268/268 1212/334/334 1251/335/335
f 1131/268/268 1251/335/335 1160/269/269
f 1160/269/269 1251/335/335 1277/336/336
f 1160/269/269 1277/336/336 1193/270/270
f 1193/270/270 1277/336/336 1313/337/337
f 1193/270/270 1313/337/337 1220/271/271
f 1220/271/271 1313/337/337 1356/338/338
f 1220/271/271 1356/338/338 1245/272/272
f 1245/272/272 1356/338/338 1379/339/339
f 1245/272/272 1379/339/339 1260/273/273
f 1260/273/273 1379/339/339 1401/340/340
f 1260/273/273 1401/340/340 1275/274/274
f 1275/274/274 1401/340/340 1426/341/341
f 1275/274/274 1426/341/341 1293/275/275
f 1293/275/275 1426/341/341 1446/342/342
f 1293/275/275 1446/342/342 1307/276/276
f 1307/276/276 1446/342/342 1459/343/343
f 1307/276/276 1459/343/343 1327/277/277
f 1327/277/277 1459/343/343 1476/344/344
f 1327/277/277 1476/344/344 1347/278/278
f 1347/278/278 1476/344/344 1490/345/345
f 1347/278/278 1490/345/345 1354/279/279
f 1354/279/279 1490/345/345 1496/346/346
f 1354/279/279 1496/346/346 1360/280/280
f 1360/280/280 1496/346/346 1507/347/347
f 1360/280/280 1507/347/347 1367/281/281
f 1367/281/281 1507/347/347 1510/348/348
f 1367/281/281 1510/348/348 1370/282/282
f 1370/282/282 1510/348/348 1508/349/349
f 1370/282/282 1508/349/349 1369/283/283
f 1369/283/283 1508/349/349 1498/350/350
f 1369/283/283 1498/350/350 1362/284/284
f 1362/284/284 1498/350/350 1491/351/351
f 1362/284/284 1491/351/351 1355/285/285
f 1355/285/285 1491/351/351 1479/352/352
f 1355/285/285 1479/352/352 1348/286/286
f 1348/286/286 1479/352/352 1460/353/353
f 1348/286/286 1460/353/353 1329/287/287
f 1329/287/287 1460/353/353 1448/354/354
f 1329/287/287 1448/354/354 1308/288/288
f 1308/288/288 1448/354/354 1429/355/355
f 1221/293/293 1278/360/360 1197/294/294
f 1197/294/294 1278/360/360 1252/361/361
f 1197/294/294 1252/361/361 1162/295/295
f 1162/295/295 1252/361/361 1192/362/362
f 1162/295/295 1192/362/362 1120/296/296
f 1120/296/296 1192/362/362 1117/363/363
f 1120/296/296 1117/363/363 1060/297/297
f 1060/297/297 1117/363/363 1031/364/364
f 1060/297/297 1031/364/364 1015/298/298
f 1015/298/298 1031/364/364 937/365/365
f 687/306/306 554/373/373 659/307/307
f 659/307/307 554/373/373 528/374/374
f 659/307/307 528/374/374 639/308/308
f 639/308/308 528/374/374 508/375/375
f 639/308/308 508/375/375 617/309/309
f 617/309/309 508/375/375 487/376/376
f 617/309/309 487/376/376 600/310/310
f 600/310/310 487/376/376 479/377/377
f 600/310/310 479/377/377 596/311/311
f 596/311/311 479/377/377 468/378/378
f 596/311/311 468/378/378 592/312/312
f 592/312/312 468/378/378 466/379/379
f 592/312/312 466/379/379 590/313/313
f 591/248/248 467/314/314 476/315/315
f 476/315/315 467/314/314 376/381/381
f 476/315/315 376/381/381 391/382/382
f 391/382/382 376/381/381 307/448/448
f 391/382/382 307/448/448 323/449/449
f 323/449/449 307/448/448 253/515/515
f 323/449/449 253/515/515 274/516/516
f 274/516/516 253/515/515 219/582/582
f 274/516/516 219/582/582 249/583/583
f 249/583/583 219/582/582 203/649/649
f 249/583/583 203/649/649 244/650/650
f 244/650/650 203/649/649 211/716/716
f 244/650/650 211/716/716 259/717/717
f 259/717/717 211/716/716 236/783/783
f 259/717/717 236/783/783 285/784/784
f 285/784/784 236/783/783 273/850/850
f 285/784/784 273/850/850 335/851/851
f 335/851/851 273/850/850 330/917/917
f 335/851/851 330/917/917 398/918/918
f 398/918/918 330/917/917 400/984/984
f 398/918/918 400/984/984 475/985/985
f 475/985/985 400/984/984 480/1051/1051
f 475/985/985 480/1051/1051 567/1052/1052
f 567/1052/1052 480/1051/1051 572/1118/1118
f 567/1052/1052 572/1118/1118 672/1119/1119
f 672/1119/1119 572/1118/1118 676/1184/1184
f 672/1119/1119 676/1184/1184 798/1185/1185
f 798/1185/1185 676/1184/1184 801/1353/1353
f 798/1185/1185 801/1353/1353 964/1352/1352
f 964/1352/1352 801/1353/1353 966/1251/1251
f 964/1352/1352 966/1251/1251 1075/1252/1252
f 1075/1252/1252 966/1251/1251 1070/1384/1384
f 1075/1252/1252 1070/1384/1384 1198/1385/1385
f 1198/1385/1385 1070/1384/1384 1191/1451/1451
f 1198/1385/1385 1191/1451/1451 1273/1452/1452
f 1273/1452/1452 1191/1451/1451 1259/1518/1518
f 1273/1452/1452 1259/1518/1518 1349/1519/1519
f 1349/1519/1519 1259/1518/1518 1312/1678/1678
f 1349/1519/1519 1312/1678/1678 1389/1677/1677
f 1389/1677/1677 1312/1678/1678 1363/1586/1586
f 1389/1677/1677 1363/1586/1586 1412/1587/1587
f 1412/1587/1587 1363/1586/1586 1377/1719/1719
f 1412/1587/1587 1377/1719/1719 1427/1720/1720
f 1427/1720/1720 1377/1719/1719 1387/1786/1786
f 1427/1720/1720 1387/1786/1786 1428/1787/1787
f 1428/1787/1787 1387/1786/1786 1378/1853/1853
f 1428/1787/1787 1378/1853/1853 1409/1854/1854
f 1409/1854/1854 1378/1853/1853 1361/1920/1920
f 1409/1854/1854 1361/1920/1920 1386/1921/1921
f 1386/1921/1921 1361/1920/1920 1306/2067/2067
f 1386/1921/1921 1306/2067/2067 1341/2066/2066
f 1341/2066/2066 1306/2067/2067 1257/1988/1988
f 1341/2066/2066 1257/1988/1988 1271/1989/1989
f 1271/1989/1989 1257/1988/1988 1188/2119/2119
f 1271/1989/1989 1188/2119/2119 1195/2120/2120
f 1195/2120/2120 1188/2119/2119 1071/2186/2186
f 1195/2120/2120 1071/2186/2186 1078/2187/2187
f 506/317/317 428/384/384 520/318/318
f 520/318/318 428/384/384 446/385/385
f 520/318/318 446/385/385 536/319/319
f 536/319/319 446/385/385 469/386/386
f 536/319/319 469/386/386 559/320/320
f 559/320/320 469/386/386 512/387/387
f 559/320/320 512/387/387 583/321/321
f 583/321/321 512/387/387 541/388/388
f 583/321/321 541/388/388 618/322/322
f 618/322/322 541/388/388 577/389/389
f 618/322/322 577/389/389 652/323/323
f 652/323/323 577/389/389 628/390/390
f 652/323/323 628/390/390 690/324/324
f 690/324/324 628/390/390 674/391/391
f 690/324/324 674/391/391 723/325/325
f 723/325/325 674/391/391 727/392/392
f 723/325/325 727/392/392 774/326/326
f 774/326/326 727/392/392 795/393/393
f 774/326/326 795/393/393 836/327/327
f 836/327/327 795/393/393 882/394/394
f 836/327/327 882/394/394 898/328/328
f 898/328/328 882/394/394 938/395/395
f 898/328/328 938/395/395 936/329/329
f 936/329/329 938/395/395 1025/396/396
f 936/329/329 1025/396/396 1012/330/330
f 1012/330/330 1025/396/396 1097/397/397
f 1012/330/330 1097/397/397 1053/331/331
f 1053/331/331 1097/397/397 1156/398/398
f 1053/331/331 1156/398/398 1116/332/332
f 1116/332/332 1156/398/398 1224/399/399
f 1116/332/332 1224/399/399 1163/333/333
f 1163/333/333 1224/399/399 1270/400/400
f 1163/333/333 1270/400/400 1212/334/334
f 1212/334/334 1270/400/400 1317/401/401
f 1212/334/334 1317/401/401 1251/335/335
f 1251/335/335 1317/401/401 1372/402/402
f 1251/335/335 1372/402/402 1277/336/336
f 1277/336/336 1372/402/402 1404/403/403
f 1277/336/336 1404/403/403 1313/337/337
f 1313/337/337 1404/403/403 1443/404/404
f 1313/337/337 1443/404/404 1356/338/338
f 1356/338/338 1443/404/404 1477/405/405
f 1356/338/338 1477/405/405 1379/339/339
f 1379/339/339 1477/405/405 1515/406/406
f 1379/339/339 1515/406/406 1401/340/340
f 1401/340/340 1515/406/406 1539/407/407
f 1401/340/340 1539/407/407 1426/341/341
f 1426/341/341 1539/407/407 1557/408/408
f 1426/341/341 1557/408/408 1446/342/342
f 1446/342/342 1557/408/408 1577/409/409
f 1446/342/342 1577/409/409 1459/343/343
f 1459/343/343 1577/409/409 1598/410/410
f 1459/343/343 1598/410/410 1476/344/344
f 1476/344/344 1598/410/410 1617/411/411
f 1476/344/344 1617/411/411 1490/345/345
f 1490/345/345 1617/411/411 1624/412/412
f 1490/345/345 1624/412/412 1496/346/346
f 1496/346/346 1624/412/412 1630/413/413
f 1496/346/346 1630/413/413 1507/347/347
f 1507/347/347 1630/413/413 1633/414/414
f 1507/347/347 1633/414/414 1510/348/348
f 1510/348/348 1633/414/414 1632/415/415
f 1510/348/348 1632/415/415 1508/349/349
f 1508/349/349 1632/415/415 1625/416/416
f 1508/349/349 1625/416/416 1498/350/350
f 1498/350/350 1625/416/416 1619/417/417
f 1498/350/350 1619/417/417 1491/351/351
f 1491/351/351 1619/417/417 1601/418/418
f 1491/351/351 1601/418/418 1479/352/352
f 1479/352/352 1601/418/418 1579/419/419
f 1479/352/352 1579/419/419 1460/353/353
f 1460/353/353 1579/419/419 1559/420/420
f 1460/353/353 1559/420/420 1448/354/354
f 1448/354/354 1559/420/420 1540/421/421
f 1448/354/354 1540/421/421 1429/355/355
f 1429/355/355 1540/421/421 1520/422/422
f 1278/360/360 1321/427/427 1252/361/361
f 1252/361/361 1321/427/427 1253/428/428
f 1252/361/361 1253/428/428 1192/362/362
f 1192/362/362 1253/428/428 1164/429/429
f 1192/362/362 1164/429/429 1117/363/363
f 1117/363/363 1164/429/429 1054/430/430
f 1117/363/363 1054/430/430 1031/364/364
f 1031/364/364 1054/430/430 939/431/431
f 1031/364/364 939/431/431 937/365/365
f 937/365/365 939/431/431 904/432/432
f 554/373/373 435/440/440 528/374/374
f 528/374/374 435/440/440 410/441/441
f 528/374/374 410/441/441 508/375/375
f 508/375/375 410/441/441 389/442/442
f 508/375/375 389/442/442 487/376/376
f 487/376/376 389/442/442 377/443/443
f 487/376/376 377/443/443 479/377/377
f 479/377/377 377/443/443 372/444/444
f 479/377/377 372/444/444 468/378/378
f 468/378/378 372/444/444 368/445/445
f 468/378/378 368/445/445 466/379/379
f 467/314/314 370/380/380 376/381/381
f 376/381/381 370/380/380 290/447/447
f 376/381/381 290/447/447 307/448/448
f 307/448/448 290/447/447 234/514/514
f 307/448/448 234/514/514 253/515/515
f 253/515/515 234/514/514 193/581/581
f 253/515/515 193/581/581 219/582/582
f 219/582/582 193/581/581 176/648/648
f 219/582/582 176/648/648 203/649/649
f 203/649/649 176/648/648 174/715/715
f 203/649/649 174/715/715 211/716/716
f 211/716/716 174/715/715 189/782/782
f 211/716/716 189/782/782 236/783/783
f 236/783/783 189/782/782 223/849/849
f 236/783/783 223/849/849 273/850/850
f 273/850/850 223/849/849 267/916/916
f 273/850/850 267/916/916 330/917/917
f 330/917/917 267/916/916 331/983/983
f 330/917/917 331/983/983 400/984/984
f 400/984/984 331/983/983 403/1050/1050
f 400/984/984 403/1050/1050 480/1051/1051
f 480/1051/1051 403/1050/1050 486/1117/1117
f 480/1051/1051 486/1117/1117 572/1118/1118
f 572/1118/1118 486/1117/1117 574/1183/1183
f 572/1118/1118 574/1183/1183 676/1184/1184
f 676/1184/1184 574/1183/1183 683/1354/1354
f 676/1184/1184 683/1354/1354 801/1353/1353
f 801/1353/1353 683/1354/1354 806/1250/1250
f 801/1353/1353 806/1250/1250 966/1251/1251
f 966/1251/1251 806/1250/1250 968/1383/1383
f 966/1251/1251 968/1383/1383 1070/1384/1384
f 1070/1384/1384 968/1383/1383 1067/1450/1450
f 1070/1384/1384 1067/1450/1450 1191/1451/1451
f 1191/1451/1451 1067/1450/1450 1176/1517/1517
f 1191/1451/1451 1176/1517/1517 1259/1518/1518
f 1259/1518/1518 1176/1517/1517 1249/1679/1679
f 1259/1518/1518 1249/1679/1679 1312/1678/1678
f 1312/1678/1678 1249/1679/1679 1285/1585/1585
f 1312/1678/1678 1285/1585/1585 1363/1586/1586
f 1363/1586/1586 1285/1585/1585 1319/1718/1718
f 1363/1586/1586 1319/1718/1718 1377/1719/1719
f 1377/1719/1719 1319/1718/1718 1344/1785/1785
f 1377/1719/1719 1344/1785/1785 1387/1786/1786
f 1387/1786/1786 1344/1785/1785 1345/1852/1852
f 1387/1786/1786 1345/1852/1852 1378/1853/1853
f 1378/1853/1853 1345/1852/1852 1320/1919/1919
f 1378/1853/1853 1320/1919/1919 1361/1920/1920
f 1361/1920/1920 1320/1919/1919 1282/2068/2068
f 1361/1920/1920 1282/2068/2068 1306/2067/2067
f 1306/2067/2067 1282/2068/2068 1244/1987/1987
f 1306/2067/2067 1244/1987/1987 1257/1988/1988
f 1257/1988/1988 1244/1987/1987 1170/2118/2118
f 1257/1988/1988 1170/2118/2118 1188/2119/2119
f 1188/2119/2119 1170/2118/2118 1065/2185/2185
f 1188/2119/2119 1065/2185/2185 1071/2186/2186
f 428/384/384 365/451/451 446/385/385
f 446/385/385 365/451/451 399/452/452
f 446/385/385 399/452/452 469/386/386
f 469/386/386 399/452/452 434/453/453
f 469/386/386 434/453/453 512/387/387
f 512/387/387 434/453/453 470/454/454
f 512/387/387 470/454/454 541/388/388
f 541/388/388 470/454/454 522/455/455
f 541/388/388 522/455/455 577/389/389
f 577/389/389 522/455/455 571/456/456
f 577/389/389 571/456/456 628/390/390
f 628/390/390 571/456/456 629/457/457
f 628/390/390 629/457/457 674/391/391
f 674/391/391 629/457/457 691/458/458
f 674/391/391 691/458/458 727/392/392
f 727/392/392 691/458/458 761/459/459
f 727/392/392 761/459/459 795/393/393
f 795/393/393 761/459/459 862/460/460
f 795/393/393 862/460/460 882/394/394
f 882/394/394 862/460/460 940/461/461
f 882/394/394 940/461/461 938/395/395
f 938/395/395 940/461/461 1037/462/462
f 938/395/395 1037/462/462 1025/396/396
f 1025/396/396 1037/462/462 1128/463/463
f 1025/396/396 1128/463/463 1097/397/397
f 1097/397/397 1128/463/463 1208/464/464
f 1097/397/397 1208/464/464 1156/398/398
f 1156/398/398 1208/464/464 1268/465/465
f 1156/398/398 1268/465/465 1224/399/399
f 1224/399/399 1268/465/465 1335/466/466
f 1224/399/399 1335/466/466 1270/400/400
f 1270/400/400 1335/466/466 1391/467/467
f 1270/400/400 1391/467/467 1317/401/401
f 1317/401/401 1391/467/467 1440/468/468
f 1317/401/401 1440/468/468 1372/402/402
f 1372/402/402 1440/468/468 1487/469/469
f 1372/402/402 1487/469/469 1404/403/403
f 1404/403/403 1487/469/469 1532/470/470
f 1404/403/403 1532/470/470 1443/404/404
f 1443/404/404 1532/470/470 1567/471/471
f 1443/404/404 1567/471/471 1477/405/405
f 1477/405/405 1567/471/471 1605/472/472
f 1477/405/405 1605/472/472 1515/406/406
f 1515/406/406 1605/472/472 1636/473/473
f 1515/406/406 1636/473/473 1539/407/407
f 1539/407/407 1636/473/473 1666/474/474
f 1539/407/407 1666/474/474 1557/408/408
f 1557/408/408 1666/474/474 1687/475/475
f 1557/408/408 1687/475/475 1577/409/409
f 1577/409/409 1687/475/475 1704/476/476
f 1577/409/409 1704/476/476 1598/410/410
f 1598/410/410 1704/476/476 1719/477/477
f 1598/410/410 1719/477/477 1617/411/411
f 1617/411/411 1719/477/477 1737/478/478
f 1617/411/411 1737/478/478 1624/412/412
f 1624/412/412 1737/478/478 1745/479/479
f 1624/412/412 1745/479/479 1630/413/413
f 1630/413/413 1745/479/479 1749/480/480
f 1630/413/413 1749/480/480 1633/414/414
f 1633/414/414 1749/480/480 1747/481/481
f 1633/414/414 1747/481/481 1632/415/415
f 1632/415/415 1747/481/481 1739/482/482
f 1632/415/415 1739/482/482 1625/416/416
f 1625/416/416 1739/482/482 1723/483/483
f 1625/416/416 1723/483/483 1619/417/417
f 1619/417/417 1723/483/483 1706/484/484
f 1619/417/417 1706/484/484 1601/418/418
f 1601/418/418 1706/484/484 1689/485/485
f 1601/418/418 1689/485/485 1579/419/419
f 1579/419/419 1689/485/485 1668/486/486
f 1579/419/419 1668/486/486 1559/420/420
f 1559/420/420 1668/486/486 1638/487/487
f 1559/420/420 1638/487/487 1540/421/421
f 1540/421/421 1638/487/487 1610/488/488
f 1540/421/421 1610/488/488 1520/422/422
f 1520/422/422 1610/488/488 1570/489/489
f 1321/427/427 1299/494/494 1253/428/428
f 1253/428/428 1299/494/494 1211/495/495
f 1253/428/428 1211/495/495 1164/429/429
f 1164/429/429 1211/495/495 1080/496/496
f 1164/429/429 1080/496/496 1054/430/430
f 1054/430/430 1080/496/496 941/497/497
f 1054/430/430 941/497/497 939/431/431
f 939/431/431 941/497/497 892/498/498
f 939/431/431 892/498/498 904/432/432
f 904/432/432 892/498/498 826/499/499
f 435/440/440 324/507/507 410/441/441
f 410/441/441 324/507/507 302/508/508
f 410/441/441 302/508/508 389/442/442
f 389/442/442 302/508/508 292/509/509
f 389/442/442 292/509/509 377/443/443
f 377/443/443 292/509/509 283/510/510
f 377/443/443 283/510/510 372/444/444
f 372/444/444 283/510/510 279/511/511
f 372/444/444 279/511/511 368/445/445
f 370/380/380 281/446/446 290/447/447
f 290/447/447 281/446/446 218/513/513
f 290/447/447 218/513/513 234/514/514
f 234/514/514 218/513/513 175/580/580
f 234/514/514 175/580/580 193/581/581
f 193/581/581 175/580/580 144/647/647
f 193/581/581 144/647/647 176/648/648
f 176/648/648 144/647/647 140/714/714
f 176/648/648 140/714/714 174/715/715
f 174/715/715 140/714/714 145/781/781
f 174/715/715 145/781/781 189/782/782
f 189/782/782 145/781/781 177/848/848
f 189/782/782 177/848/848 223/849/849
f 223/849/849 177/848/848 216/915/915
f 223/849/849 216/915/915 267/916/916
f 267/916/916 216/915/915 271/982/982
f 267/916/916 271/982/982 331/983/983
f 331/983/983 271/982/982 336/1049/1049
f 331/983/983 336/1049/1049 403/1050/1050
f 403/1050/1050 336/1049/1049 411/1116/1116
f 403/1050/1050 411/1116/1116 486/1117/1117
f 486/1117/1117 411/1116/1116 496/1182/1182
f 486/1117/1117 496/1182/1182 574/1183/1183
f 574/1183/1183 496/1182/1182 582/1355/1355
f 574/1183/1183 582/1355/1355 683/1354/1354
f 683/1354/1354 582/1355/1355 692/1249/1249
f 683/1354/1354 692/1249/1249 806/1250/1250
f 806/1250/1250 692/1249/1249 813/1382/1382
f 806/1250/1250 813/1382/1382 968/1383/1383
f 968/1383/1383 813/1382/1382 970/1449/1449
f 968/1383/1383 970/1449/1449 1067/1450/1450
f 1067/1450/1450 970/1449/1449 1061/1516/1516
f 1067/1450/1450 1061/1516/1516 1176/1517/1517
f 1176/1517/1517 1061/1516/1516 1155/1680/1680
f 1176/1517/1517 1155/1680/1680 1249/1679/1679
f 1249/1679/1679 1155/1680/1680 1226/1584/1584
f 1249/1679/1679 1226/1584/1584 1285/1585/1585
f 1285/1585/1585 1226/1584/1584 1261/1717/1717
f 1285/1585/1585 1261/1717/1717 1319/1718/1718
f 1319/1718/1718 1261/1717/1717 1279/1784/1784
f 1319/1718/1718 1279/1784/1784 1344/1785/1785
f 1344/1785/1785 1279/1784/1784 1292/1851/1851
f 1344/1785/1785 1292/1851/1851 1345/1852/1852
f 1345/1852/1852 1292/1851/1851 1280/1918/1918
f 1345/1852/1852 1280/1918/1918 1320/1919/1919
f 1320/1919/1919 1280/1918/1918 1262/2069/2069
f 1320/1919/1919 1262/2069/2069 1282/2068/2068
f 1282/2068/2068 1262/2069/2069 1223/1986/1986
f 1282/2068/2068 1223/1986/1986 1244/1987/1987
f 1244/1987/1987 1223/1986/1986 1153/2117/2117
f 1244/1987/1987 1153/2117/2117 1170/2118/2118
f 1170/2118/2118 1153/2117/2117 1059/2184/2184
f 1170/2118/2118 1059/2184/2184 1065/2185/2185
f 365/451/451 339/518/518 399/452/452
f 399/452/452 339/518/518 373/519/519
f 399/452/452 373/519/519 434/453/453
f 434/453/453 373/519/519 425/520/520
f 434/453/453 425/520/520 470/454/454
f 470/454/454 425/520/520 459/521/521
f 470/454/454 459/521/521 522/455/455
f 522/455/455 459/521/521 524/522/522
f 522/455/455 524/522/522 571/456/456
f 571/456/456 524/522/522 581/523/523
f 571/456/456 581/523/523 629/457/457
f 629/457/457 581/523/523 658/524/524
f 629/457/457 658/524/524 691/458/458
f 691/458/458 658/524/524 731/525/525
f 691/458/458 731/525/525 761/459/459
f 761/459/459 731/525/525 840/526/526
f 761/459/459 840/526/526 862/460/460
f 862/460/460 840/526/526 942/527/527
f 862/460/460 942/527/527 940/461/461
f 940/461/461 942/527/527 1048/528/528
f 940/461/461 1048/528/528 1037/462/462
f 1037/462/462 1048/528/528 1150/529/529
f 1037/462/462 1150/529/529 1128/463/463
f 1128/463/463 1150/529/529 1243/530/530
f 1128/463/463 1243/530/530 1208/464/464
f 1208/464/464 1243/530/530 1304/531/531
f 1208/464/464 1304/531/531 1268/465/465
f 1268/465/465 1304/531/531 1385/532/532
f 1268/465/465 1385/532/532 1335/466/466
f 1335/466/466 1385/532/532 1444/533/533
f 1335/466/466 1444/533/533 1391/467/467
f 1391/467/467 1444/533/533 1500/534/534
f 1391/467/467 1500/534/534 1440/468/468
f 1440/468/468 1500/534/534 1548/535/535
f 1440/468/468 1548/535/535 1487/469/469
f 1487/469/469 1548/535/535 1604/536/536
f 1487/469/469 1604/536/536 1532/470/470
f 1532/470/470 1604/536/536 1644/537/537
f 1532/470/470 1644/537/537 1567/471/471
f 1567/471/471 1644/537/537 1686/538/538
f 1567/471/471 1686/538/538 1605/472/472
f 1605/472/472 1686/538/538 1717/539/539
f 1605/472/472 1717/539/539 1636/473/473
f 1636/473/473 1717/539/539 1751/540/540
f 1636/473/473 1751/540/540 1666/474/474
f 1666/474/474 1751/540/540 1774/541/541
f 1666/474/474 1774/541/541 1687/475/475
f 1687/475/475 1774/541/541 1796/542/542
f 1687/475/475 1796/542/542 1704/476/476
f 1704/476/476 1796/542/542 1815/543/543
f 1704/476/476 1815/543/543 1719/477/477
f 1719/477/477 1815/543/543 1823/544/544
f 1719/477/477 1823/544/544 1737/478/478
f 1737/478/478 1823/544/544 1833/545/545
f 1737/478/478 1833/545/545 1745/479/479
f 1745/479/479 1833/545/545 1836/546/546
f 1745/479/479 1836/546/546 1749/480/480
f 1749/480/480 1836/546/546 1834/547/547
f 1749/480/480 1834/547/547 1747/481/481
f 1747/481/481 1834/547/547 1826/548/548
f 1747/481/481 1826/548/548 1739/482/482
f 1739/482/482 1826/548/548 1816/549/549
f 1739/482/482 1816/549/549 1723/483/483
f 1723/483/483 1816/549/549 1798/550/550
f 1723/483/483 1798/550/550 1706/484/484
f 1706/484/484 1798/550/550 1776/551/551
f 1706/484/484 1776/551/551 1689/485/485
f 1689/485/485 1776/551/551 1754/552/552
f 1689/485/485 1754/552/552 1668/486/486
f 1668/486/486 1754/552/552 1718/553/553
f 1668/486/486 1718/553/553 1638/487/487
f 1638/487/487 1718/553/553 1688/554/554
f 1638/487/487 1688/554/554 1610/488/488
f 1610/488/488 1688/554/554 1647/555/555
f 1610/488/488 1647/555/555 1570/489/489
f 1570/489/489 1647/555/555 1607/556/556
f 1299/494/494 1248/561/561 1211/495/495
f 1211/495/495 1248/561/561 1114/562/562
f 1211/495/495 1114/562/562 1080/496/496
f 1080/496/496 1114/562/562 943/563/563
f 1080/496/496 943/563/563 941/497/497
f 941/497/497 943/563/563 885/564/564
f 941/497/497 885/564/564 892/498/498
f 892/498/498 885/564/564 804/565/565
f 892/498/498 804/565/565 826/499/499
f 826/499/499 804/565/565 689/566/566
f 324/507/507 232/574/574 302/508/508
f 302/508/508 232/574/574 221/575/575
f 302/508/508 221/575/575 292/509/509
f 292/509/509 221/575/575 212/576/576
f 292/509/509 212/576/576 283/510/510
f 283/510/510 212/576/576 207/577/577
f 283/510/510 207/577/577 279/511/511
f 281/446/446 208/512/512 218/513/513
f 218/513/513 208/512/512 159/579/579
f 218/513/513 159/579/579 175/580/580
f 175/580/580 159/579/579 125/646/646
f 175/580/580 125/646/646 144/647/647
f 144/647/647 125/646/646 110/713/713
f 144/647/647 110/713/713 140/714/714
f 140/714/714 110/713/713 114/780/780
f 140/714/714 114/780/780 145/781/781
f 145/781/781 114/780/780 133/847/847
f 145/781/781 133/847/847 177/848/848
f 177/848/848 133/847/847 169/914/914
f 177/848/848 169/914/914 216/915/915
f 216/915/915 169/914/914 217/981/981
f 216/915/915 217/981/981 271/982/982
f 271/982/982 217/981/981 275/1048/1048
f 271/982/982 275/1048/1048 336/1049/1049
f 336/1049/1049 275/1048/1048 344/1115/1115
f 336/1049/1049 344/1115/1115 411/1116/1116
f 411/1116/1116 344/1115/1115 424/1181/1181
f 411/1116/1116 424/1181/1181 496/1182/1182
f 496/1182/1182 424/1181/1181 507/1356/1356
f 496/1182/1182 507/1356/1356 582/1355/1355
f 582/1355/1355 507/1356/1356 593/1248/1248
f 582/1355/1355 593/1248/1248 692/1249/1249
f 692/1249/1249 593/1248/1248 698/1381/1381
f 692/1249/1249 698/1381/1381 813/1382/1382
f 813/1382/1382 698/1381/1381 818/1448/1448
f 813/1382/1382 818/1448/1448 970/1449/1449
f 970/1449/1449 818/1448/1448 972/1515/1515
f 970/1449/1449 972/1515/1515 1061/1516/1516
f 1061/1516/1516 972/1515/1515 1051/1681/1681
f 1061/1516/1516 1051/1681/1681 1155/1680/1680
f 1155/1680/1680 1051/1681/1681 1135/1583/1583
f 1155/1680/1680 1135/1583/1583 1226/1584/1584
f 1226/1584/1584 1135/1583/1583 1200/1716/1716
f 1226/1584/1584 1200/1716/1716 1261/1717/1717
f 1261/1717/1717 1200/1716/1716 1240/1783/1783
f 1261/1717/1717 1240/1783/1783 1279/1784/1784
f 1279/1784/1784 1240/1783/1783 1254/1850/1850
f 1279/1784/1784 1254/1850/1850 1292/1851/1851
f 1292/1851/1851 1254/1850/1850 1255/1917/1917
f 1292/1851/1851 1255/1917/1917 1280/1918/1918
f 1280/1918/1918 1255/1917/1917 1241/2070/2070
f 1280/1918/1918 1241/2070/2070 1262/2069/2069
f 1262/2069/2069 1241/2070/2070 1201/1985/1985
f 1262/2069/2069 1201/1985/1985 1223/1986/1986
f 1223/1986/1986 1201/1985/1985 1136/2116/2116
f 1223/1986/1986 1136/2116/2116 1153/2117/2117
f 1153/2117/2117 1136/2116/2116 1049/2183/2183
f 1153/2117/2117 1049/2183/2183 1059/2184/2184
f 339/518/518 327/585/585 373/519/519
f 373/519/519 327/585/585 371/586/586
f 373/519/519 371/586/586 425/520/520
f 425/520/520 371/586/586 430/587/587
f 425/520/520 430/587/587 459/521/521
f 459/521/521 430/587/587 488/588/588
f 459/521/521 488/588/588 524/522/522
f 524/522/522 488/588/588 551/589/589
f 524/522/522 551/589/589 581/523/523
f 581/523/523 551/589/589 632/590/590
f 581/523/523 632/590/590 658/524/524
f 658/524/524 632/590/590 709/591/591
f 658/524/524 709/591/591 731/525/525
f 731/525/525 709/591/591 823/592/592
f 731/525/525 823/592/592 840/526/526
f 840/526/526 823/592/592 944/593/593
f 840/526/526 944/593/593 942/527/527
f 942/527/527 944/593/593 1064/594/594
f 942/527/527 1064/594/594 1048/528/528
f 1048/528/528 1064/594/594 1183/595/595
f 1048/528/528 1183/595/595 1150/529/529
f 1150/529/529 1183/595/595 1267/596/596
f 1150/529/529 1267/596/596 1243/530/530
f 1243/530/530 1267/596/596 1357/597/597
f 1243/530/530 1357/597/597 1304/531/531
f 1304/531/531 1357/597/597 1423/598/598
f 1304/531/531 1423/598/598 1385/532/532
f 1385/532/532 1423/598/598 1492/599/599
f 1385/532/532 1492/599/599 1444/533/533
f 1444/533/533 1492/599/599 1549/600/600
f 1444/533/533 1549/600/600 1500/534/534
f 1500/534/534 1549/600/600 1615/601/601
f 1500/534/534 1615/601/601 1548/535/535
f 1548/535/535 1615/601/601 1665/602/602
f 1548/535/535 1665/602/602 1604/536/536
f 1604/536/536 1665/602/602 1707/603/603
f 1604/536/536 1707/603/603 1644/537/537
f 1644/537/537 1707/603/603 1755/604/604
f 1644/537/537 1755/604/604 1686/538/538
f 1686/538/538 1755/604/604 1789/605/605
f 1686/538/538 1789/605/605 1717/539/539
f 1717/539/539 1789/605/605 1817/606/606
f 1717/539/539 1817/606/606 1751/540/540
f 1751/540/540 1817/606/606 1850/607/607
f 1751/540/540 1850/607/607 1774/541/541
f 1774/541/541 1850/607/607 1871/608/608
f 1774/541/541 1871/608/608 1796/542/542
f 1796/542/542 1871/608/608 1887/609/609
f 1796/542/542 1887/609/609 1815/543/543
f 1815/543/543 1887/609/609 1905/610/610
f 1815/543/543 1905/610/610 1823/544/544
f 1823/544/544 1905/610/610 1913/611/611
f 1823/544/544 1913/611/611 1833/545/545
f 1833/545/545 1913/611/611 1916/612/612
f 1833/545/545 1916/612/612 1836/546/546
f 1836/546/546 1916/612/612 1914/613/613
f 1836/546/546 1914/613/613 1834/547/547
f 1834/547/547 1914/613/613 1906/614/614
f 1834/547/547 1906/614/614 1826/548/548
f 1826/548/548 1906/614/614 1890/615/615
f 1826/548/548 1890/615/615 1816/549/549
f 1816/549/549 1890/615/615 1873/616/616
f 1816/549/549 1873/616/616 1798/550/550
f 1798/550/550 1873/616/616 1856/617/617
f 1798/550/550 1856/617/617 1776/551/551
f 1776/551/551 1856/617/617 1821/618/618
f 1776/551/551 1821/618/618 1754/552/552
f 1754/552/552 1821/618/618 1790/619/619
f 1754/552/552 1790/619/619 1718/553/553
f 1718/553/553 1790/619/619 1758/620/620
f 1718/553/553 1758/620/620 1688/554/554
f 1688/554/554 1758/620/620 1711/621/621
f 1688/554/554 1711/621/621 1647/555/555
f 1647/555/555 1711/621/621 1669/622/622
f 1647/555/555 1669/622/622 1607/556/556
f 1607/556/556 1669/622/622 1620/623/623
f 1248/561/561 1129/628/628 1114/562/562
f 1114/562/562 1129/628/628 945/629/629
f 1114/562/562 945/629/629 943/563/563
f 943/563/563 945/629/629 874/630/630
f 943/563/563 874/630/630 885/564/564
f 885/564/564 874/630/630 782/631/631
f 885/564/564 782/631/631 804/565/565
f 804/565/565 782/631/631 661/632/632
f 804/565/565 661/632/632 689/566/566
f 689/566/566 661/632/632 555/633/633
f 232/574/574 161/641/641 221/575/575
f 221/575/575 161/641/641 151/642/642
f 221/575/575 151/642/642 212/576/576
f 212/576/576 151/642/642 146/643/643
f 212/576/576 146/643/643 207/577/577
f 208/512/512 147/578/578 159/579/579
f 159/579/579 147/578/578 109/645/645
f 159/579/579 109/645/645 125/646/646
f 125/646/646 109/645/645 89/712/712
f 125/646/646 89/712/712 110/713/713
f 110/713/713 89/712/712 85/779/779
f 110/713/713 85/779/779 114/780/780
f 114/780/780 85/779/779 96/846/846
f 114/780/780 96/846/846 133/847/847
f 133/847/847 96/846/846 128/913/913
f 133/847/847 128/913/913 169/914/914
f 169/914/914 128/913/913 171/980/980
f 169/914/914 171/980/980 217/981/981
f 217/981/981 171/980/980 224/1047/1047
f 217/981/981 224/1047/1047 275/1048/1048
f 275/1048/1048 224/1047/1047 278/1114/1114
f 275/1048/1048 278/1114/1114 344/1115/1115
f 344/1115/1115 278/1114/1114 350/1180/1180
f 344/1115/1115 350/1180/1180 424/1181/1181
f 424/1181/1181 350/1180/1180 431/1357/1357
f 424/1181/1181 431/1357/1357 507/1356/1356
f 507/1356/1356 431/1357/1357 518/1247/1247
f 507/1356/1356 518/1247/1247 593/1248/1248
f 593/1248/1248 518/1247/1247 607/1380/1380
f 593/1248/1248 607/1380/1380 698/1381/1381
f 698/1381/1381 607/1380/1380 706/1447/1447
f 698/1381/1381 706/1447/1447 818/1448/1448
f 818/1448/1448 706/1447/1447 829/1514/1514
f 818/1448/1448 829/1514/1514 972/1515/1515
f 972/1515/1515 829/1514/1514 974/1682/1682
f 972/1515/1515 974/1682/1682 1051/1681/1681
f 1051/1681/1681 974/1682/1682 1041/1582/1582
f 1051/1681/1681 1041/1582/1582 1135/1583/1583
f 1135/1583/1583 1041/1582/1582 1125/1715/1715
f 1135/1583/1583 1125/1715/1715 1200/1716/1716
f 1200/1716/1716 1125/1715/1715 1177/1782/1782
f 1200/1716/1716 1177/1782/1782 1240/1783/1783
f 1240/1783/1783 1177/1782/1782 1204/1849/1849
f 1240/1783/1783 1204/1849/1849 1254/1850/1850
f 1254/1850/1850 1204/1849/1849 1217/1916/1916
f 1254/1850/1850 1217/1916/1916 1255/1917/1917
f 1255/1917/1917 1217/1916/1916 1205/2071/2071
f 1255/1917/1917 1205/2071/2071 1241/2070/2070
f 1241/2070/2070 1205/2071/2071 1178/1984/1984
f 1241/2070/2070 1178/1984/1984 1201/1985/1985
f 1201/1985/1985 1178/1984/1984 1126/2115/2115
f 1201/1985/1985 1126/2115/2115 1136/2116/2116
f 1136/2116/2116 1126/2115/2115 1042/2182/2182
f 1136/2116/2116 1042/2182/2182 1049/2183/2183
f 327/585/585 337/652/652 371/586/586
f 371/586/586 337/652/652 392/653/653
f 371/586/586 392/653/653 430/587/587
f 430/587/587 392/653/653 450/654/654
f 430/587/587 450/654/654 488/588/588
f 488/588/588 450/654/654 526/655/655
f 488/588/588 526/655/655 551/589/589
f 551/589/589 526/655/655 604/656/656
f 551/589/589 604/656/656 632/590/590
f 632/590/590 604/656/656 695/657/657
f 632/590/590 695/657/657 709/591/591
f 709/591/591 695/657/657 812/658/658
f 709/591/591 812/658/658 823/592/592
f 823/592/592 812/658/658 946/659/659
f 823/592/592 946/659/659 944/593/593
f 944/593/593 946/659/659 1073/660/660
f 944/593/593 1073/660/660 1064/594/594
f 1064/594/594 1073/660/660 1199/661/661
f 1064/594/594 1199/661/661 1183/595/595
f 1183/595/595 1199/661/661 1288/662/662
f 1183/595/595 1288/662/662 1267/596/596
f 1267/596/596 1288/662/662 1382/663/663
f 1267/596/596 1382/663/663 1357/597/597
f 1357/597/597 1382/663/663 1457/664/664
f 1357/597/597 1457/664/664 1423/598/598
f 1423/598/598 1457/664/664 1533/665/665
f 1423/598/598 1533/665/665 1492/599/599
f 1492/599/599 1533/665/665 1594/666/666
f 1492/599/599 1594/666/666 1549/600/600
f 1549/600/600 1594/666/666 1657/667/667
f 1549/600/600 1657/667/667 1615/601/601
f 1615/601/601 1657/667/667 1709/668/668
f 1615/601/601 1709/668/668 1665/602/602
f 1665/602/602 1709/668/668 1764/669/669
f 1665/602/602 1764/669/669 1707/603/603
f 1707/603/603 1764/669/669 1809/670/670
f 1707/603/603 1809/670/670 1755/604/604
f 1755/604/604 1809/670/670 1844/671/671
f 1755/604/604 1844/671/671 1789/605/605
f 1789/605/605 1844/671/671 1876/672/672
f 1789/605/605 1876/672/672 1817/606/606
f 1817/606/606 1876/672/672 1908/673/673
f 1817/606/606 1908/673/673 1850/607/607
f 1850/607/607 1908/673/673 1932/674/674
f 1850/607/607 1932/674/674 1871/608/608
f 1871/608/608 1932/674/674 1948/675/675
f 1871/608/608 1948/675/675 1887/609/609
f 1887/609/609 1948/675/675 1962/676/676
f 1887/609/609 1962/676/676 1905/610/610
f 1905/610/610 1962/676/676 1969/677/677
f 1905/610/610 1969/677/677 1913/611/611
f 1913/611/611 1969/677/677 1975/678/678
f 1913/611/611 1975/678/678 1916/612/612
f 1916/612/612 1975/678/678 1970/679/679
f 1916/612/612 1970/679/679 1914/613/613
f 1914/613/613 1970/679/679 1963/680/680
f 1914/613/613 1963/680/680 1906/614/614
f 1906/614/614 1963/680/680 1949/681/681
f 1906/614/614 1949/681/681 1890/615/615
f 1890/615/615 1949/681/681 1933/682/682
f 1890/615/615 1933/682/682 1873/616/616
f 1873/616/616 1933/682/682 1909/683/683
f 1873/616/616 1909/683/683 1856/617/617
f 1856/617/617 1909/683/683 1878/684/684
f 1856/617/617 1878/684/684 1821/618/618
f 1821/618/618 1878/684/684 1849/685/685
f 1821/618/618 1849/685/685 1790/619/619
f 1790/619/619 1849/685/685 1813/686/686
f 1790/619/619 1813/686/686 1758/620/620
f 1758/620/620 1813/686/686 1765/687/687
f 1758/620/620 1765/687/687 1711/621/621
f 1711/621/621 1765/687/687 1712/688/688
f 1711/621/621 1712/688/688 1669/622/622
f 1669/622/622 1712/688/688 1664/689/689
f 1669/622/622 1664/689/689 1620/623/623
f 1620/623/623 1664/689/689 1602/690/690
f 1129/628/628 947/695/695 945/629/629
f 945/629/629 947/695/695 869/696/696
f 945/629/629 869/696/696 874/630/630
f 874/630/630 869/696/696 770/697/697
f 874/630/630 770/697/697 782/631/631
f 782/631/631 770/697/697 642/698/698
f 782/631/631 642/698/698 661/632/632
f 661/632/632 642/698/698 530/699/699
f 661/632/632 530/699/699 555/633/633
f 555/633/633 530/699/699 437/700/700
f 97/709/709 146/643/643 151/642/642
f 97/709/709 151/642/642 101/708/708
f 101/708/708 151/642/642 161/641/641
f 147/578/578 99/644/644 109/645/645
f 109/645/645 99/644/644 73/711/711
f 109/645/645 73/711/711 89/712/712
f 89/712/712 73/711/711 59/778/778
f 89/712/712 59/778/778 85/779/779
f 85/779/779 59/778/778 67/845/845
f 85/779/779 67/845/845 96/846/846
f 96/846/846 67/845/845 93/912/912
f 96/846/846 93/912/912 128/913/913
f 128/913/913 93/912/912 129/979/979
f 128/913/913 129/979/979 171/980/980
f 171/980/980 129/979/979 178/1046/1046
f 171/980/980 178/1046/1046 224/1047/1047
f 224/1047/1047 178/1046/1046 233/1113/1113
f 224/1047/1047 233/1113/1113 278/1114/1114
f 278/1114/1114 233/1113/1113 291/1179/1179
f 278/1114/1114 291/1179/1179 350/1180/1180
f 350/1180/1180 291/1179/1179 359/1358/1358
f 350/1180/1180 359/1358/1358 431/1357/1357
f 431/1357/1357 359/1358/1358 443/1246/1246
f 431/1357/1357 443/1246/1246 518/1247/1247
f 518/1247/1247 443/1246/1246 529/1379/1379
f 518/1247/1247 529/1379/1379 607/1380/1380
f 607/1380/1380 529/1379/1379 624/1446/1446
f 607/1380/1380 624/1446/1446 706/1447/1447
f 706/1447/1447 624/1446/1446 716/1513/1513
f 706/1447/1447 716/1513/1513 829/1514/1514
f 829/1514/1514 716/1513/1513 839/1683/1683
f 829/1514/1514 839/1683/1683 974/1682/1682
f 974/1682/1682 839/1683/1683 976/1581/1581
f 974/1682/1682 976/1581/1581 1041/1582/1582
f 1041/1582/1582 976/1581/1581 1034/1714/1714
f 1041/1582/1582 1034/1714/1714 1125/1715/1715
f 1125/1715/1715 1034/1714/1714 1108/1781/1781
f 1125/1715/1715 1108/1781/1781 1177/1782/1782
f 1177/1782/1782 1108/1781/1781 1142/1848/1848
f 1177/1782/1782 1142/1848/1848 1204/1849/1849
f 1204/1849/1849 1142/1848/1848 1166/1915/1915
f 1204/1849/1849 1166/1915/1915 1217/1916/1916
f 1217/1916/1916 1166/1915/1915 1167/2072/2072
f 1217/1916/1916 1167/2072/2072 1205/2071/2071
f 1205/2071/2071 1167/2072/2072 1143/1983/1983
f 1205/2071/2071 1143/1983/1983 1178/1984/1984
f 1178/1984/1984 1143/1983/1983 1110/2114/2114
f 1178/1984/1984 1110/2114/2114 1126/2115/2115
f 1126/2115/2115 1110/2114/2114 1035/2181/2181
f 1126/2115/2115 1035/2181/2181 1042/2182/2182
f 337/652/652 361/719/719 392/653/653
f 392/653/653 361/719/719 433/720/720
f 392/653/653 433/720/720 450/654/654
f 450/654/654 433/720/720 509/721/721
f 450/654/654 509/721/721 526/655/655
f 526/655/655 509/721/721 584/722/722
f 526/655/655 584/722/722 604/656/656
f 604/656/656 584/722/722 685/723/723
f 604/656/656 685/723/723 695/657/657
f 695/657/657 685/723/723 805/724/724
f 695/657/657 805/724/724 812/658/658
f 812/658/658 805/724/724 948/725/725
f 812/658/658 948/725/725 946/659/659
f 946/659/659 948/725/725 1084/726/726
f 946/659/659 1084/726/726 1073/660/660
f 1073/660/660 1084/726/726 1215/727/727
f 1073/660/660 1215/727/727 1199/661/661
f 1199/661/661 1215/727/727 1303/728/728
f 1199/661/661 1303/728/728 1288/662/662
f 1288/662/662 1303/728/728 1400/729/729
f 1288/662/662 1400/729/729 1382/663/663
f 1382/663/663 1400/729/729 1486/730/730
f 1382/663/663 1486/730/730 1457/664/664
f 1457/664/664 1486/730/730 1556/731/731
f 1457/664/664 1556/731/731 1533/665/665
f 1533/665/665 1556/731/731 1631/732/732
f 1533/665/665 1631/732/732 1594/666/666
f 1594/666/666 1631/732/732 1694/733/733
f 1594/666/666 1694/733/733 1657/667/667
f 1657/667/667 1694/733/733 1750/734/734
f 1657/667/667 1750/734/734 1709/668/668
f 1709/668/668 1750/734/734 1801/735/735
f 1709/668/668 1801/735/735 1764/669/669
f 1764/669/669 1801/735/735 1847/736/736
f 1764/669/669 1847/736/736 1809/670/670
f 1809/670/670 1847/736/736 1883/737/737
f 1809/670/670 1883/737/737 1844/671/671
f 1844/671/671 1883/737/737 1919/738/738
f 1844/671/671 1919/738/738 1876/672/672
f 1876/672/672 1919/738/738 1950/739/739
f 1876/672/672 1950/739/739 1908/673/673
f 1908/673/673 1950/739/739 1977/740/740
f 1908/673/673 1977/740/740 1932/674/674
f 1932/674/674 1977/740/740 1992/741/741
f 1932/674/674 1992/741/741 1948/675/675
f 1948/675/675 1992/741/741 2009/742/742
f 1948/675/675 2009/742/742 1962/676/676
f 1962/676/676 2009/742/742 2017/743/743
f 1962/676/676 2017/743/743 1969/677/677
f 1969/677/677 2017/743/743 2021/744/744
f 1969/677/677 2021/744/744 1975/678/678
f 1975/678/678 2021/744/744 2018/745/745
f 1975/678/678 2018/745/745 1970/679/679
f 1970/679/679 2018/745/745 2011/746/746
f 1970/679/679 2011/746/746 1963/680/680
f 1963/680/680 2011/746/746 1993/747/747
f 1963/680/680 1993/747/747 1949/681/681
f 1949/681/681 1993/747/747 1980/748/748
f 1949/681/681 1980/748/748 1933/682/682
f 1933/682/682 1980/748/748 1952/749/749
f 1933/682/682 1952/749/749 1909/683/683
f 1909/683/683 1952/749/749 1922/750/750
f 1909/683/683 1922/750/750 1878/684/684
f 1878/684/684 1922/750/750 1884/751/751
f 1878/684/684 1884/751/751 1849/685/685
f 1849/685/685 1884/751/751 1852/752/752
f 1849/685/685 1852/752/752 1813/686/686
f 1813/686/686 1852/752/752 1807/753/753
f 1813/686/686 1807/753/753 1765/687/687
f 1765/687/687 1807/753/753 1757/754/754
f 1765/687/687 1757/754/754 1712/688/688
f 1712/688/688 1757/754/754 1698/755/755
f 1712/688/688 1698/755/755 1664/689/689
f 1664/689/689 1698/755/755 1635/756/756
f 1664/689/689 1635/756/756 1602/690/690
f 1602/690/690 1635/756/756 1564/757/757
f 947/695/695 859/762/762 869/696/696
f 869/696/696 859/762/762 760/763/763
f 869/696/696 760/763/763 770/697/697
f 770/697/697 760/763/763 625/764/764
f 770/697/697 625/764/764 642/698/698
f 642/698/698 625/764/764 515/765/765
f 642/698/698 515/765/765 530/699/699
f 530/699/699 515/765/765 416/766/766
f 530/699/699 416/766/766 437/700/700
f 437/700/700 416/766/766 333/767/767
f 58/775/775 97/709/709 101/708/708
f 99/644/644 60/710/710 73/711/711
f 73/711/711 60/710/710 44/777/777
f 73/711/711 44/777/777 59/778/778
f 59/778/778 44/777/777 45/844/844
f 59/778/778 45/844/844 67/845/845
f 67/845/845 45/844/844 62/911/911
f 67/845/845 62/911/911 93/912/912
f 93/912/912 62/911/911 94/978/978
f 93/912/912 94/978/978 129/979/979
f 129/979/979 94/978/978 135/1045/1045
f 129/979/979 135/1045/1045 178/1046/1046
f 178/1046/1046 135/1045/1045 186/1112/1112
f 178/1046/1046 186/1112/1112 233/1113/1113
f 233/1113/1113 186/1112/1112 241/1178/1178
f 233/1113/1113 241/1178/1178 291/1179/1179
f 291/1179/1179 241/1178/1178 308/1359/1359
f 291/1179/1179 308/1359/1359 359/1358/1358
f 359/1358/1358 308/1359/1359 375/1245/1245
f 359/1358/1358 375/1245/1245 443/1246/1246
f 443/1246/1246 375/1245/1245 453/1378/1378
f 443/1246/1246 453/1378/1378 529/1379/1379
f 529/1379/1379 453/1378/1378 543/1445/1445
f 529/1379/1379 543/1445/1445 624/1446/1446
f 624/1446/1446 543/1445/1445 640/1512/1512
f 624/1446/1446 640/1512/1512 716/1513/1513
f 716/1513/1513 640/1512/1512 730/1684/1684
f 716/1513/1513 730/1684/1684 839/1683/1683
f 839/1683/1683 730/1684/1684 853/1580/1580
f 839/1683/1683 853/1580/1580 976/1581/1581
f 976/1581/1581 853/1580/1580 978/1713/1713
f 976/1581/1581 978/1713/1713 1034/1714/1714
f 1034/1714/1714 978/1713/1713 1028/1780/1780
f 1034/1714/1714 1028/1780/1780 1108/1781/1781
f 1108/1781/1781 1028/1780/1780 1076/1847/1847
f 1108/1781/1781 1076/1847/1847 1142/1848/1848
f 1142/1848/1848 1076/1847/1847 1118/1914/1914
f 1142/1848/1848 1118/1914/1914 1166/1915/1915
f 1166/1915/1915 1118/1914/1914 1130/2073/2073
f 1166/1915/1915 1130/2073/2073 1167/2072/2072
f 1167/2072/2072 1130/2073/2073 1119/1982/1982
f 1167/2072/2072 1119/1982/1982 1143/1983/1983
f 1143/1983/1983 1119/1982/1982 1077/2113/2113
f 1143/1983/1983 1077/2113/2113 1110/2114/2114
f 1110/2114/2114 1077/2113/2113 1029/2180/2180
f 1110/2114/2114 1029/2180/2180 1035/2181/2181
f 361/719/719 417/786/786 433/720/720
f 433/720/720 417/786/786 493/787/787
f 433/720/720 493/787/787 509/721/721
f 509/721/721 493/787/787 573/788/788
f 509/721/721 573/788/788 584/722/722
f 584/722/722 573/788/788 673/789/789
f 584/722/722 673/789/789 685/723/723
f 685/723/723 673/789/789 797/790/790
f 685/723/723 797/790/790 805/724/724
f 805/724/724 797/790/790 950/791/791
f 805/724/724 950/791/791 948/725/725
f 948/725/725 950/791/791 1094/792/792
f 948/725/725 1094/792/792 1084/726/726
f 1084/726/726 1094/792/792 1225/793/793
f 1084/726/726 1225/793/793 1215/727/727
f 1215/727/727 1225/793/793 1324/794/794
f 1215/727/727 1324/794/794 1303/728/728
f 1303/728/728 1324/794/794 1417/795/795
f 1303/728/728 1417/795/795 1400/729/729
f 1400/729/729 1417/795/795 1509/796/796
f 1400/729/729 1509/796/796 1486/730/730
f 1486/730/730 1509/796/796 1578/797/797
f 1486/730/730 1578/797/797 1556/731/731
f 1556/731/731 1578/797/797 1655/798/798
f 1556/731/731 1655/798/798 1631/732/732
f 1631/732/732 1655/798/798 1716/799/799
f 1631/732/732 1716/799/799 1694/733/733
f 1694/733/733 1716/799/799 1775/800/800
f 1694/733/733 1775/800/800 1750/734/734
f 1750/734/734 1775/800/800 1827/801/801
f 1750/734/734 1827/801/801 1801/735/735
f 1801/735/735 1827/801/801 1875/802/802
f 1801/735/735 1875/802/802 1847/736/736
f 1847/736/736 1875/802/802 1917/803/803
f 1847/736/736 1917/803/803 1883/737/737
f 1883/737/737 1917/803/803 1951/804/804
f 1883/737/737 1951/804/804 1919/738/738
f 1919/738/738 1951/804/804 1986/805/805
f 1919/738/738 1986/805/805 1950/739/739
f 1950/739/739 1986/805/805 2006/806/806
f 1950/739/739 2006/806/806 1977/740/740
f 1977/740/740 2006/806/806 2026/807/807
f 1977/740/740 2026/807/807 1992/741/741
f 1992/741/741 2026/807/807 2039/808/808
f 1992/741/741 2039/808/808 2009/742/742
f 2009/742/742 2039/808/808 2050/809/809
f 2009/742/742 2050/809/809 2017/743/743
f 2017/743/743 2050/809/809 2054/810/810
f 2017/743/743 2054/810/810 2021/744/744
f 2021/744/744 2054/810/810 2051/811/811
f 2021/744/744 2051/811/811 2018/745/745
f 2018/745/745 2051/811/811 2040/812/812
f 2018/745/745 2040/812/812 2011/746/746
f 2011/746/746 2040/812/812 2029/813/813
f 2011/746/746 2029/813/813 1993/747/747
f 1993/747/747 2029/813/813 2010/814/814
f 1993/747/747 2010/814/814 1980/748/748
f 1980/748/748 2010/814/814 1987/815/815
f 1980/748/748 1987/815/815 1952/749/749
f 1952/749/749 1987/815/815 1953/816/816
f 1952/749/749 1953/816/816 1922/750/750
f 1922/750/750 1953/816/816 1918/817/817
f 1922/750/750 1918/817/817 1884/751/751
f 1884/751/751 1918/817/817 1877/818/818
f 1884/751/751 1877/818/818 1852/752/752
f 1852/752/752 1877/818/818 1830/819/819
f 1852/752/752 1830/819/819 1807/753/753
f 1807/753/753 1830/819/819 1779/820/820
f 1807/753/753 1779/820/820 1757/754/754
f 1757/754/754 1779/820/820 1720/821/821
f 1757/754/754 1720/821/821 1698/755/755
f 1698/755/755 1720/821/821 1661/822/822
f 1698/755/755 1661/822/822 1635/756/756
f 1635/756/756 1661/822/822 1584/823/823
f 1635/756/756 1584/823/823 1564/757/757
f 1564/757/757 1584/823/823 1462/824/824
f 859/762/762 752/829/829 760/763/763
f 760/763/763 752/829/829 609/830/830
f 760/763/763 609/830/830 625/764/764
f 625/764/764 609/830/830 498/831/831
f 625/764/764 498/831/831 515/765/765
f 515/765/765 498/831/831 397/832/832
f 515/765/765 397/832/832 416/766/766
f 416/766/766 397/832/832 314/833/833
f 416/766/766 314/833/833 333/767/767
f 333/767/767 314/833/833 242/834/834
f 60/710/710 30/776/776 44/777/777
f 44/777/777 30/776/776 23/843/843
f 44/777/777 23/843/843 45/844/844
f 45/844/844 23/843/843 37/910/910
f 45/844/844 37/910/910 62/911/911
f 62/911/911 37/910/910 64/977/977
f 62/911/911 64/977/977 94/978/978
f 94/978/978 64/977/977 98/1044/1044
f 94/978/978 98/1044/1044 135/1045/1045
f 135/1045/1045 98/1044/1044 141/1111/1111
f 135/1045/1045 141/1111/1111 186/1112/1112
f 186/1112/1112 141/1111/1111 195/1177/1177
f 186/1112/1112 195/1177/1177 241/1178/1178
f 241/1178/1178 195/1177/1177 256/1360/1360
f 241/1178/1178 256/1360/1360 308/1359/1359
f 308/1359/1359 256/1360/1360 322/1244/1244
f 308/1359/1359 322/1244/1244 375/1245/1245
f 375/1245/1245 322/1244/1244 395/1377/1377
f 375/1245/1245 395/1377/1377 453/1378/1378
f 453/1378/1378 395/1377/1377 473/1444/1444
f 453/1378/1378 473/1444/1444 543/1445/1445
f 543/1445/1445 473/1444/1444 560/1511/1511
f 543/1445/1445 560/1511/1511 640/1512/1512
f 640/1512/1512 560/1511/1511 655/1685/1685
f 640/1512/1512 655/1685/1685 730/1684/1684
f 730/1684/1684 655/1685/1685 748/1579/1579
f 730/1684/1684 748/1579/1579 853/1580/1580
f 853/1580/1580 748/1579/1579 868/1712/1712
f 853/1580/1580 868/1712/1712 978/1713/1713
f 978/1713/1713 868/1712/1712 980/1779/1779
f 978/1713/1713 980/1779/1779 1028/1780/1780
f 1028/1780/1780 980/1779/1779 1018/1846/1846
f 1028/1780/1780 1018/1846/1846 1076/1847/1847
f 1076/1847/1847 1018/1846/1846 1057/1913/1913
f 1076/1847/1847 1057/1913/1913 1118/1914/1914
f 1118/1914/1914 1057/1913/1913 1081/2074/2074
f 1118/1914/1914 1081/2074/2074 1130/2073/2073
f 1130/2073/2073 1081/2074/2074 1082/1981/1981
f 1130/2073/2073 1082/1981/1981 1119/1982/1982
f 1119/1982/1982 1082/1981/1981 1058/2112/2112
f 1119/1982/1982 1058/2112/2112 1077/2113/2113
f 1077/2113/2113 1058/2112/2112 1019/2179/2179
f 1077/2113/2113 1019/2179/2179 1029/2180/2180
f 1029/2180/2180 1019/2179/2179 994/67/67
f 417/786/786 477/853/853 493/787/787
f 493/787/787 477/853/853 566/854/854
f 493/787/787 566/854/854 573/788/788
f 573/788/788 566/854/854 669/855/855
f 573/788/788 669/855/855 673/789/789
f 673/789/789 669/855/855 787/856/856
f 673/789/789 787/856/856 797/790/790
f 797/790/790 787/856/856 952/857/857
f 797/790/790 952/857/857 950/791/791
f 950/791/791 952/857/857 1104/858/858
f 950/791/791 1104/858/858 1094/792/792
f 1094/792/792 1104/858/858 1236/859/859
f 1094/792/792 1236/859/859 1225/793/793
f 1225/793/793 1236/859/859 1337/860/860
f 1225/793/793 1337/860/860 1324/794/794
f 1324/794/794 1337/860/860 1431/861/861
f 1324/794/794 1431/861/861 1417/795/795
f 1417/795/795 1431/861/861 1522/862/862
f 1417/795/795 1522/862/862 1509/796/796
f 1509/796/796 1522/862/862 1593/863/863
f 1509/796/796 1593/863/863 1578/797/797
f 1578/797/797 1593/863/863 1671/864/864
f 1578/797/797 1671/864/864 1655/798/798
f 1655/798/798 1671/864/864 1736/865/865
f 1655/798/798 1736/865/865 1716/799/799
f 1716/799/799 1736/865/865 1792/866/866
f 1716/799/799 1792/866/866 1775/800/800
f 1775/800/800 1792/866/866 1848/867/867
f 1775/800/800 1848/867/867 1827/801/801
f 1827/801/801 1848/867/867 1895/868/868
f 1827/801/801 1895/868/868 1875/802/802
f 1875/802/802 1895/868/868 1937/869/869
f 1875/802/802 1937/869/869 1917/803/803
f 1917/803/803 1937/869/869 1968/870/870
f 1917/803/803 1968/870/870 1951/804/804
f 1951/804/804 1968/870/870 2002/871/871
f 1951/804/804 2002/871/871 1986/805/805
f 1986/805/805 2002/871/871 2027/872/872
f 1986/805/805 2027/872/872 2006/806/806
f 2006/806/806 2027/872/872 2045/873/873
f 2006/806/806 2045/873/873 2026/807/807
f 2026/807/807 2045/873/873 2060/874/874
f 2026/807/807 2060/874/874 2039/808/808
f 2039/808/808 2060/874/874 2070/875/875
f 2039/808/808 2070/875/875 2050/809/809
f 2050/809/809 2070/875/875 2073/876/876
f 2050/809/809 2073/876/876 2054/810/810
f 2054/810/810 2073/876/876 2071/877/877
f 2054/810/810 2071/877/877 2051/811/811
f 2051/811/811 2071/877/877 2063/878/878
f 2051/811/811 2063/878/878 2040/812/812
f 2040/812/812 2063/878/878 2047/879/879
f 2040/812/812 2047/879/879 2029/813/813
f 2029/813/813 2047/879/879 2030/880/880
f 2029/813/813 2030/880/880 2010/814/814
f 2010/814/814 2030/880/880 2004/881/881
f 2010/814/814 2004/881/881 1987/815/815
f 1987/815/815 2004/881/881 1972/882/882
f 1987/815/815 1972/882/882 1953/816/816
f 1953/816/816 1972/882/882 1939/883/883
f 1953/816/816 1939/883/883 1918/817/817
f 1918/817/817 1939/883/883 1897/884/884
f 1918/817/817 1897/884/884 1877/818/818
f 1877/818/818 1897/884/884 1853/885/885
f 1877/818/818 1853/885/885 1830/819/819
f 1830/819/819 1853/885/885 1794/886/886
f 1830/819/819 1794/886/886 1779/820/820
f 1779/820/820 1794/886/886 1743/887/887
f 1779/820/820 1743/887/887 1720/821/821
f 1720/821/821 1743/887/887 1676/888/888
f 1720/821/821 1676/888/888 1661/822/822
f 1661/822/822 1676/888/888 1603/889/889
f 1661/822/822 1603/889/889 1584/823/823
f 1584/823/823 1603/889/889 1478/890/890
f 1584/823/823 1478/890/890 1462/824/824
f 1462/824/824 1478/890/890 1342/891/891
f 752/829/829 601/896/896 609/830/830
f 609/830/830 601/896/896 485/897/897
f 609/830/830 485/897/897 498/831/831
f 498/831/831 485/897/897 384/898/898
f 498/831/831 384/898/898 397/832/832
f 397/832/832 384/898/898 301/899/899
f 397/832/832 301/899/899 314/833/833
f 314/833/833 301/899/899 229/900/900
f 314/833/833 229/900/900 242/834/834
f 242/834/834 229/900/900 164/901/901
f 30/776/776 12/842/842 23/843/843
f 23/843/843 12/842/842 17/909/909
f 23/843/843 17/909/909 37/910/910
f 37/910/910 17/909/909 41/976/976
f 37/910/910 41/976/976 64/977/977
f 64/977/977 41/976/976 71/1043/1043
f 64/977/977 71/1043/1043 98/1044/1044
f 98/1044/1044 71/1043/1043 105/1110/1110
f 98/1044/1044 105/1110/1110 141/1111/1111
f 141/1111/1111 105/1110/1110 152/1176/1176
f 141/1111/1111 152/1176/1176 195/1177/1177
f 195/1177/1177 152/1176/1176 205/1361/1361
f 195/1177/1177 205/1361/1361 256/1360/1360
f 256/1360/1360 205/1361/1361 268/1243/1243
f 256/1360/1360 268/1243/1243 322/1244/1244
f 322/1244/1244 268/1243/1243 342/1376/1376
f 322/1244/1244 342/1376/1376 395/1377/1377
f 395/1377/1377 342/1376/1376 421/1443/1443
f 395/1377/1377 421/1443/1443 473/1444/1444
f 473/1444/1444 421/1443/1443 501/1510/1510
f 473/1444/1444 501/1510/1510 560/1511/1511
f 560/1511/1511 501/1510/1510 578/1686/1686
f 560/1511/1511 578/1686/1686 655/1685/1685
f 655/1685/1685 578/1686/1686 675/1578/1578
f 655/1685/1685 675/1578/1578 748/1579/1579
f 748/1579/1579 675/1578/1578 768/1711/1711
f 748/1579/1579 768/1711/1711 868/1712/1712
f 868/1712/1712 768/1711/1711 875/1778/1778
f 868/1712/1712 875/1778/1778 980/1779/1779
f 980/1779/1779 875/1778/1778 982/1845/1845
f 980/1779/1779 982/1845/1845 1018/1846/1846
f 1018/1846/1846 982/1845/1845 1016/1912/1912
f 1018/1846/1846 1016/1912/1912 1057/1913/1913
f 1057/1913/1913 1016/1912/1912 1038/2075/2075
f 1057/1913/1913 1038/2075/2075 1081/2074/2074
f 1081/2074/2074 1038/2075/2075 1045/1980/1980
f 1081/2074/2074 1045/1980/1980 1082/1981/1981
f 1082/1981/1981 1045/1980/1980 1039/2111/2111
f 1082/1981/1981 1039/2111/2111 1058/2112/2112
f 1058/2112/2112 1039/2111/2111 1017/2178/2178
f 1058/2112/2112 1017/2178/2178 1019/2179/2179
f 477/853/853 561/920/920 566/854/854
f 566/854/854 561/920/920 664/921/921
f 566/854/854 664/921/921 669/855/855
f 669/855/855 664/921/921 785/922/922
f 669/855/855 785/922/922 787/856/856
f 787/856/856 785/922/922 954/923/923
f 787/856/856 954/923/923 952/857/857
f 952/857/857 954/923/923 1106/924/924
f 952/857/857 1106/924/924 1104/858/858
f 1104/858/858 1106/924/924 1237/925/925
f 1104/858/858 1237/925/925 1236/859/859
f 1236/859/859 1237/925/925 1339/926/926
f 1236/859/859 1339/926/926 1337/860/860
f 1337/860/860 1339/926/926 1437/927/927
f 1337/860/860 1437/927/927 1431/861/861
f 1431/861/861 1437/927/927 1527/928/928
f 1431/861/861 1527/928/928 1522/862/862
f 1522/862/862 1527/928/928 1599/929/929
f 1522/862/862 1599/929/929 1593/863/863
f 1593/863/863 1599/929/929 1677/930/930
f 1593/863/863 1677/930/930 1671/864/864
f 1671/864/864 1677/930/930 1744/931/931
f 1671/864/864 1744/931/931 1736/865/865
f 1736/865/865 1744/931/931 1797/932/932
f 1736/865/865 1797/932/932 1792/866/866
f 1792/866/866 1797/932/932 1858/933/933
f 1792/866/866 1858/933/933 1848/867/867
f 1848/867/867 1858/933/933 1899/934/934
f 1848/867/867 1899/934/934 1895/868/868
f 1895/868/868 1899/934/934 1941/935/935
f 1895/868/868 1941/935/935 1937/869/869
f 1937/869/869 1941/935/935 1981/936/936
f 1937/869/869 1981/936/936 1968/870/870
f 1968/870/870 1981/936/936 2007/937/937
f 1968/870/870 2007/937/937 2002/871/871
f 2002/871/871 2007/937/937 2032/938/938
f 2002/871/871 2032/938/938 2027/872/872
f 2027/872/872 2032/938/938 2055/939/939
f 2027/872/872 2055/939/939 2045/873/873
f 2045/873/873 2055/939/939 2066/940/940
f 2045/873/873 2066/940/940 2060/874/874
f 2060/874/874 2066/940/940 2076/941/941
f 2060/874/874 2076/941/941 2070/875/875
f 2070/875/875 2076/941/941 2079/942/942
f 2070/875/875 2079/942/942 2073/876/876
f 2073/876/876 2079/942/942 2077/943/943
f 2073/876/876 2077/943/943 2071/877/877
f 2071/877/877 2077/943/943 2067/944/944
f 2071/877/877 2067/944/944 2063/878/878
f 2063/878/878 2067/944/944 2056/945/945
f 2063/878/878 2056/945/945 2047/879/879
f 2047/879/879 2056/945/945 2036/946/946
f 2047/879/879 2036/946/946 2030/880/880
f 2030/880/880 2036/946/946 2012/947/947
f 2030/880/880 2012/947/947 2004/881/881
f 2004/881/881 2012/947/947 1984/948/948
f 2004/881/881 1984/948/948 1972/882/882
f 1972/882/882 1984/948/948 1944/949/949
f 1972/882/882 1944/949/949 1939/883/883
f 1939/883/883 1944/949/949 1903/950/950
f 1939/883/883 1903/950/950 1897/884/884
f 1897/884/884 1903/950/950 1862/951/951
f 1897/884/884 1862/951/951 1853/885/885
f 1853/885/885 1862/951/951 1803/952/952
f 1853/885/885 1803/952/952 1794/886/886
f 1794/886/886 1803/952/952 1748/953/953
f 1794/886/886 1748/953/953 1743/887/887
f 1743/887/887 1748/953/953 1681/954/954
f 1743/887/887 1681/954/954 1676/888/888
f 1676/888/888 1681/954/954 1608/955/955
f 1676/888/888 1608/955/955 1603/889/889
f 1603/889/889 1608/955/955 1482/956/956
f 1603/889/889 1482/956/956 1478/890/890
f 1478/890/890 1482/956/956 1350/957/957
f 1478/890/890 1350/957/957 1342/891/891
f 1342/891/891 1350/957/957 1173/958/958
f 601/896/896 481/963/963 485/897/897
f 485/897/897 481/963/963 379/964/964
f 485/897/897 379/964/964 384/898/898
f 384/898/898 379/964/964 295/965/965
f 384/898/898 295/965/965 301/899/899
f 301/899/899 295/965/965 225/966/966
f 301/899/899 225/966/966 229/900/900
f 229/900/900 225/966/966 162/967/967
f 229/900/900 162/967/967 164/901/901
f 164/901/901 162/967/967 108/968/968
f 12/842/842 5/908/908 17/909/909
f 17/909/909 5/908/908 20/975/975
f 17/909/909 20/975/975 41/976/976
f 41/976/976 20/975/975 48/1042/1042
f 41/976/976 48/1042/1042 71/1043/1043
f 71/1043/1043 48/1042/1042 77/1109/1109
f 71/1043/1043 77/1109/1109 105/1110/1110
f 105/1110/1110 77/1109/1109 122/1175/1175
f 105/1110/1110 122/1175/1175 152/1176/1176
f 152/1176/1176 122/1175/1175 170/1362/1362
f 152/1176/1176 170/1362/1362 205/1361/1361
f 205/1361/1361 170/1362/1362 228/1242/1242
f 205/1361/1361 228/1242/1242 268/1243/1243
f 268/1243/1243 228/1242/1242 288/1375/1375
f 268/1243/1243 288/1375/1375 342/1376/1376
f 342/1376/1376 288/1375/1375 358/1442/1442
f 342/1376/1376 358/1442/1442 421/1443/1443
f 421/1443/1443 358/1442/1442 438/1509/1509
f 421/1443/1443 438/1509/1509 501/1510/1510
f 501/1510/1510 438/1509/1509 523/1687/1687
f 501/1510/1510 523/1687/1687 578/1686/1686
f 578/1686/1686 523/1687/1687 608/1577/1577
f 578/1686/1686 608/1577/1577 675/1578/1578
f 675/1578/1578 608/1577/1577 696/1710/1710
f 675/1578/1578 696/1710/1710 768/1711/1711
f 768/1711/1711 696/1710/1710 784/1777/1777
f 768/1711/1711 784/1777/1777 875/1778/1778
f 875/1778/1778 784/1777/1777 889/1844/1844
f 875/1778/1778 889/1844/1844 982/1845/1845
f 982/1845/1845 889/1844/1844 984/1911/1911
f 982/1845/1845 984/1911/1911 1016/1912/1912
f 1016/1912/1912 984/1911/1911 1007/2076/2076
f 1016/1912/1912 1007/2076/2076 1038/2075/2075
f 1038/2075/2075 1007/2076/2076 1021/1979/1979
f 1038/2075/2075 1021/1979/1979 1045/1980/1980
f 1045/1980/1980 1021/1979/1979 1022/2110/2110
f 1045/1980/1980 1022/2110/2110 1039/2111/2111
f 1039/2111/2111 1022/2110/2110 1009/2177/2177
f 1039/2111/2111 1009/2177/2177 1017/2178/2178
f 20/975/975 5/908/908 7/974/974
f 561/920/920 666/987/987 664/921/921
f 664/921/921 666/987/987 788/988/988
f 664/921/921 788/988/988 785/922/922
f 785/922/922 788/988/988 956/989/989
f 785/922/922 956/989/989 954/923/923
f 954/923/923 956/989/989 1107/990/990
f 954/923/923 1107/990/990 1106/924/924
f 1106/924/924 1107/990/990 1238/991/991
f 1106/924/924 1238/991/991 1237/925/925
f 1237/925/925 1238/991/991 1340/992/992
f 1237/925/925 1340/992/992 1339/926/926
f 1339/926/926 1340/992/992 1435/993/993
f 1339/926/926 1435/993/993 1437/927/927
f 1437/927/927 1435/993/993 1526/994/994
f 1437/927/927 1526/994/994 1527/928/928
f 1527/928/928 1526/994/994 1597/995/995
f 1527/928/928 1597/995/995 1599/929/929
f 1599/929/929 1597/995/995 1673/996/996
f 1599/929/929 1673/996/996 1677/930/930
f 1677/930/930 1673/996/996 1742/997/997
f 1677/930/930 1742/997/997 1744/931/931
f 1744/931/931 1742/997/997 1795/998/998
f 1744/931/931 1795/998/998 1797/932/932
f 1797/932/932 1795/998/998 1857/999/999
f 1797/932/932 1857/999/999 1858/933/933
f 1858/933/933 1857/999/999 1898/1000/1000
f 1858/933/933 1898/1000/1000 1899/934/934
f 1899/934/934 1898/1000/1000 1940/1001/1001
f 1899/934/934 1940/1001/1001 1941/935/935
f 1941/935/935 1940/1001/1001 1978/1002/1002
f 1941/935/935 1978/1002/1002 1981/936/936
f 1981/936/936 1978/1002/1002 2005/1003/1003
f 1981/936/936 2005/1003/1003 2007/937/937
f 2007/937/937 2005/1003/1003 2031/1004/1004
f 2007/937/937 2031/1004/1004 2032/938/938
f 2032/938/938 2031/1004/1004 2052/1005/1005
f 2032/938/938 2052/1005/1005 2055/939/939
f 2055/939/939 2052/1005/1005 2064/1006/1006
f 2055/939/939 2064/1006/1006 2066/940/940
f 2066/940/940 2064/1006/1006 2074/1007/1007
f 2066/940/940 2074/1007/1007 2076/941/941
f 2076/941/941 2074/1007/1007 2078/1008/1008
f 2076/941/941 2078/1008/1008 2079/942/942
f 2079/942/942 2078/1008/1008 2075/1009/1009
f 2079/942/942 2075/1009/1009 2077/943/943
f 2077/943/943 2075/1009/1009 2065/1010/1010
f 2077/943/943 2065/1010/1010 2067/944/944
f 2067/944/944 2065/1010/1010 2053/1011/1011
f 2067/944/944 2053/1011/1011 2056/945/945
f 2056/945/945 2053/1011/1011 2033/1012/1012
f 2056/945/945 2033/1012/1012 2036/946/946
f 2036/946/946 2033/1012/1012 2008/1013/1013
f 2036/946/946 2008/1013/1013 2012/947/947
f 2012/947/947 2008/1013/1013 1982/1014/1014
f 2012/947/947 1982/1014/1014 1984/948/948
f 1984/948/948 1982/1014/1014 1942/1015/1015
f 1984/948/948 1942/1015/1015 1944/949/949
f 1944/949/949 1942/1015/1015 1900/1016/1016
f 1944/949/949 1900/1016/1016 1903/950/950
f 1903/950/950 1900/1016/1016 1861/1017/1017
f 1903/950/950 1861/1017/1017 1862/951/951
f 1862/951/951 1861/1017/1017 1802/1018/1018
f 1862/951/951 1802/1018/1018 1803/952/952
f 1803/952/952 1802/1018/1018 1746/1019/1019
f 1803/952/952 1746/1019/1019 1748/953/953
f 1748/953/953 1746/1019/1019 1679/1020/1020
f 1748/953/953 1679/1020/1020 1681/954/954
f 1681/954/954 1679/1020/1020 1606/1021/1021
f 1681/954/954 1606/1021/1021 1608/955/955
f 1608/955/955 1606/1021/1021 1481/1022/1022
f 1608/955/955 1481/1022/1022 1482/956/956
f 1482/956/956 1481/1022/1022 1351/1023/1023
f 1482/956/956 1351/1023/1023 1350/957/957
f 1350/957/957 1351/1023/1023 1174/1024/1024
f 1350/957/957 1174/1024/1024 1173/958/958
f 1173/958/958 1174/1024/1024 957/1025/1025
f 481/963/963 380/1030/1030 379/964/964
f 379/964/964 380/1030/1030 296/1031/1031
f 379/964/964 296/1031/1031 295/965/965
f 295/965/965 296/1031/1031 227/1032/1032
f 295/965/965 227/1032/1032 225/966/966
f 225/966/966 227/1032/1032 163/1033/1033
f 225/966/966 163/1033/1033 162/967/967
f 162/967/967 163/1033/1033 113/1034/1034
f 162/967/967 113/1034/1034 108/968/968
f 108/968/968 113/1034/1034 68/1035/1035
f 20/975/975 7/974/974 26/1041/1041
f 26/1041/1041 7/974/974 13/1040/1040
f 26/1041/1041 13/1040/1040 36/1107/1107
f 36/1107/1107 13/1040/1040 24/1106/1106
f 36/1107/1107 24/1106/1106 50/1172/1172
f 50/1172/1172 24/1106/1106 43/179/179
f 50/1172/1172 43/179/179 70/1366/1366
f 70/1366/1366 43/179/179 57/1367/1367
f 70/1366/1366 57/1367/1367 90/1237/1237
f 666/987/987 789/1054/1054 788/988/988
f 788/988/988 789/1054/1054 958/1055/1055
f 788/988/988 958/1055/1055 956/989/989
f 956/989/989 958/1055/1055 1105/1056/1056
f 956/989/989 1105/1056/1056 1107/990/990
f 1107/990/990 1105/1056/1056 1235/1057/1057
f 1107/990/990 1235/1057/1057 1238/991/991
f 1238/991/991 1235/1057/1057 1338/1058/1058
f 1238/991/991 1338/1058/1058 1340/992/992
f 1340/992/992 1338/1058/1058 1430/1059/1059
f 1340/992/992 1430/1059/1059 1435/993/993
f 1435/993/993 1430/1059/1059 1523/1060/1060
f 1435/993/993 1523/1060/1060 1526/994/994
f 1526/994/994 1523/1060/1060 1591/1061/1061
f 1526/994/994 1591/1061/1061 1597/995/995
f 1597/995/995 1591/1061/1061 1670/1062/1062
f 1597/995/995 1670/1062/1062 1673/996/996
f 1673/996/996 1670/1062/1062 1735/1063/1063
f 1673/996/996 1735/1063/1063 1742/997/997
f 1742/997/997 1735/1063/1063 1791/1064/1064
f 1742/997/997 1791/1064/1064 1795/998/998
f 1795/998/998 1791/1064/1064 1846/1065/1065
f 1795/998/998 1846/1065/1065 1857/999/999
f 1857/999/999 1846/1065/1065 1893/1066/1066
f 1857/999/999 1893/1066/1066 1898/1000/1000
f 1898/1000/1000 1893/1066/1066 1936/1067/1067
f 1898/1000/1000 1936/1067/1067 1940/1001/1001
f 1940/1001/1001 1936/1067/1067 1967/1068/1068
f 1940/1001/1001 1967/1068/1068 1978/1002/1002
f 1978/1002/1002 1967/1068/1068 1999/1069/1069
f 1978/1002/1002 1999/1069/1069 2005/1003/1003
f 2005/1003/1003 1999/1069/1069 2025/1070/1070
f 2005/1003/1003 2025/1070/1070 2031/1004/1004
f 2031/1004/1004 2025/1070/1070 2043/1071/1071
f 2031/1004/1004 2043/1071/1071 2052/1005/1005
f 2052/1005/1005 2043/1071/1071 2059/1072/1072
f 2052/1005/1005 2059/1072/1072 2064/1006/1006
f 2064/1006/1006 2059/1072/1072 2068/1073/1073
f 2064/1006/1006 2068/1073/1073 2074/1007/1007
f 2074/1007/1007 2068/1073/1073 2072/1074/1074
f 2074/1007/1007 2072/1074/1074 2078/1008/1008
f 2078/1008/1008 2072/1074/1074 2069/1075/1075
f 2078/1008/1008 2069/1075/1075 2075/1009/1009
f 2075/1009/1009 2069/1075/1075 2061/1076/1076
f 2075/1009/1009 2061/1076/1076 2065/1010/1010
f 2065/1010/1010 2061/1076/1076 2046/1077/1077
f 2065/1010/1010 2046/1077/1077 2053/1011/1011
f 2053/1011/1011 2046/1077/1077 2028/1078/1078
f 2053/1011/1011 2028/1078/1078 2033/1012/1012
f 2033/1012/1012 2028/1078/1078 2003/1079/1079
f 2033/1012/1012 2003/1079/1079 2008/1013/1013
f 2008/1013/1013 2003/1079/1079 1971/1080/1080
f 2008/1013/1013 1971/1080/1080 1982/1014/1014
f 1982/1014/1014 1971/1080/1080 1938/1081/1081
f 1982/1014/1014 1938/1081/1081 1942/1015/1015
f 1942/1015/1015 1938/1081/1081 1896/1082/1082
f 1942/1015/1015 1896/1082/1082 1900/1016/1016
f 1900/1016/1016 1896/1082/1082 1851/1083/1083
f 1900/1016/1016 1851/1083/1083 1861/1017/1017
f 1861/1017/1017 1851/1083/1083 1793/1084/1084
f 1861/1017/1017 1793/1084/1084 1802/1018/1018
f 1802/1018/1018 1793/1084/1084 1741/1085/1085
f 1802/1018/1018 1741/1085/1085 1746/1019/1019
f 1746/1019/1019 1741/1085/1085 1675/1086/1086
f 1746/1019/1019 1675/1086/1086 1679/1020/1020
f 1679/1020/1020 1675/1086/1086 1600/1087/1087
f 1679/1020/1020 1600/1087/1087 1606/1021/1021
f 1606/1021/1021 1600/1087/1087 1474/1088/1088
f 1606/1021/1021 1474/1088/1088 1481/1022/1022
f 1481/1022/1022 1474/1088/1088 1343/1089/1089
f 1481/1022/1022 1343/1089/1089 1351/1023/1023
f 1351/1023/1023 1343/1089/1089 1169/1090/1090
f 1351/1023/1023 1169/1090/1090 1174/1024/1024
f 1174/1024/1024 1169/1090/1090 959/1091/1091
f 1174/1024/1024 959/1091/1091 957/1025/1025
f 957/1025/1025 959/1091/1091 849/1092/1092
f 380/1030/1030 303/1097/1097 296/1031/1031
f 296/1031/1031 303/1097/1097 231/1098/1098
f 296/1031/1031 231/1098/1098 227/1032/1032
f 227/1032/1032 231/1098/1098 166/1099/1099
f 227/1032/1032 166/1099/1099 163/1033/1033
f 163/1033/1033 166/1099/1099 119/1100/1100
f 163/1033/1033 119/1100/1100 113/1034/1034
f 113/1034/1034 119/1100/1100 76/1101/1101
f 113/1034/1034 76/1101/1101 68/1035/1035
f 68/1035/1035 76/1101/1101 42/1102/1102
f 20/975/975 26/1041/1041 48/1042/1042
f 48/1042/1042 26/1041/1041 52/1108/1108
f 48/1042/1042 52/1108/1108 77/1109/1109
f 77/1109/1109 52/1108/1108 91/1174/1174
f 77/1109/1109 91/1174/1174 122/1175/1175
f 122/1175/1175 91/1174/1174 137/1363/1363
f 122/1175/1175 137/1363/1363 170/1362/1362
f 170/1362/1362 137/1363/1363 190/1241/1241
f 170/1362/1362 190/1241/1241 228/1242/1242
f 228/1242/1242 190/1241/1241 247/1374/1374
f 228/1242/1242 247/1374/1374 288/1375/1375
f 288/1375/1375 247/1374/1374 315/1441/1441
f 288/1375/1375 315/1441/1441 358/1442/1442
f 358/1442/1442 315/1441/1441 388/1508/1508
f 358/1442/1442 388/1508/1508 438/1509/1509
f 438/1509/1509 388/1508/1508 457/1688/1688
f 438/1509/1509 457/1688/1688 523/1687/1687
f 523/1687/1687 457/1688/1688 547/1576/1576
f 523/1687/1687 547/1576/1576 608/1577/1577
f 608/1577/1577 547/1576/1576 638/1709/1709
f 608/1577/1577 638/1709/1709 696/1710/1710
f 696/1710/1710 638/1709/1709 715/1776/1776
f 696/1710/1710 715/1776/1776 784/1777/1777
f 784/1777/1777 715/1776/1776 809/1843/1843
f 784/1777/1777 809/1843/1843 889/1844/1844
f 889/1844/1844 809/1843/1843 899/1910/1910
f 889/1844/1844 899/1910/1910 984/1911/1911
f 984/1911/1911 899/1910/1910 986/2077/2077
f 984/1911/1911 986/2077/2077 1007/2076/2076
f 1007/2076/2076 986/2077/2077 1001/1978/1978
f 1007/2076/2076 1001/1978/1978 1021/1979/1979
f 1021/1979/1979 1001/1978/1978 1008/2109/2109
f 1021/1979/1979 1008/2109/2109 1022/2110/2110
f 1022/2110/2110 1008/2109/2109 1003/2176/2176
f 1022/2110/2110 1003/2176/2176 1009/2177/2177
f 52/1108/1108 26/1041/1041 36/1107/1107
f 789/1054/1054 960/1121/1121 958/1055/1055
f 958/1055/1055 960/1121/1121 1098/1122/1122
f 958/1055/1055 1098/1122/1122 1105/1056/1056
f 1105/1056/1056 1098/1122/1122 1230/1123/1123
f 1105/1056/1056 1230/1123/1123 1235/1057/1057
f 1235/1057/1057 1230/1123/1123 1330/1124/1124
f 1235/1057/1057 1330/1124/1124 1338/1058/1058
f 1338/1058/1058 1330/1124/1124 1420/1125/1125
f 1338/1058/1058 1420/1125/1125 1430/1059/1059
f 1430/1059/1059 1420/1125/1125 1516/1126/1126
f 1430/1059/1059 1516/1126/1126 1523/1060/1060
f 1523/1060/1060 1516/1126/1126 1580/1127/1127
f 1523/1060/1060 1580/1127/1127 1591/1061/1061
f 1591/1061/1061 1580/1127/1127 1662/1128/1128
f 1591/1061/1061 1662/1128/1128 1670/1062/1062
f 1670/1062/1062 1662/1128/1128 1724/1129/1129
f 1670/1062/1062 1724/1129/1129 1735/1063/1063
f 1735/1063/1063 1724/1129/1129 1780/1130/1130
f 1735/1063/1063 1780/1130/1130 1791/1064/1064
f 1791/1064/1064 1780/1130/1130 1835/1131/1131
f 1791/1064/1064 1835/1131/1131 1846/1065/1065
f 1846/1065/1065 1835/1131/1131 1881/1132/1132
f 1846/1065/1065 1881/1132/1132 1893/1066/1066
f 1893/1066/1066 1881/1132/1132 1923/1133/1133
f 1893/1066/1066 1923/1133/1133 1936/1067/1067
f 1936/1067/1067 1923/1133/1133 1960/1134/1134
f 1936/1067/1067 1960/1134/1134 1967/1068/1068
f 1967/1068/1068 1960/1134/1134 1990/1135/1135
f 1967/1068/1068 1990/1135/1135 1999/1069/1069
f 1999/1069/1069 1990/1135/1135 2015/1136/1136
f 1999/1069/1069 2015/1136/1136 2025/1070/1070
f 2025/1070/1070 2015/1136/1136 2037/1137/1137
f 2025/1070/1070 2037/1137/1137 2043/1071/1071
f 2043/1071/1071 2037/1137/1137 2048/1138/1138
f 2043/1071/1071 2048/1138/1138 2059/1072/1072
f 2059/1072/1072 2048/1138/1138 2057/1139/1139
f 2059/1072/1072 2057/1139/1139 2068/1073/1073
f 2068/1073/1073 2057/1139/1139 2062/1140/1140
f 2068/1073/1073 2062/1140/1140 2072/1074/1074
f 2072/1074/1074 2062/1140/1140 2058/1141/1141
f 2072/1074/1074 2058/1141/1141 2069/1075/1075
f 2069/1075/1075 2058/1141/1141 2049/1142/1142
f 2069/1075/1075 2049/1142/1142 2061/1076/1076
f 2061/1076/1076 2049/1142/1142 2038/1143/1143
f 2061/1076/1076 2038/1143/1143 2046/1077/1077
f 2046/1077/1077 2038/1143/1143 2016/1144/1144
f 2046/1077/1077 2016/1144/1144 2028/1078/1078
f 2028/1078/1078 2016/1144/1144 1991/1145/1145
f 2028/1078/1078 1991/1145/1145 2003/1079/1079
f 2003/1079/1079 1991/1145/1145 1961/1146/1146
f 2003/1079/1079 1961/1146/1146 1971/1080/1080
f 1971/1080/1080 1961/1146/1146 1926/1147/1147
f 1971/1080/1080 1926/1147/1147 1938/1081/1081
f 1938/1081/1081 1926/1147/1147 1882/1148/1148
f 1938/1081/1081 1882/1148/1148 1896/1082/1082
f 1896/1082/1082 1882/1148/1148 1837/1149/1149
f 1896/1082/1082 1837/1149/1149 1851/1083/1083
f 1851/1083/1083 1837/1149/1149 1787/1150/1150
f 1851/1083/1083 1787/1150/1150 1793/1084/1084
f 1793/1084/1084 1787/1150/1150 1728/1151/1151
f 1793/1084/1084 1728/1151/1151 1741/1085/1085
f 1741/1085/1085 1728/1151/1151 1667/1152/1152
f 1741/1085/1085 1667/1152/1152 1675/1086/1086
f 1675/1086/1086 1667/1152/1152 1589/1153/1153
f 1675/1086/1086 1589/1153/1153 1600/1087/1087
f 1600/1087/1087 1589/1153/1153 1467/1154/1154
f 1600/1087/1087 1467/1154/1154 1474/1088/1088
f 1474/1088/1088 1467/1154/1154 1336/1155/1155
f 1474/1088/1088 1336/1155/1155 1343/1089/1089
f 1343/1089/1089 1336/1155/1155 1165/1156/1156
f 1343/1089/1089 1165/1156/1156 1169/1090/1090
f 1169/1090/1090 1165/1156/1156 961/1157/1157
f 1169/1090/1090 961/1157/1157 959/1091/1091
f 959/1091/1091 961/1157/1157 852/1158/1158
f 959/1091/1091 852/1158/1158 849/1092/1092
f 849/1092/1092 852/1158/1158 751/1159/1159
f 303/1097/1097 240/1164/1164 231/1098/1098
f 231/1098/1098 240/1164/1164 179/1165/1165
f 231/1098/1098 179/1165/1165 166/1099/1099
f 166/1099/1099 179/1165/1165 124/1166/1166
f 166/1099/1099 124/1166/1166 119/1100/1100
f 119/1100/1100 124/1166/1166 81/1167/1167
f 119/1100/1100 81/1167/1167 76/1101/1101
f 76/1101/1101 81/1167/1167 49/1168/1168
f 76/1101/1101 49/1168/1168 42/1102/1102
f 42/1102/1102 49/1168/1168 38/1169/1169
f 52/1108/1108 36/1107/1107 69/1173/1173
f 69/1173/1173 36/1107/1107 50/1172/1172
f 69/1173/1173 50/1172/1172 87/1365/1365
f 87/1365/1365 50/1172/1172 70/1366/1366
f 87/1365/1365 70/1366/1366 104/1238/1238
f 104/1238/1238 70/1366/1366 90/1237/1237
f 104/1238/1238 90/1237/1237 131/1370/1370
f 960/1121/1121 1092/1187/1187 1098/1122/1122
f 1098/1122/1122 1092/1187/1187 1222/1188/1188
f 1098/1122/1122 1222/1188/1188 1230/1123/1123
f 1230/1123/1123 1222/1188/1188 1318/1189/1189
f 1230/1123/1123 1318/1189/1189 1330/1124/1124
f 1330/1124/1124 1318/1189/1189 1414/1190/1190
f 1330/1124/1124 1414/1190/1190 1420/1125/1125
f 1420/1125/1125 1414/1190/1190 1499/1191/1191
f 1420/1125/1125 1499/1191/1191 1516/1126/1126
f 1516/1126/1126 1499/1191/1191 1573/1192/1192
f 1516/1126/1126 1573/1192/1192 1580/1127/1127
f 1580/1127/1127 1573/1192/1192 1646/1193/1193
f 1580/1127/1127 1646/1193/1193 1662/1128/1128
f 1662/1128/1128 1646/1193/1193 1710/1194/1194
f 1662/1128/1128 1710/1194/1194 1724/1129/1129
f 1724/1129/1129 1710/1194/1194 1770/1195/1195
f 1724/1129/1129 1770/1195/1195 1780/1130/1130
f 1780/1130/1130 1770/1195/1195 1818/1196/1196
f 1780/1130/1130 1818/1196/1196 1835/1131/1131
f 1835/1131/1131 1818/1196/1196 1865/1197/1197
f 1835/1131/1131 1865/1197/1197 1881/1132/1132
f 1881/1132/1132 1865/1197/1197 1911/1198/1198
f 1881/1132/1132 1911/1198/1198 1923/1133/1133
f 1923/1133/1133 1911/1198/1198 1945/1199/1199
f 1923/1133/1133 1945/1199/1199 1960/1134/1134
f 1960/1134/1134 1945/1199/1199 1974/1200/1200
f 1960/1134/1134 1974/1200/1200 1990/1135/1135
f 1990/1135/1135 1974/1200/1200 1997/1201/1201
f 1990/1135/1135 1997/1201/1201 2015/1136/1136
f 2015/1136/1136 1997/1201/1201 2019/1202/1202
f 2015/1136/1136 2019/1202/1202 2037/1137/1137
f 2037/1137/1137 2019/1202/1202 2034/1203/1203
f 2037/1137/1137 2034/1203/1203 2048/1138/1138
f 2048/1138/1138 2034/1203/1203 2041/1204/1204
f 2048/1138/1138 2041/1204/1204 2057/1139/1139
f 2057/1139/1139 2041/1204/1204 2044/1205/1205
f 2057/1139/1139 2044/1205/1205 2062/1140/1140
f 2062/1140/1140 2044/1205/1205 2042/1206/1206
f 2062/1140/1140 2042/1206/1206 2058/1141/1141
f 2058/1141/1141 2042/1206/1206 2035/1207/1207
f 2058/1141/1141 2035/1207/1207 2049/1142/1142
f 2049/1142/1142 2035/1207/1207 2020/1208/1208
f 2049/1142/1142 2020/1208/1208 2038/1143/1143
f 2038/1143/1143 2020/1208/1208 2001/1209/1209
f 2038/1143/1143 2001/1209/1209 2016/1144/1144
f 2016/1144/1144 2001/1209/1209 1979/1210/1210
f 2016/1144/1144 1979/1210/1210 1991/1145/1145
f 1991/1145/1145 1979/1210/1210 1947/1211/1211
f 1991/1145/1145 1947/1211/1211 1961/1146/1146
f 1961/1146/1146 1947/1211/1211 1915/1212/1212
f 1961/1146/1146 1915/1212/1212 1926/1147/1147
f 1926/1147/1147 1915/1212/1212 1870/1213/1213
f 1926/1147/1147 1870/1213/1213 1882/1148/1148
f 1882/1148/1148 1870/1213/1213 1822/1214/1214
f 1882/1148/1148 1822/1214/1214 1837/1149/1149
f 1837/1149/1149 1822/1214/1214 1773/1215/1215
f 1837/1149/1149 1773/1215/1215 1787/1150/1150
f 1787/1150/1150 1773/1215/1215 1714/1216/1216
f 1787/1150/1150 1714/1216/1216 1728/1151/1151
f 1728/1151/1151 1714/1216/1216 1650/1217/1217
f 1728/1151/1151 1650/1217/1217 1667/1152/1152
f 1667/1152/1152 1650/1217/1217 1575/1218/1218
f 1667/1152/1152 1575/1218/1218 1589/1153/1153
f 1589/1153/1153 1575/1218/1218 1458/1219/1219
f 1589/1153/1153 1458/1219/1219 1467/1154/1154
f 1467/1154/1154 1458/1219/1219 1325/1220/1220
f 1467/1154/1154 1325/1220/1220 1336/1155/1155
f 1336/1155/1155 1325/1220/1220 1157/1221/1221
f 1336/1155/1155 1157/1221/1221 1165/1156/1156
f 1165/1156/1156 1157/1221/1221 963/1222/1222
f 1165/1156/1156 963/1222/1222 961/1157/1157
f 961/1157/1157 963/1222/1222 855/1223/1223
f 961/1157/1157 855/1223/1223 852/1158/1158
f 852/1158/1158 855/1223/1223 754/1224/1224
f 852/1158/1158 754/1224/1224 751/1159/1159
f 751/1159/1159 754/1224/1224 612/1225/1225
f 240/1164/1164 187/1230/1230 179/1165/1165
f 179/1165/1165 187/1230/1230 138/1231/1231
f 179/1165/1165 138/1231/1231 124/1166/1166
f 124/1166/1166 138/1231/1231 95/1232/1232
f 124/1166/1166 95/1232/1232 81/1167/1167
f 81/1167/1167 95/1232/1232 63/1233/1233
f 81/1167/1167 63/1233/1233 49/1168/1168
f 49/1168/1168 63/1233/1233 51/1234/1234
f 49/1168/1168 51/1234/1234 38/1169/1169
f 38/1169/1169 51/1234/1234 46/1235/1235
f 52/1108/1108 69/1173/1173 91/1174/1174
f 91/1174/1174 69/1173/1173 106/1364/1364
f 91/1174/1174 106/1364/1364 137/1363/1363
f 137/1363/1363 106/1364/1364 156/1240/1240
f 137/1363/1363 156/1240/1240 190/1241/1241
f 190/1241/1241 156/1240/1240 209/1373/1373
f 190/1241/1241 209/1373/1373 247/1374/1374
f 247/1374/1374 209/1373/1373 272/1440/1440
f 247/1374/1374 272/1440/1440 315/1441/1441
f 315/1441/1441 272/1440/1440 343/1507/1507
f 315/1441/1441 343/1507/1507 388/1508/1508
f 388/1508/1508 343/1507/1507 422/1689/1689
f 388/1508/1508 422/1689/1689 457/1688/1688
f 457/1688/1688 422/1689/1689 500/1575/1575
f 457/1688/1688 500/1575/1575 547/1576/1576
f 547/1576/1576 500/1575/1575 576/1708/1708
f 547/1576/1576 576/1708/1708 638/1709/1709
f 638/1709/1709 576/1708/1708 663/1775/1775
f 638/1709/1709 663/1775/1775 715/1776/1776
f 715/1776/1776 663/1775/1775 740/1842/1842
f 715/1776/1776 740/1842/1842 809/1843/1843
f 809/1843/1843 740/1842/1842 832/1909/1909
f 809/1843/1843 832/1909/1909 899/1910/1910
f 899/1910/1910 832/1909/1909 906/2078/2078
f 899/1910/1910 906/2078/2078 986/2077/2077
f 986/2077/2077 906/2078/2078 988/1977/1977
f 986/2077/2077 988/1977/1977 1001/1978/1978
f 1001/1978/1978 988/1977/1977 998/2108/2108
f 1001/1978/1978 998/2108/2108 1008/2109/2109
f 1008/2109/2109 998/2108/2108 999/2175/2175
f 1008/2109/2109 999/2175/2175 1003/2176/2176
f 106/1364/1364 69/1173/1173 87/1365/1365
f 1092/1187/1187 1216/1350/1350 1222/1188/1188
f 1222/1188/1188 1216/1350/1350 1305/1349/1349
f 1222/1188/1188 1305/1349/1349 1318/1189/1189
f 1318/1189/1189 1305/1349/1349 1402/1348/1348
f 1318/1189/1189 1402/1348/1348 1414/1190/1190
f 1414/1190/1190 1402/1348/1348 1488/1347/1347
f 1414/1190/1190 1488/1347/1347 1499/1191/1191
f 1499/1191/1191 1488/1347/1347 1560/1346/1346
f 1499/1191/1191 1560/1346/1346 1573/1192/1192
f 1573/1192/1192 1560/1346/1346 1634/1345/1345
f 1573/1192/1192 1634/1345/1345 1646/1193/1193
f 1646/1193/1193 1634/1345/1345 1697/1344/1344
f 1646/1193/1193 1697/1344/1344 1710/1194/1194
f 1710/1194/1194 1697/1344/1344 1756/1343/1343
f 1710/1194/1194 1756/1343/1343 1770/1195/1195
f 1770/1195/1195 1756/1343/1343 1806/1342/1342
f 1770/1195/1195 1806/1342/1342 1818/1196/1196
f 1818/1196/1196 1806/1342/1342 1854/1341/1341
f 1818/1196/1196 1854/1341/1341 1865/1197/1197
f 1865/1197/1197 1854/1341/1341 1888/1340/1340
f 1865/1197/1197 1888/1340/1340 1911/1198/1198
f 1911/1198/1198 1888/1340/1340 1925/1339/1339
f 1911/1198/1198 1925/1339/1339 1945/1199/1199
f 1945/1199/1199 1925/1339/1339 1954/1338/1338
f 1945/1199/1199 1954/1338/1338 1974/1200/1200
f 1974/1200/1200 1954/1338/1338 1983/1337/1337
f 1974/1200/1200 1983/1337/1337 1997/1201/1201
f 1997/1201/1201 1983/1337/1337 1996/1336/1336
f 1997/1201/1201 1996/1336/1336 2019/1202/1202
f 2019/1202/1202 1996/1336/1336 2013/1335/1335
f 2019/1202/1202 2013/1335/1335 2034/1203/1203
f 2034/1203/1203 2013/1335/1335 2022/1334/1334
f 2034/1203/1203 2022/1334/1334 2041/1204/1204
f 2041/1204/1204 2022/1334/1334 2024/1333/1333
f 2041/1204/1204 2024/1333/1333 2044/1205/1205
f 2044/1205/1205 2024/1333/1333 2023/1332/1332
f 2044/1205/1205 2023/1332/1332 2042/1206/1206
f 2042/1206/1206 2023/1332/1332 2014/1331/1331
f 2042/1206/1206 2014/1331/1331 2035/1207/1207
f 2035/1207/1207 2014/1331/1331 2000/1330/1330
f 2035/1207/1207 2000/1330/1330 2020/1208/1208
f 2020/1208/1208 2000/1330/1330 1985/1329/1329
f 2020/1208/1208 1985/1329/1329 2001/1209/1209
f 2001/1209/1209 1985/1329/1329 1956/1328/1328
f 2001/1209/1209 1956/1328/1328 1979/1210/1210
f 1979/1210/1210 1956/1328/1328 1928/1327/1327
f 1979/1210/1210 1928/1327/1327 1947/1211/1211
f 1947/1211/1211 1928/1327/1327 1894/1326/1326
f 1947/1211/1211 1894/1326/1326 1915/1212/1212
f 1915/1212/1212 1894/1326/1326 1860/1325/1325
f 1915/1212/1212 1860/1325/1325 1870/1213/1213
f 1870/1213/1213 1860/1325/1325 1812/1324/1324
f 1870/1213/1213 1812/1324/1324 1822/1214/1214
f 1822/1214/1214 1812/1324/1324 1760/1323/1323
f 1822/1214/1214 1760/1323/1323 1773/1215/1215
f 1773/1215/1215 1760/1323/1323 1699/1322/1322
f 1773/1215/1215 1699/1322/1322 1714/1216/1216
f 1714/1216/1216 1699/1322/1322 1637/1321/1321
f 1714/1216/1216 1637/1321/1321 1650/1217/1217
f 1650/1217/1217 1637/1321/1321 1568/1320/1320
f 1650/1217/1217 1568/1320/1320 1575/1218/1218
f 1575/1218/1218 1568/1320/1320 1453/1319/1319
f 1575/1218/1218 1453/1319/1319 1458/1219/1219
f 1458/1219/1219 1453/1319/1319 1311/1318/1318
f 1458/1219/1219 1311/1318/1318 1325/1220/1220
f 1325/1220/1220 1311/1318/1318 1152/1317/1317
f 1325/1220/1220 1152/1317/1317 1157/1221/1221
f 1157/1221/1221 1152/1317/1317 965/1316/1316
f 1157/1221/1221 965/1316/1316 963/1222/1222
f 963/1222/1222 965/1316/1316 860/1315/1315
f 963/1222/1222 860/1315/1315 855/1223/1223
f 855/1223/1223 860/1315/1315 759/1314/1314
f 855/1223/1223 759/1314/1314 754/1224/1224
f 754/1224/1224 759/1314/1314 623/1313/1313
f 754/1224/1224 623/1313/1313 612/1225/1225
f 612/1225/1225 623/1313/1313 514/1312/1312
f 187/1230/1230 150/1307/1307 138/1231/1231
f 138/1231/1231 150/1307/1307 112/1306/1306
f 138/1231/1231 112/1306/1306 95/1232/1232
f 95/1232/1232 112/1306/1306 79/1305/1305
f 95/1232/1232 79/1305/1305 63/1233/1233
f 63/1233/1233 79/1305/1305 72/1304/1304
f 63/1233/1233 72/1304/1304 51/1234/1234
f 51/1234/1234 72/1304/1304 61/1303/1303
f 51/1234/1234 61/1303/1303 46/1235/1235
f 46/1235/1235 61/1303/1303 55/1302/1302
f 106/1364/1364 87/1365/1365 127/1239/1239
f 127/1239/1239 87/1365/1365 104/1238/1238
f 127/1239/1239 104/1238/1238 149/1371/1371
f 149/1371/1371 104/1238/1238 131/1370/1370
f 149/1371/1371 131/1370/1370 183/1437/1437
f 106/1364/1364 127/1239/1239 156/1240/1240
f 156/1240/1240 127/1239/1239 182/1372/1372
f 156/1240/1240 182/1372/1372 209/1373/1373
f 209/1373/1373 182/1372/1372 237/1439/1439
f 209/1373/1373 237/1439/1439 272/1440/1440
f 272/1440/1440 237/1439/1439 304/1506/1506
f 272/1440/1440 304/1506/1506 343/1507/1507
f 343/1507/1507 304/1506/1506 369/1690/1690
f 343/1507/1507 369/1690/1690 422/1689/1689
f 422/1689/1689 369/1690/1690 447/1574/1574
f 422/1689/1689 447/1574/1574 500/1575/1575
f 500/1575/1575 447/1574/1574 531/1707/1707
f 500/1575/1575 531/1707/1707 576/1708/1708
f 576/1708/1708 531/1707/1707 611/1774/1774
f 576/1708/1708 611/1774/1774 663/1775/1775
f 663/1775/1775 611/1774/1774 693/1841/1841
f 663/1775/1775 693/1841/1841 740/1842/1842
f 740/1842/1842 693/1841/1841 773/1908/1908
f 740/1842/1842 773/1908/1908 832/1909/1909
f 832/1909/1909 773/1908/1908 861/2079/2079
f 832/1909/1909 861/2079/2079 906/2078/2078
f 906/2078/2078 861/2079/2079 915/1976/1976
f 906/2078/2078 915/1976/1976 988/1977/1977
f 988/1977/1977 915/1976/1976 990/2107/2107
f 988/1977/1977 990/2107/2107 998/2108/2108
f 998/2108/2108 990/2107/2107 995/2174/2174
f 998/2108/2108 995/2174/2174 999/2175/2175
f 182/1372/1372 127/1239/1239 149/1371/1371
f 1305/1349/1349 1216/1350/1350 1298/1254/1254
f 1402/1348/1348 1305/1349/1349 1396/1255/1255
f 1396/1255/1255 1305/1349/1349 1298/1254/1254
f 1396/1255/1255 1298/1254/1254 1376/1387/1387
f 1488/1347/1347 1402/1348/1348 1469/1256/1256
f 1469/1256/1256 1402/1348/1348 1396/1255/1255
f 1469/1256/1256 1396/1255/1255 1456/1388/1388
f 1456/1388/1388 1396/1255/1255 1376/1387/1387
f 1456/1388/1388 1376/1387/1387 1438/1454/1454
f 1560/1346/1346 1488/1347/1347 1545/1257/1257
f 1545/1257/1257 1488/1347/1347 1469/1256/1256
f 1545/1257/1257 1469/1256/1256 1531/1389/1389
f 1531/1389/1389 1469/1256/1256 1456/1388/1388
f 1531/1389/1389 1456/1388/1388 1503/1455/1455
f 1503/1455/1455 1456/1388/1388 1438/1454/1454
f 1503/1455/1455 1438/1454/1454 1475/1521/1521
f 1634/1345/1345 1560/1346/1346 1618/1258/1258
f 1618/1258/1258 1560/1346/1346 1545/1257/1257
f 1618/1258/1258 1545/1257/1257 1590/1390/1390
f 1590/1390/1390 1545/1257/1257 1531/1389/1389
f 1590/1390/1390 1531/1389/1389 1566/1456/1456
f 1566/1456/1456 1531/1389/1389 1503/1455/1455
f 1566/1456/1456 1503/1455/1455 1541/1522/1522
f 1541/1522/1522 1503/1455/1455 1475/1521/1521
f 1541/1522/1522 1475/1521/1521 1512/1675/1675
f 1697/1344/1344 1634/1345/1345 1680/1259/1259
f 1680/1259/1259 1634/1345/1345 1618/1258/1258
f 1680/1259/1259 1618/1258/1258 1654/1391/1391
f 1654/1391/1391 1618/1258/1258 1590/1390/1390
f 1654/1391/1391 1590/1390/1390 1626/1457/1457
f 1626/1457/1457 1590/1390/1390 1566/1456/1456
f 1626/1457/1457 1566/1456/1456 1592/1523/1523
f 1592/1523/1523 1566/1456/1456 1541/1522/1522
f 1592/1523/1523 1541/1522/1522 1555/1674/1674
f 1555/1674/1674 1541/1522/1522 1512/1675/1675
f 1555/1674/1674 1512/1675/1675 1524/1589/1589
f 1756/1343/1343 1697/1344/1344 1733/1260/1260
f 1733/1260/1260 1697/1344/1344 1680/1259/1259
f 1733/1260/1260 1680/1259/1259 1705/1392/1392
f 1705/1392/1392 1680/1259/1259 1654/1391/1391
f 1705/1392/1392 1654/1391/1391 1682/1458/1458
f 1682/1458/1458 1654/1391/1391 1626/1457/1457
f 1682/1458/1458 1626/1457/1457 1642/1524/1524
f 1642/1524/1524 1626/1457/1457 1592/1523/1523
f 1642/1524/1524 1592/1523/1523 1611/1673/1673
f 1611/1673/1673 1592/1523/1523 1555/1674/1674
f 1611/1673/1673 1555/1674/1674 1562/1590/1590
f 1562/1590/1590 1555/1674/1674 1524/1589/1589
f 1562/1590/1590 1524/1589/1589 1521/1722/1722
f 1806/1342/1342 1756/1343/1343 1781/1261/1261
f 1781/1261/1261 1756/1343/1343 1733/1260/1260
f 1781/1261/1261 1733/1260/1260 1759/1393/1393
f 1759/1393/1393 1733/1260/1260 1705/1392/1392
f 1759/1393/1393 1705/1392/1392 1726/1459/1459
f 1726/1459/1459 1705/1392/1392 1682/1458/1458
f 1726/1459/1459 1682/1458/1458 1692/1525/1525
f 1692/1525/1525 1682/1458/1458 1642/1524/1524
f 1692/1525/1525 1642/1524/1524 1651/1672/1672
f 1651/1672/1672 1642/1524/1524 1611/1673/1673
f 1651/1672/1672 1611/1673/1673 1609/1591/1591
f 1609/1591/1591 1611/1673/1673 1562/1590/1590
f 1609/1591/1591 1562/1590/1590 1547/1723/1723
f 1547/1723/1723 1562/1590/1590 1521/1722/1722
f 1547/1723/1723 1521/1722/1722 1501/1789/1789
f 1854/1341/1341 1806/1342/1342 1824/1262/1262
f 1824/1262/1262 1806/1342/1342 1781/1261/1261
f 1824/1262/1262 1781/1261/1261 1799/1394/1394
f 1799/1394/1394 1781/1261/1261 1759/1393/1393
f 1799/1394/1394 1759/1393/1393 1768/1460/1460
f 1768/1460/1460 1759/1393/1393 1726/1459/1459
f 1768/1460/1460 1726/1459/1459 1734/1526/1526
f 1734/1526/1526 1726/1459/1459 1692/1525/1525
f 1734/1526/1526 1692/1525/1525 1693/1671/1671
f 1693/1671/1671 1692/1525/1525 1651/1672/1672
f 1693/1671/1671 1651/1672/1672 1640/1592/1592
f 1640/1592/1592 1651/1672/1672 1609/1591/1591
f 1640/1592/1592 1609/1591/1591 1585/1724/1724
f 1585/1724/1724 1609/1591/1591 1547/1723/1723
f 1585/1724/1724 1547/1723/1723 1536/1790/1790
f 1536/1790/1790 1547/1723/1723 1501/1789/1789
f 1536/1790/1790 1501/1789/1789 1471/1856/1856
f 1888/1340/1340 1854/1341/1341 1863/1263/1263
f 1863/1263/1263 1854/1341/1341 1824/1262/1262
f 1863/1263/1263 1824/1262/1262 1838/1395/1395
f 1838/1395/1395 1824/1262/1262 1799/1394/1394
f 1838/1395/1395 1799/1394/1394 1811/1461/1461
f 1811/1461/1461 1799/1394/1394 1768/1460/1460
f 1811/1461/1461 1768/1460/1460 1769/1527/1527
f 1769/1527/1527 1768/1460/1460 1734/1526/1526
f 1769/1527/1527 1734/1526/1526 1727/1670/1670
f 1727/1670/1670 1734/1526/1526 1693/1671/1671
f 1727/1670/1670 1693/1671/1671 1678/1593/1593
f 1678/1593/1593 1693/1671/1671 1640/1592/1592
f 1678/1593/1593 1640/1592/1592 1622/1725/1725
f 1622/1725/1725 1640/1592/1592 1585/1724/1724
f 1622/1725/1725 1585/1724/1724 1558/1791/1791
f 1558/1791/1791 1585/1724/1724 1536/1790/1790
f 1558/1791/1791 1536/1790/1790 1497/1857/1857
f 1497/1857/1857 1536/1790/1790 1471/1856/1856
f 1497/1857/1857 1471/1856/1856 1434/1923/1923
f 1925/1339/1339 1888/1340/1340 1901/1264/1264
f 1901/1264/1264 1888/1340/1340 1863/1263/1263
f 1901/1264/1264 1863/1263/1263 1872/1396/1396
f 1872/1396/1396 1863/1263/1263 1838/1395/1395
f 1872/1396/1396 1838/1395/1395 1839/1462/1462
f 1839/1462/1462 1838/1395/1395 1811/1461/1461
f 1839/1462/1462 1811/1461/1461 1800/1528/1528
f 1800/1528/1528 1811/1461/1461 1769/1527/1527
f 1800/1528/1528 1769/1527/1527 1761/1669/1669
f 1761/1669/1669 1769/1527/1527 1727/1670/1670
f 1761/1669/1669 1727/1670/1670 1700/1594/1594
f 1700/1594/1594 1727/1670/1670 1678/1593/1593
f 1700/1594/1594 1678/1593/1593 1645/1726/1726
f 1645/1726/1726 1678/1593/1593 1622/1725/1725
f 1645/1726/1726 1622/1725/1725 1581/1792/1792
f 1581/1792/1792 1622/1725/1725 1558/1791/1791
f 1581/1792/1792 1558/1791/1791 1529/1858/1858
f 1529/1858/1858 1558/1791/1791 1497/1857/1857
f 1529/1858/1858 1497/1857/1857 1452/1924/1924
f 1452/1924/1924 1497/1857/1857 1434/1923/1923
f 1452/1924/1924 1434/1923/1923 1374/2064/2064
f 1954/1338/1338 1925/1339/1339 1929/1265/1265
f 1929/1265/1265 1925/1339/1339 1901/1264/1264
f 1929/1265/1265 1901/1264/1264 1902/1397/1397
f 1902/1397/1397 1901/1264/1264 1872/1396/1396
f 1902/1397/1397 1872/1396/1396 1864/1463/1463
f 1864/1463/1463 1872/1396/1396 1839/1462/1462
f 1864/1463/1463 1839/1462/1462 1825/1529/1529
f 1825/1529/1529 1839/1462/1462 1800/1528/1528
f 1825/1529/1529 1800/1528/1528 1782/1668/1668
f 1782/1668/1668 1800/1528/1528 1761/1669/1669
f 1782/1668/1668 1761/1669/1669 1731/1595/1595
f 1731/1595/1595 1761/1669/1669 1700/1594/1594
f 1731/1595/1595 1700/1594/1594 1672/1727/1727
f 1672/1727/1727 1700/1594/1594 1645/1726/1726
f 1672/1727/1727 1645/1726/1726 1613/1793/1793
f 1613/1793/1793 1645/1726/1726 1581/1792/1792
f 1613/1793/1793 1581/1792/1792 1542/1859/1859
f 1542/1859/1859 1581/1792/1792 1529/1858/1858
f 1542/1859/1859 1529/1858/1858 1465/1925/1925
f 1465/1925/1925 1529/1858/1858 1452/1924/1924
f 1465/1925/1925 1452/1924/1924 1392/2063/2063
f 1392/2063/2063 1452/1924/1924 1374/2064/2064
f 1392/2063/2063 1374/2064/2064 1296/1991/1991
f 1983/1337/1337 1954/1338/1338 1955/1266/1266
f 1955/1266/1266 1954/1338/1338 1929/1265/1265
f 1955/1266/1266 1929/1265/1265 1924/1398/1398
f 1924/1398/1398 1929/1265/1265 1902/1397/1397
f 1924/1398/1398 1902/1397/1397 1889/1464/1464
f 1889/1464/1464 1902/1397/1397 1864/1463/1463
f 1889/1464/1464 1864/1463/1463 1855/1530/1530
f 1855/1530/1530 1864/1463/1463 1825/1529/1529
f 1855/1530/1530 1825/1529/1529 1808/1667/1667
f 1808/1667/1667 1825/1529/1529 1782/1668/1668
f 1808/1667/1667 1782/1668/1668 1752/1596/1596
f 1752/1596/1596 1782/1668/1668 1731/1595/1595
f 1752/1596/1596 1731/1595/1595 1690/1728/1728
f 1690/1728/1728 1731/1595/1595 1672/1727/1727
f 1690/1728/1728 1672/1727/1727 1627/1794/1794
f 1627/1794/1794 1672/1727/1727 1613/1793/1793
f 1627/1794/1794 1613/1793/1793 1553/1860/1860
f 1553/1860/1860 1613/1793/1793 1542/1859/1859
f 1553/1860/1860 1542/1859/1859 1484/1926/1926
f 1484/1926/1926 1542/1859/1859 1465/1925/1925
f 1484/1926/1926 1465/1925/1925 1397/2062/2062
f 1397/2062/2062 1465/1925/1925 1392/2063/2063
f 1397/2062/2062 1392/2063/2063 1301/1992/1992
f 1301/1992/1992 1392/2063/2063 1296/1991/1991
f 1301/1992/1992 1296/1991/1991 1213/2122/2122
f 1996/1336/1336 1983/1337/1337 1973/1267/1267
f 1973/1267/1267 1983/1337/1337 1955/1266/1266
f 1973/1267/1267 1955/1266/1266 1943/1399/1399
f 1943/1399/1399 1955/1266/1266 1924/1398/1398
f 1943/1399/1399 1924/1398/1398 1910/1465/1465
f 1910/1465/1465 1924/1398/1398 1889/1464/1464
f 1910/1465/1465 1889/1464/1464 1866/1531/1531
f 1866/1531/1531 1889/1464/1464 1855/1530/1530
f 1866/1531/1531 1855/1530/1530 1819/1666/1666
f 1819/1666/1666 1855/1530/1530 1808/1667/1667
f 1819/1666/1666 1808/1667/1667 1766/1597/1597
f 1766/1597/1597 1808/1667/1667 1752/1596/1596
f 1766/1597/1597 1752/1596/1596 1701/1729/1729
f 1701/1729/1729 1752/1596/1596 1690/1728/1728
f 1701/1729/1729 1690/1728/1728 1639/1795/1795
f 1639/1795/1795 1690/1728/1728 1627/1794/1794
f 1639/1795/1795 1627/1794/1794 1569/1861/1861
f 1569/1861/1861 1627/1794/1794 1553/1860/1860
f 1569/1861/1861 1553/1860/1860 1493/1927/1927
f 1493/1927/1927 1553/1860/1860 1484/1926/1926
f 1493/1927/1927 1484/1926/1926 1410/2061/2061
f 1410/2061/2061 1484/1926/1926 1397/2062/2062
f 1410/2061/2061 1397/2062/2062 1314/1993/1993
f 1314/1993/1993 1397/2062/2062 1301/1992/1992
f 1314/1993/1993 1301/1992/1992 1218/2123/2123
f 1218/2123/2123 1301/1992/1992 1213/2122/2122
f 1218/2123/2123 1213/2122/2122 1089/2189/2189
f 2013/1335/1335 1996/1336/1336 1988/1268/1268
f 1988/1268/1268 1996/1336/1336 1973/1267/1267
f 1988/1268/1268 1973/1267/1267 1958/1400/1400
f 1958/1400/1400 1973/1267/1267 1943/1399/1399
f 1958/1400/1400 1943/1399/1399 1920/1466/1466
f 1920/1466/1466 1943/1399/1399 1910/1465/1465
f 1920/1466/1466 1910/1465/1465 1879/1532/1532
f 1879/1532/1532 1910/1465/1465 1866/1531/1531
f 1879/1532/1532 1866/1531/1531 1831/1665/1665
f 1831/1665/1665 1866/1531/1531 1819/1666/1666
f 1831/1665/1665 1819/1666/1666 1777/1598/1598
f 1777/1598/1598 1819/1666/1666 1766/1597/1597
f 1777/1598/1598 1766/1597/1597 1713/1730/1730
f 1713/1730/1730 1766/1597/1597 1701/1729/1729
f 1713/1730/1730 1701/1729/1729 1652/1796/1796
f 1652/1796/1796 1701/1729/1729 1639/1795/1795
f 1652/1796/1796 1639/1795/1795 1574/1862/1862
f 1574/1862/1862 1639/1795/1795 1569/1861/1861
f 1574/1862/1862 1569/1861/1861 1505/1928/1928
f 1505/1928/1928 1569/1861/1861 1493/1927/1927
f 1505/1928/1928 1493/1927/1927 1416/2060/2060
f 1416/2060/2060 1493/1927/1927 1410/2061/2061
f 1416/2060/2060 1410/2061/2061 1323/1994/1994
f 1323/1994/1994 1410/2061/2061 1314/1993/1993
f 1323/1994/1994 1314/1993/1993 1228/2124/2124
f 1228/2124/2124 1314/1993/1993 1218/2123/2123
f 1228/2124/2124 1218/2123/2123 1095/2190/2190
f 1095/2190/2190 1218/2123/2123 1089/2189/2189
f 2022/1334/1334 2013/1335/1335 1994/1269/1269
f 1994/1269/1269 2013/1335/1335 1988/1268/1268
f 1994/1269/1269 1988/1268/1268 1964/1401/1401
f 1964/1401/1401 1988/1268/1268 1958/1400/1400
f 1964/1401/1401 1958/1400/1400 1930/1467/1467
f 1930/1467/1467 1958/1400/1400 1920/1466/1466
f 1930/1467/1467 1920/1466/1466 1885/1533/1533
f 1885/1533/1533 1920/1466/1466 1879/1532/1532
f 1885/1533/1533 1879/1532/1532 1842/1664/1664
f 1842/1664/1664 1879/1532/1532 1831/1665/1665
f 1842/1664/1664 1831/1665/1665 1785/1599/1599
f 1785/1599/1599 1831/1665/1665 1777/1598/1598
f 1785/1599/1599 1777/1598/1598 1721/1731/1731
f 1721/1731/1731 1777/1598/1598 1713/1730/1730
f 1721/1731/1731 1713/1730/1730 1659/1797/1797
f 1659/1797/1797 1713/1730/1730 1652/1796/1796
f 1659/1797/1797 1652/1796/1796 1582/1863/1863
f 1582/1863/1863 1652/1796/1796 1574/1862/1862
f 1582/1863/1863 1574/1862/1862 1514/1929/1929
f 1514/1929/1929 1574/1862/1862 1505/1928/1928
f 1514/1929/1929 1505/1928/1928 1421/2059/2059
f 1421/2059/2059 1505/1928/1928 1416/2060/2060
f 1421/2059/2059 1416/2060/2060 1331/1995/1995
f 1331/1995/1995 1416/2060/2060 1323/1994/1994
f 1331/1995/1995 1323/1994/1994 1232/2125/2125
f 1232/2125/2125 1323/1994/1994 1228/2124/2124
f 1232/2125/2125 1228/2124/2124 1100/2191/2191
f 1100/2191/2191 1228/2124/2124 1095/2190/2190
f 2024/1333/1333 2022/1334/1334 1998/1270/1270
f 1998/1270/1270 2022/1334/1334 1994/1269/1269
f 1998/1270/1270 1994/1269/1269 1966/1402/1402
f 1966/1402/1402 1994/1269/1269 1964/1401/1401
f 1966/1402/1402 1964/1401/1401 1935/1468/1468
f 1935/1468/1468 1964/1401/1401 1930/1467/1467
f 1935/1468/1468 1930/1467/1467 1892/1534/1534
f 1892/1534/1534 1930/1467/1467 1885/1533/1533
f 1892/1534/1534 1885/1533/1533 1845/1663/1663
f 1845/1663/1663 1885/1533/1533 1842/1664/1664
f 1845/1663/1663 1842/1664/1664 1788/1600/1600
f 1788/1600/1600 1842/1664/1664 1785/1599/1599
f 1788/1600/1600 1785/1599/1599 1725/1732/1732
f 1725/1732/1732 1785/1599/1599 1721/1731/1731
f 1725/1732/1732 1721/1731/1731 1663/1798/1798
f 1663/1798/1798 1721/1731/1731 1659/1797/1797
f 1663/1798/1798 1659/1797/1797 1587/1864/1864
f 1587/1864/1864 1659/1797/1797 1582/1863/1863
f 1587/1864/1864 1582/1863/1863 1519/1930/1930
f 1519/1930/1930 1582/1863/1863 1514/1929/1929
f 1519/1930/1930 1514/1929/1929 1425/2058/2058
f 1425/2058/2058 1514/1929/1929 1421/2059/2059
f 1425/2058/2058 1421/2059/2059 1334/1996/1996
f 1334/1996/1996 1421/2059/2059 1331/1995/1995
f 1334/1996/1996 1331/1995/1995 1233/2126/2126
f 1233/2126/2126 1331/1995/1995 1232/2125/2125
f 1233/2126/2126 1232/2125/2125 1101/2192/2192
f 1101/2192/2192 1232/2125/2125 1100/2191/2191
f 2023/1332/1332 2024/1333/1333 1995/1271/1271
f 1995/1271/1271 2024/1333/1333 1998/1270/1270
f 1995/1271/1271 1998/1270/1270 1965/1403/1403
f 1965/1403/1403 1998/1270/1270 1966/1402/1402
f 1965/1403/1403 1966/1402/1402 1931/1469/1469
f 1931/1469/1469 1966/1402/1402 1935/1468/1468
f 1931/1469/1469 1935/1468/1468 1886/1535/1535
f 1886/1535/1535 1935/1468/1468 1892/1534/1534
f 1886/1535/1535 1892/1534/1534 1843/1662/1662
f 1843/1662/1662 1892/1534/1534 1845/1663/1663
f 1843/1662/1662 1845/1663/1663 1786/1601/1601
f 1786/1601/1601 1845/1663/1663 1788/1600/1600
f 1786/1601/1601 1788/1600/1600 1722/1733/1733
f 1722/1733/1733 1788/1600/1600 1725/1732/1732
f 1722/1733/1733 1725/1732/1732 1660/1799/1799
f 1660/1799/1799 1725/1732/1732 1663/1798/1798
f 1660/1799/1799 1663/1798/1798 1583/1865/1865
f 1583/1865/1865 1663/1798/1798 1587/1864/1864
f 1583/1865/1865 1587/1864/1864 1517/1931/1931
f 1517/1931/1931 1587/1864/1864 1519/1930/1930
f 1517/1931/1931 1519/1930/1930 1422/2057/2057
f 1422/2057/2057 1519/1930/1930 1425/2058/2058
f 1422/2057/2057 1425/2058/2058 1332/1997/1997
f 1332/1997/1997 1425/2058/2058 1334/1996/1996
f 1332/1997/1997 1334/1996/1996 1234/2127/2127
f 1234/2127/2127 1334/1996/1996 1233/2126/2126
f 1234/2127/2127 1233/2126/2126 1102/2193/2193
f 1102/2193/2193 1233/2126/2126 1101/2192/2192
f 2014/1331/1331 2023/1332/1332 1989/1272/1272
f 1989/1272/1272 2023/1332/1332 1995/1271/1271
f 1989/1272/1272 1995/1271/1271 1959/1404/1404
f 1959/1404/1404 1995/1271/1271 1965/1403/1403
f 1959/1404/1404 1965/1403/1403 1921/1470/1470
f 1921/1470/1470 1965/1403/1403 1931/1469/1469
f 1921/1470/1470 1931/1469/1469 1880/1536/1536
f 1880/1536/1536 1931/1469/1469 1886/1535/1535
f 1880/1536/1536 1886/1535/1535 1832/1661/1661
f 1832/1661/1661 1886/1535/1535 1843/1662/1662
f 1832/1661/1661 1843/1662/1662 1778/1602/1602
f 1778/1602/1602 1843/1662/1662 1786/1601/1601
f 1778/1602/1602 1786/1601/1601 1715/1734/1734
f 1715/1734/1734 1786/1601/1601 1722/1733/1733
f 1715/1734/1734 1722/1733/1733 1653/1800/1800
f 1653/1800/1800 1722/1733/1733 1660/1799/1799
f 1653/1800/1800 1660/1799/1799 1576/1866/1866
f 1576/1866/1866 1660/1799/1799 1583/1865/1865
f 1576/1866/1866 1583/1865/1865 1506/1932/1932
f 1506/1932/1932 1583/1865/1865 1517/1931/1931
f 1506/1932/1932 1517/1931/1931 1418/2056/2056
f 1418/2056/2056 1517/1931/1931 1422/2057/2057
f 1418/2056/2056 1422/2057/2057 1326/1998/1998
f 1326/1998/1998 1422/2057/2057 1332/1997/1997
f 1326/1998/1998 1332/1997/1997 1229/2128/2128
f 1229/2128/2128 1332/1997/1997 1234/2127/2127
f 1229/2128/2128 1234/2127/2127 1096/2194/2194
f 1096/2194/2194 1234/2127/2127 1102/2193/2193
f 2000/1330/1330 2014/1331/1331 1976/1273/1273
f 1976/1273/1273 2014/1331/1331 1989/1272/1272
f 1976/1273/1273 1989/1272/1272 1946/1405/1405
f 1946/1405/1405 1989/1272/1272 1959/1404/1404
f 1946/1405/1405 1959/1404/1404 1912/1471/1471
f 1912/1471/1471 1959/1404/1404 1921/1470/1470
f 1912/1471/1471 1921/1470/1470 1869/1537/1537
f 1869/1537/1537 1921/1470/1470 1880/1536/1536
f 1869/1537/1537 1880/1536/1536 1820/1660/1660
f 1820/1660/1660 1880/1536/1536 1832/1661/1661
f 1820/1660/1660 1832/1661/1661 1767/1603/1603
f 1767/1603/1603 1832/1661/1661 1778/1602/1602
f 1767/1603/1603 1778/1602/1602 1702/1735/1735
f 1702/1735/1735 1778/1602/1602 1715/1734/1734
f 1702/1735/1735 1715/1734/1734 1641/1801/1801
f 1641/1801/1801 1715/1734/1734 1653/1800/1800
f 1641/1801/1801 1653/1800/1800 1572/1867/1867
f 1572/1867/1867 1653/1800/1800 1576/1866/1866
f 1572/1867/1867 1576/1866/1866 1494/1933/1933
f 1494/1933/1933 1576/1866/1866 1506/1932/1932
f 1494/1933/1933 1506/1932/1932 1411/2055/2055
f 1411/2055/2055 1506/1932/1932 1418/2056/2056
f 1411/2055/2055 1418/2056/2056 1315/1999/1999
f 1315/1999/1999 1418/2056/2056 1326/1998/1998
f 1315/1999/1999 1326/1998/1998 1219/2129/2129
f 1219/2129/2129 1326/1998/1998 1229/2128/2128
f 1219/2129/2129 1229/2128/2128 1090/2195/2195
f 1090/2195/2195 1229/2128/2128 1096/2194/2194
f 1985/1329/1329 2000/1330/1330 1957/1274/1274
f 1957/1274/1274 2000/1330/1330 1976/1273/1273
f 1957/1274/1274 1976/1273/1273 1927/1406/1406
f 1927/1406/1406 1976/1273/1273 1946/1405/1405
f 1927/1406/1406 1946/1405/1405 1891/1472/1472
f 1891/1472/1472 1946/1405/1405 1912/1471/1471
f 1891/1472/1472 1912/1471/1471 1859/1538/1538
f 1859/1538/1538 1912/1471/1471 1869/1537/1537
f 1859/1538/1538 1869/1537/1537 1810/1659/1659
f 1810/1659/1659 1869/1537/1537 1820/1660/1660
f 1810/1659/1659 1820/1660/1660 1753/1604/1604
f 1753/1604/1604 1820/1660/1660 1767/1603/1603
f 1753/1604/1604 1767/1603/1603 1691/1736/1736
f 1691/1736/1736 1767/1603/1603 1702/1735/1735
f 1691/1736/1736 1702/1735/1735 1628/1802/1802
f 1628/1802/1802 1702/1735/1735 1641/1801/1801
f 1628/1802/1802 1641/1801/1801 1554/1868/1868
f 1554/1868/1868 1641/1801/1801 1572/1867/1867
f 1554/1868/1868 1572/1867/1867 1485/1934/1934
f 1485/1934/1934 1572/1867/1867 1494/1933/1933
f 1485/1934/1934 1494/1933/1933 1399/2054/2054
f 1399/2054/2054 1494/1933/1933 1411/2055/2055
f 1399/2054/2054 1411/2055/2055 1302/2000/2000
f 1302/2000/2000 1411/2055/2055 1315/1999/1999
f 1302/2000/2000 1315/1999/1999 1214/2130/2130
f 1214/2130/2130 1315/1999/1999 1219/2129/2129
f 1214/2130/2130 1219/2129/2129 1087/2196/2196
f 1087/2196/2196 1219/2129/2129 1090/2195/2195
f 1956/1328/1328 1985/1329/1329 1934/1275/1275
f 1934/1275/1275 1985/1329/1329 1957/1274/1274
f 1934/1275/1275 1957/1274/1274 1904/1407/1407
f 1904/1407/1407 1957/1274/1274 1927/1406/1406
f 1904/1407/1407 1927/1406/1406 1868/1473/1473
f 1868/1473/1473 1927/1406/1406 1891/1472/1472
f 1868/1473/1473 1891/1472/1472 1828/1539/1539
f 1828/1539/1539 1891/1472/1472 1859/1538/1538
f 1828/1539/1539 1859/1538/1538 1783/1658/1658
f 1783/1658/1658 1859/1538/1538 1810/1659/1659
f 1783/1658/1658 1810/1659/1659 1732/1605/1605
f 1732/1605/1605 1810/1659/1659 1753/1604/1604
f 1732/1605/1605 1753/1604/1604 1674/1737/1737
f 1674/1737/1737 1753/1604/1604 1691/1736/1736
f 1674/1737/1737 1691/1736/1736 1614/1803/1803
f 1614/1803/1803 1691/1736/1736 1628/1802/1802
f 1614/1803/1803 1628/1802/1802 1544/1869/1869
f 1544/1869/1869 1628/1802/1802 1554/1868/1868
f 1544/1869/1869 1554/1868/1868 1466/1935/1935
f 1466/1935/1935 1554/1868/1868 1485/1934/1934
f 1466/1935/1935 1485/1934/1934 1393/2053/2053
f 1393/2053/2053 1485/1934/1934 1399/2054/2054
f 1393/2053/2053 1399/2054/2054 1297/2001/2001
f 1297/2001/2001 1399/2054/2054 1302/2000/2000
f 1297/2001/2001 1302/2000/2000 1207/2131/2131
f 1207/2131/2131 1302/2000/2000 1214/2130/2130
f 1207/2131/2131 1214/2130/2130 1079/2197/2197
f 1079/2197/2197 1214/2130/2130 1087/2196/2196
f 1928/1327/1327 1956/1328/1328 1907/1276/1276
f 1907/1276/1276 1956/1328/1328 1934/1275/1275
f 1907/1276/1276 1934/1275/1275 1874/1408/1408
f 1874/1408/1408 1934/1275/1275 1904/1407/1407
f 1874/1408/1408 1904/1407/1407 1841/1474/1474
f 1841/1474/1474 1904/1407/1407 1868/1473/1473
f 1841/1474/1474 1868/1473/1473 1805/1540/1540
f 1805/1540/1540 1868/1473/1473 1828/1539/1539
f 1805/1540/1540 1828/1539/1539 1762/1657/1657
f 1762/1657/1657 1828/1539/1539 1783/1658/1658
f 1762/1657/1657 1783/1658/1658 1703/1606/1606
f 1703/1606/1606 1783/1658/1658 1732/1605/1605
f 1703/1606/1606 1732/1605/1605 1649/1738/1738
f 1649/1738/1738 1732/1605/1605 1674/1737/1737
f 1649/1738/1738 1674/1737/1737 1586/1804/1804
f 1586/1804/1804 1674/1737/1737 1614/1803/1803
f 1586/1804/1804 1614/1803/1803 1530/1870/1870
f 1530/1870/1870 1614/1803/1803 1544/1869/1869
f 1530/1870/1870 1544/1869/1869 1454/1936/1936
f 1454/1936/1936 1544/1869/1869 1466/1935/1935
f 1454/1936/1936 1466/1935/1935 1375/2052/2052
f 1375/2052/2052 1466/1935/1935 1393/2053/2053
f 1375/2052/2052 1393/2053/2053 1283/2002/2002
f 1283/2002/2002 1393/2053/2053 1297/2001/2001
f 1283/2002/2002 1297/2001/2001 1196/2132/2132
f 1196/2132/2132 1297/2001/2001 1207/2131/2131
f 1196/2132/2132 1207/2131/2131 1072/2198/2198
f 1072/2198/2198 1207/2131/2131 1079/2197/2197
f 1894/1326/1326 1928/1327/1327 1867/1277/1277
f 1867/1277/1277 1928/1327/1327 1907/1276/1276
f 1867/1277/1277 1907/1276/1276 1840/1409/1409
f 1840/1409/1409 1907/1276/1276 1874/1408/1408
f 1840/1409/1409 1874/1408/1408 1814/1475/1475
f 1814/1475/1475 1874/1408/1408 1841/1474/1474
f 1814/1475/1475 1841/1474/1474 1772/1541/1541
f 1772/1541/1541 1841/1474/1474 1805/1540/1540
f 1772/1541/1541 1805/1540/1540 1729/1656/1656
f 1729/1656/1656 1805/1540/1540 1762/1657/1657
f 1729/1656/1656 1762/1657/1657 1683/1607/1607
f 1683/1607/1607 1762/1657/1657 1703/1606/1606
f 1683/1607/1607 1703/1606/1606 1623/1739/1739
f 1623/1739/1739 1703/1606/1606 1649/1738/1738
f 1623/1739/1739 1649/1738/1738 1563/1805/1805
f 1563/1805/1805 1649/1738/1738 1586/1804/1804
f 1563/1805/1805 1586/1804/1804 1502/1871/1871
f 1502/1871/1871 1586/1804/1804 1530/1870/1870
f 1502/1871/1871 1530/1870/1870 1436/1937/1937
f 1436/1937/1937 1530/1870/1870 1454/1936/1936
f 1436/1937/1937 1454/1936/1936 1368/2051/2051
f 1368/2051/2051 1454/1936/1936 1375/2052/2052
f 1368/2051/2051 1375/2052/2052 1272/2003/2003
f 1272/2003/2003 1375/2052/2052 1283/2002/2002
f 1272/2003/2003 1283/2002/2002 1189/2133/2133
f 1189/2133/2133 1283/2002/2002 1196/2132/2132
f 1189/2133/2133 1196/2132/2132 1066/2199/2199
f 1066/2199/2199 1196/2132/2132 1072/2198/2198
f 1860/1325/1325 1894/1326/1326 1829/1278/1278
f 1829/1278/1278 1894/1326/1326 1867/1277/1277
f 1829/1278/1278 1867/1277/1277 1804/1410/1410
f 1804/1410/1410 1867/1277/1277 1840/1409/1409
f 1804/1410/1410 1840/1409/1409 1771/1476/1476
f 1771/1476/1476 1840/1409/1409 1814/1475/1475
f 1771/1476/1476 1814/1475/1475 1738/1542/1542
f 1738/1542/1542 1814/1475/1475 1772/1541/1541
f 1738/1542/1542 1772/1541/1541 1695/1655/1655
f 1695/1655/1655 1772/1541/1541 1729/1656/1656
f 1695/1655/1655 1729/1656/1656 1643/1608/1608
f 1643/1608/1608 1729/1656/1656 1683/1607/1607
f 1643/1608/1608 1683/1607/1607 1588/1740/1740
f 1588/1740/1740 1683/1607/1607 1623/1739/1739
f 1588/1740/1740 1623/1739/1739 1538/1806/1806
f 1538/1806/1806 1623/1739/1739 1563/1805/1805
f 1538/1806/1806 1563/1805/1805 1473/1872/1872
f 1473/1872/1872 1563/1805/1805 1502/1871/1871
f 1473/1872/1872 1502/1871/1871 1407/1938/1938
f 1407/1938/1938 1502/1871/1871 1436/1937/1937
f 1407/1938/1938 1436/1937/1937 1346/2050/2050
f 1346/2050/2050 1436/1937/1937 1368/2051/2051
f 1346/2050/2050 1368/2051/2051 1258/2004/2004
f 1258/2004/2004 1368/2051/2051 1272/2003/2003
f 1258/2004/2004 1272/2003/2003 1175/2134/2134
f 1175/2134/2134 1272/2003/2003 1189/2133/2133
f 1175/2134/2134 1189/2133/2133 1062/2200/2200
f 1062/2200/2200 1189/2133/2133 1066/2199/2199
f 1812/1324/1324 1860/1325/1325 1784/1279/1279
f 1784/1279/1279 1860/1325/1325 1829/1278/1278
f 1784/1279/1279 1829/1278/1278 1763/1411/1411
f 1763/1411/1411 1829/1278/1278 1804/1410/1410
f 1763/1411/1411 1804/1410/1410 1730/1477/1477
f 1730/1477/1477 1804/1410/1410 1771/1476/1476
f 1730/1477/1477 1771/1476/1476 1696/1543/1543
f 1696/1543/1543 1771/1476/1476 1738/1542/1542
f 1696/1543/1543 1738/1542/1542 1656/1654/1654
f 1656/1654/1654 1738/1542/1542 1695/1655/1655
f 1656/1654/1654 1695/1655/1655 1612/1609/1609
f 1612/1609/1609 1695/1655/1655 1643/1608/1608
f 1612/1609/1609 1643/1608/1608 1550/1741/1741
f 1550/1741/1741 1643/1608/1608 1588/1740/1740
f 1550/1741/1741 1588/1740/1740 1504/1807/1807
f 1504/1807/1807 1588/1740/1740 1538/1806/1806
f 1504/1807/1807 1538/1806/1806 1445/1873/1873
f 1445/1873/1873 1538/1806/1806 1473/1872/1872
f 1445/1873/1873 1473/1872/1872 1388/1939/1939
f 1388/1939/1939 1473/1872/1872 1407/1938/1938
f 1388/1939/1939 1407/1938/1938 1310/2049/2049
f 1310/2049/2049 1407/1938/1938 1346/2050/2050
f 1310/2049/2049 1346/2050/2050 1246/2005/2005
f 1246/2005/2005 1346/2050/2050 1258/2004/2004
f 1246/2005/2005 1258/2004/2004 1154/2135/2135
f 1154/2135/2135 1258/2004/2004 1175/2134/2134
f 1154/2135/2135 1175/2134/2134 1050/2201/2201
f 1050/2201/2201 1175/2134/2134 1062/2200/2200
f 1760/1323/1323 1812/1324/1324 1740/1280/1280
f 1740/1280/1280 1812/1324/1324 1784/1279/1279
f 1740/1280/1280 1784/1279/1279 1708/1412/1412
f 1708/1412/1412 1784/1279/1279 1763/1411/1411
f 1708/1412/1412 1763/1411/1411 1685/1478/1478
f 1685/1478/1478 1763/1411/1411 1730/1477/1477
f 1685/1478/1478 1730/1477/1477 1648/1544/1544
f 1648/1544/1544 1730/1477/1477 1696/1543/1543
f 1648/1544/1544 1696/1543/1543 1616/1653/1653
f 1616/1653/1653 1696/1543/1543 1656/1654/1654
f 1616/1653/1653 1656/1654/1654 1565/1610/1610
f 1565/1610/1610 1656/1654/1654 1612/1609/1609
f 1565/1610/1610 1612/1609/1609 1525/1742/1742
f 1525/1742/1742 1612/1609/1609 1550/1741/1741
f 1525/1742/1742 1550/1741/1741 1464/1808/1808
f 1464/1808/1808 1550/1741/1741 1504/1807/1807
f 1464/1808/1808 1504/1807/1807 1413/1874/1874
f 1413/1874/1874 1504/1807/1807 1445/1873/1873
f 1413/1874/1874 1445/1873/1873 1364/1940/1940
f 1364/1940/1940 1445/1873/1873 1388/1939/1939
f 1364/1940/1940 1388/1939/1939 1287/2048/2048
f 1287/2048/2048 1388/1939/1939 1310/2049/2049
f 1287/2048/2048 1310/2049/2049 1227/2006/2006
f 1227/2006/2006 1310/2049/2049 1246/2005/2005
f 1227/2006/2006 1246/2005/2005 1137/2136/2136
f 1137/2136/2136 1246/2005/2005 1154/2135/2135
f 1137/2136/2136 1154/2135/2135 1043/2202/2202
f 1043/2202/2202 1154/2135/2135 1050/2201/2201
f 1699/1322/1322 1760/1323/1323 1684/1281/1281
f 1684/1281/1281 1760/1323/1323 1740/1280/1280
f 1684/1281/1281 1740/1280/1280 1658/1413/1413
f 1658/1413/1413 1740/1280/1280 1708/1412/1412
f 1658/1413/1413 1708/1412/1412 1629/1479/1479
f 1629/1479/1479 1708/1412/1412 1685/1478/1478
f 1629/1479/1479 1685/1478/1478 1596/1545/1545
f 1596/1545/1545 1685/1478/1478 1648/1544/1544
f 1596/1545/1545 1648/1544/1544 1561/1652/1652
f 1561/1652/1652 1648/1544/1544 1616/1653/1653
f 1561/1652/1652 1616/1653/1653 1528/1611/1611
f 1528/1611/1611 1616/1653/1653 1565/1610/1610
f 1528/1611/1611 1565/1610/1610 1472/1743/1743
f 1472/1743/1743 1565/1610/1610 1525/1742/1742
f 1472/1743/1743 1525/1742/1742 1433/1809/1809
f 1433/1809/1809 1525/1742/1742 1464/1808/1808
f 1433/1809/1809 1464/1808/1808 1380/1875/1875
f 1380/1875/1875 1464/1808/1808 1413/1874/1874
f 1380/1875/1875 1413/1874/1874 1322/1941/1941
f 1322/1941/1941 1413/1874/1874 1364/1940/1940
f 1322/1941/1941 1364/1940/1940 1266/2047/2047
f 1266/2047/2047 1364/1940/1940 1287/2048/2048
f 1266/2047/2047 1287/2048/2048 1203/2007/2007
f 1203/2007/2007 1287/2048/2048 1227/2006/2006
f 1203/2007/2007 1227/2006/2006 1127/2137/2137
f 1127/2137/2137 1227/2006/2006 1137/2136/2136
f 1127/2137/2137 1137/2136/2136 1036/2203/2203
f 1036/2203/2203 1137/2136/2136 1043/2202/2202
f 1637/1321/1321 1699/1322/1322 1621/1282/1282
f 1621/1282/1282 1699/1322/1322 1684/1281/1281
f 1621/1282/1282 1684/1281/1281 1595/1414/1414
f 1595/1414/1414 1684/1281/1281 1658/1413/1413
f 1595/1414/1414 1658/1413/1413 1571/1480/1480
f 1571/1480/1480 1658/1413/1413 1629/1479/1479
f 1571/1480/1480 1629/1479/1479 1543/1546/1546
f 1543/1546/1546 1629/1479/1479 1596/1545/1545
f 1543/1546/1546 1596/1545/1545 1518/1651/1651
f 1518/1651/1651 1596/1545/1545 1561/1652/1652
f 1518/1651/1651 1561/1652/1652 1468/1612/1612
f 1468/1612/1612 1561/1652/1652 1528/1611/1611
f 1468/1612/1612 1528/1611/1611 1432/1744/1744
f 1432/1744/1744 1528/1611/1611 1472/1743/1743
f 1432/1744/1744 1472/1743/1743 1390/1810/1810
f 1390/1810/1810 1472/1743/1743 1433/1809/1809
f 1390/1810/1810 1433/1809/1809 1352/1876/1876
f 1352/1876/1876 1433/1809/1809 1380/1875/1875
f 1352/1876/1876 1380/1875/1875 1286/1942/1942
f 1286/1942/1942 1380/1875/1875 1322/1941/1941
f 1286/1942/1942 1322/1941/1941 1242/2046/2046
f 1242/2046/2046 1322/1941/1941 1266/2047/2047
f 1242/2046/2046 1266/2047/2047 1182/2008/2008
f 1182/2008/2008 1266/2047/2047 1203/2007/2007
f 1182/2008/2008 1203/2007/2007 1111/2138/2138
f 1111/2138/2138 1203/2007/2007 1127/2137/2137
f 1111/2138/2138 1127/2137/2137 1030/2204/2204
f 1030/2204/2204 1127/2137/2137 1036/2203/2203
f 1568/1320/1320 1637/1321/1321 1546/1283/1283
f 1546/1283/1283 1637/1321/1321 1621/1282/1282
f 1546/1283/1283 1621/1282/1282 1534/1415/1415
f 1534/1415/1415 1621/1282/1282 1595/1414/1414
f 1534/1415/1415 1595/1414/1414 1513/1481/1481
f 1513/1481/1481 1595/1414/1414 1571/1480/1480
f 1513/1481/1481 1571/1480/1480 1483/1547/1547
f 1483/1547/1547 1571/1480/1480 1543/1546/1546
f 1483/1547/1547 1543/1546/1546 1455/1650/1650
f 1455/1650/1650 1543/1546/1546 1518/1651/1651
f 1455/1650/1650 1518/1651/1651 1415/1613/1613
f 1415/1613/1613 1518/1651/1651 1468/1612/1612
f 1415/1613/1613 1468/1612/1612 1384/1745/1745
f 1384/1745/1745 1468/1612/1612 1432/1744/1744
f 1384/1745/1745 1432/1744/1744 1353/1811/1811
f 1353/1811/1811 1432/1744/1744 1390/1810/1810
f 1353/1811/1811 1390/1810/1810 1294/1877/1877
f 1294/1877/1877 1390/1810/1810 1352/1876/1876
f 1294/1877/1877 1352/1876/1876 1256/1943/1943
f 1256/1943/1943 1352/1876/1876 1286/1942/1942
f 1256/1943/1943 1286/1942/1942 1210/2045/2045
f 1210/2045/2045 1286/1942/1942 1242/2046/2046
f 1210/2045/2045 1242/2046/2046 1145/2009/2009
f 1145/2009/2009 1242/2046/2046 1182/2008/2008
f 1145/2009/2009 1182/2008/2008 1083/2139/2139
f 1083/2139/2139 1182/2008/2008 1111/2138/2138
f 1083/2139/2139 1111/2138/2138 1024/2205/2205
f 1024/2205/2205 1111/2138/2138 1030/2204/2204
f 1024/2205/2205 1030/2204/2204 994/68/68
f 1453/1319/1319 1568/1320/1320 1439/1284/1284
f 1439/1284/1284 1568/1320/1320 1546/1283/1283
f 1439/1284/1284 1546/1283/1283 1419/1416/1416
f 1419/1416/1416 1546/1283/1283 1534/1415/1415
f 1419/1416/1416 1534/1415/1415 1398/1482/1482
f 1398/1482/1482 1534/1415/1415 1513/1481/1481
f 1398/1482/1482 1513/1481/1481 1383/1548/1548
f 1383/1548/1548 1513/1481/1481 1483/1547/1547
f 1383/1548/1548 1483/1547/1547 1365/1649/1649
f 1365/1649/1649 1483/1547/1547 1455/1650/1650
f 1365/1649/1649 1455/1650/1650 1328/1614/1614
f 1328/1614/1614 1455/1650/1650 1415/1613/1613
f 1328/1614/1614 1415/1613/1613 1291/1746/1746
f 1291/1746/1746 1415/1613/1613 1384/1745/1745
f 1291/1746/1746 1384/1745/1745 1265/1812/1812
f 1265/1812/1812 1384/1745/1745 1353/1811/1811
f 1265/1812/1812 1353/1811/1811 1239/1878/1878
f 1239/1878/1878 1353/1811/1811 1294/1877/1877
f 1239/1878/1878 1294/1877/1877 1194/1944/1944
f 1194/1944/1944 1294/1877/1877 1256/1943/1943
f 1194/1944/1944 1256/1943/1943 1147/2044/2044
f 1147/2044/2044 1256/1943/1943 1210/2045/2045
f 1147/2044/2044 1210/2045/2045 1109/2010/2010
f 1109/2010/2010 1210/2045/2045 1145/2009/2009
f 1109/2010/2010 1145/2009/2009 1047/2140/2140
f 1047/2140/2140 1145/2009/2009 1083/2139/2139
f 1047/2140/2140 1083/2139/2139 1011/2206/2206
f 1011/2206/2206 1083/2139/2139 1024/2205/2205
f 1311/1318/1318 1453/1319/1319 1300/1285/1285
f 1300/1285/1285 1453/1319/1319 1439/1284/1284
f 1300/1285/1285 1439/1284/1284 1289/1417/1417
f 1289/1417/1417 1439/1284/1284 1419/1416/1416
f 1289/1417/1417 1419/1416/1416 1274/1483/1483
f 1274/1483/1483 1419/1416/1416 1398/1482/1482
f 1274/1483/1483 1398/1482/1482 1264/1549/1549
f 1264/1549/1549 1398/1482/1482 1383/1548/1548
f 1264/1549/1549 1383/1548/1548 1250/1648/1648
f 1250/1648/1648 1383/1548/1548 1365/1649/1649
f 1250/1648/1648 1365/1649/1649 1231/1615/1615
f 1231/1615/1615 1365/1649/1649 1328/1614/1614
f 1231/1615/1615 1328/1614/1614 1202/1747/1747
f 1202/1747/1747 1328/1614/1614 1291/1746/1746
f 1202/1747/1747 1291/1746/1746 1181/1813/1813
f 1181/1813/1813 1291/1746/1746 1265/1812/1812
f 1181/1813/1813 1265/1812/1812 1144/1879/1879
f 1144/1879/1879 1265/1812/1812 1239/1878/1878
f 1144/1879/1879 1239/1878/1878 1121/1945/1945
f 1121/1945/1945 1239/1878/1878 1194/1944/1944
f 1121/1945/1945 1194/1944/1944 1085/2043/2043
f 1085/2043/2043 1194/1944/1944 1147/2044/2044
f 1085/2043/2043 1147/2044/2044 1046/2011/2011
f 1046/2011/2011 1147/2044/2044 1109/2010/2010
f 1046/2011/2011 1109/2010/2010 1023/2141/2141
f 1023/2141/2141 1109/2010/2010 1047/2140/2140
f 1023/2141/2141 1047/2140/2140 1004/2207/2207
f 1004/2207/2207 1047/2140/2140 1011/2206/2206
f 1152/1317/1317 1311/1318/1318 1146/1286/1286
f 1146/1286/1286 1311/1318/1318 1300/1285/1285
f 1146/1286/1286 1300/1285/1285 1138/1418/1418
f 1138/1418/1418 1300/1285/1285 1289/1417/1417
f 1138/1418/1418 1289/1417/1417 1132/1484/1484
f 1132/1484/1484 1289/1417/1417 1274/1483/1483
f 1132/1484/1484 1274/1483/1483 1124/1550/1550
f 1124/1550/1550 1274/1483/1483 1264/1549/1549
f 1124/1550/1550 1264/1549/1549 1115/1647/1647
f 1115/1647/1647 1264/1549/1549 1250/1648/1648
f 1115/1647/1647 1250/1648/1648 1099/1616/1616
f 1099/1616/1616 1250/1648/1648 1231/1615/1615
f 1099/1616/1616 1231/1615/1615 1074/1748/1748
f 1074/1748/1748 1231/1615/1615 1202/1747/1747
f 1074/1748/1748 1202/1747/1747 1063/1814/1814
f 1063/1814/1814 1202/1747/1747 1181/1813/1813
f 1063/1814/1814 1181/1813/1813 1044/1880/1880
f 1044/1880/1880 1181/1813/1813 1144/1879/1879
f 1044/1880/1880 1144/1879/1879 1033/1946/1946
f 1033/1946/1946 1144/1879/1879 1121/1945/1945
f 1033/1946/1946 1121/1945/1945 1020/2042/2042
f 1020/2042/2042 1121/1945/1945 1085/2043/2043
f 1020/2042/2042 1085/2043/2043 1010/2012/2012
f 1010/2012/2012 1085/2043/2043 1046/2011/2011
f 1010/2012/2012 1046/2011/2011 1002/2142/2142
f 1002/2142/2142 1046/2011/2011 1023/2141/2141
f 1002/2142/2142 1023/2141/2141 996/2208/2208
f 996/2208/2208 1023/2141/2141 1004/2207/2207
f 965/1316/1316 1152/1317/1317 967/1287/1287
f 967/1287/1287 1152/1317/1317 1146/1286/1286
f 967/1287/1287 1146/1286/1286 969/1419/1419
f 969/1419/1419 1146/1286/1286 1138/1418/1418
f 969/1419/1419 1138/1418/1418 971/1485/1485
f 971/1485/1485 1138/1418/1418 1132/1484/1484
f 971/1485/1485 1132/1484/1484 973/1551/1551
f 973/1551/1551 1132/1484/1484 1124/1550/1550
f 973/1551/1551 1124/1550/1550 975/1646/1646
f 975/1646/1646 1124/1550/1550 1115/1647/1647
f 975/1646/1646 1115/1647/1647 977/1617/1617
f 977/1617/1617 1115/1647/1647 1099/1616/1616
f 977/1617/1617 1099/1616/1616 979/1749/1749
f 979/1749/1749 1099/1616/1616 1074/1748/1748
f 979/1749/1749 1074/1748/1748 981/1815/1815
f 981/1815/1815 1074/1748/1748 1063/1814/1814
f 981/1815/1815 1063/1814/1814 983/1881/1881
f 983/1881/1881 1063/1814/1814 1044/1880/1880
f 983/1881/1881 1044/1880/1880 985/1947/1947
f 985/1947/1947 1044/1880/1880 1033/1946/1946
f 985/1947/1947 1033/1946/1946 987/2041/2041
f 987/2041/2041 1033/1946/1946 1020/2042/2042
f 987/2041/2041 1020/2042/2042 989/2013/2013
f 989/2013/2013 1020/2042/2042 1010/2012/2012
f 989/2013/2013 1010/2012/2012 991/2143/2143
f 991/2143/2143 1010/2012/2012 1002/2142/2142
f 991/2143/2143 1002/2142/2142 993/2209/2209
f 993/2209/2209 1002/2142/2142 996/2208/2208
f 860/1315/1315 965/1316/1316 865/1288/1288
f 865/1288/1288 965/1316/1316 967/1287/1287
f 865/1288/1288 967/1287/1287 871/1420/1420
f 871/1420/1420 967/1287/1287 969/1419/1419
f 871/1420/1420 969/1419/1419 873/1486/1486
f 873/1486/1486 969/1419/1419 971/1485/1485
f 873/1486/1486 971/1485/1485 878/1552/1552
f 878/1552/1552 971/1485/1485 973/1551/1551
f 878/1552/1552 973/1551/1551 886/1645/1645
f 886/1645/1645 973/1551/1551 975/1646/1646
f 886/1645/1645 975/1646/1646 891/1618/1618
f 891/1618/1618 975/1646/1646 977/1617/1617
f 891/1618/1618 977/1617/1617 895/1750/1750
f 895/1750/1750 977/1617/1617 979/1749/1749
f 895/1750/1750 979/1749/1749 901/1816/1816
f 901/1816/1816 979/1749/1749 981/1815/1815
f 901/1816/1816 981/1815/1815 910/1882/1882
f 910/1882/1882 981/1815/1815 983/1881/1881
f 910/1882/1882 983/1881/1881 914/1948/1948
f 914/1948/1948 983/1881/1881 985/1947/1947
f 914/1948/1948 985/1947/1947 917/2040/2040
f 917/2040/2040 985/1947/1947 987/2041/2041
f 917/2040/2040 987/2041/2041 922/2014/2014
f 922/2014/2014 987/2041/2041 989/2013/2013
f 922/2014/2014 989/2013/2013 926/2144/2144
f 926/2144/2144 989/2013/2013 991/2143/2143
f 926/2144/2144 991/2143/2143 930/2210/2210
f 930/2210/2210 991/2143/2143 993/2209/2209
f 759/1314/1314 860/1315/1315 765/1289/1289
f 765/1289/1289 860/1315/1315 865/1288/1288
f 765/1289/1289 865/1288/1288 772/1421/1421
f 772/1421/1421 865/1288/1288 871/1420/1420
f 772/1421/1421 871/1420/1420 778/1487/1487
f 778/1487/1487 871/1420/1420 873/1486/1486
f 778/1487/1487 873/1486/1486 790/1553/1553
f 790/1553/1553 873/1486/1486 878/1552/1552
f 790/1553/1553 878/1552/1552 802/1644/1644
f 802/1644/1644 878/1552/1552 886/1645/1645
f 802/1644/1644 886/1645/1645 814/1619/1619
f 814/1619/1619 886/1645/1645 891/1618/1618
f 814/1619/1619 891/1618/1618 830/1751/1751
f 830/1751/1751 891/1618/1618 895/1750/1750
f 830/1751/1751 895/1750/1750 843/1817/1817
f 843/1817/1817 895/1750/1750 901/1816/1816
f 843/1817/1817 901/1816/1816 866/1883/1883
f 866/1883/1883 901/1816/1816 910/1882/1882
f 866/1883/1883 910/1882/1882 883/1949/1949
f 883/1949/1949 910/1882/1882 914/1948/1948
f 883/1949/1949 914/1948/1948 893/2039/2039
f 893/2039/2039 914/1948/1948 917/2040/2040
f 893/2039/2039 917/2040/2040 907/2015/2015
f 907/2015/2015 917/2040/2040 922/2014/2014
f 907/2015/2015 922/2014/2014 918/2145/2145
f 918/2145/2145 922/2014/2014 926/2144/2144
f 918/2145/2145 926/2144/2144 927/2211/2211
f 927/2211/2211 926/2144/2144 930/2210/2210
f 623/1313/1313 759/1314/1314 635/1290/1290
f 635/1290/1290 759/1314/1314 765/1289/1289
f 635/1290/1290 765/1289/1289 646/1422/1422
f 646/1422/1422 765/1289/1289 772/1421/1421
f 646/1422/1422 772/1421/1421 654/1488/1488
f 654/1488/1488 772/1421/1421 778/1487/1487
f 654/1488/1488 778/1487/1487 670/1554/1554
f 670/1554/1554 778/1487/1487 790/1553/1553
f 670/1554/1554 790/1553/1553 686/1643/1643
f 686/1643/1643 790/1553/1553 802/1644/1644
f 686/1643/1643 802/1644/1644 700/1620/1620
f 700/1620/1620 802/1644/1644 814/1619/1619
f 700/1620/1620 814/1619/1619 717/1752/1752
f 717/1752/1752 814/1619/1619 830/1751/1751
f 717/1752/1752 830/1751/1751 736/1818/1818
f 736/1818/1818 830/1751/1751 843/1817/1817
f 736/1818/1818 843/1817/1817 766/1884/1884
f 766/1884/1884 843/1817/1817 866/1883/1883
f 766/1884/1884 866/1883/1883 792/1950/1950
f 792/1950/1950 866/1883/1883 883/1949/1949
f 792/1950/1950 883/1949/1949 824/2038/2038
f 824/2038/2038 883/1949/1949 893/2039/2039
f 824/2038/2038 893/2039/2039 863/2016/2016
f 863/2016/2016 893/2039/2039 907/2015/2015
f 863/2016/2016 907/2015/2015 894/2146/2146
f 894/2146/2146 907/2015/2015 918/2145/2145
f 894/2146/2146 918/2145/2145 919/2212/2212
f 919/2212/2212 918/2145/2145 927/2211/2211
f 514/1312/1312 623/1313/1313 521/1291/1291
f 521/1291/1291 623/1313/1313 635/1290/1290
f 521/1291/1291 635/1290/1290 532/1423/1423
f 532/1423/1423 635/1290/1290 646/1422/1422
f 532/1423/1423 646/1422/1422 546/1489/1489
f 546/1489/1489 646/1422/1422 654/1488/1488
f 546/1489/1489 654/1488/1488 568/1555/1555
f 568/1555/1555 654/1488/1488 670/1554/1554
f 568/1555/1555 670/1554/1554 585/1642/1642
f 585/1642/1642 670/1554/1554 686/1643/1643
f 585/1642/1642 686/1643/1643 610/1621/1621
f 610/1621/1621 686/1643/1643 700/1620/1620
f 610/1621/1621 700/1620/1620 643/1753/1753
f 643/1753/1753 700/1620/1620 717/1752/1752
f 643/1753/1753 717/1752/1752 667/1819/1819
f 667/1819/1819 717/1752/1752 736/1818/1818
f 667/1819/1819 736/1818/1818 697/1885/1885
f 697/1885/1885 736/1818/1818 766/1884/1884
f 697/1885/1885 766/1884/1884 724/1951/1951
f 724/1951/1951 766/1884/1884 792/1950/1950
f 724/1951/1951 792/1950/1950 764/2037/2037
f 764/2037/2037 792/1950/1950 824/2038/2038
f 764/2037/2037 824/2038/2038 810/2017/2017
f 810/2017/2017 824/2038/2038 863/2016/2016
f 810/2017/2017 863/2016/2016 867/2147/2147
f 867/2147/2147 863/2016/2016 894/2146/2146
f 867/2147/2147 894/2146/2146 909/2213/2213
f 909/2213/2213 894/2146/2146 919/2212/2212
f 514/1312/1312 521/1291/1291 429/1292/1292
f 429/1292/1292 521/1291/1291 444/1424/1424
f 429/1292/1292 444/1424/1424 360/1425/1425
f 360/1425/1425 444/1424/1424 385/1491/1491
f 360/1425/1425 385/1491/1491 321/1492/1492
f 321/1492/1492 385/1491/1491 348/1558/1558
f 321/1492/1492 348/1558/1558 294/1559/1559
f 294/1559/1559 348/1558/1558 326/1638/1638
f 294/1559/1559 326/1638/1638 280/1637/1637
f 280/1637/1637 326/1638/1638 325/1626/1626
f 280/1637/1637 325/1626/1626 289/1627/1627
f 289/1627/1627 325/1626/1626 341/1759/1759
f 289/1627/1627 341/1759/1759 317/1760/1760
f 317/1760/1760 341/1759/1759 363/1826/1826
f 317/1760/1760 363/1826/1826 356/1827/1827
f 356/1827/1827 363/1826/1826 420/1893/1893
f 356/1827/1827 420/1893/1893 413/1894/1894
f 413/1894/1894 420/1893/1893 465/1960/1960
f 413/1894/1894 465/1960/1960 460/1961/1961
f 460/1961/1961 465/1960/1960 538/180/180
f 444/1424/1424 521/1291/1291 532/1423/1423
f 112/1306/1306 150/1307/1307 132/1297/1297
f 79/1305/1305 112/1306/1306 100/1298/1298
f 100/1298/1298 112/1306/1306 132/1297/1297
f 100/1298/1298 132/1297/1297 126/1430/1430
f 72/1304/1304 79/1305/1305 92/1299/1299
f 92/1299/1299 79/1305/1305 100/1298/1298
f 92/1299/1299 100/1298/1298 118/1431/1431
f 118/1431/1431 100/1298/1298 126/1430/1430
f 118/1431/1431 126/1430/1430 143/1497/1497
f 61/1303/1303 72/1304/1304 82/1300/1300
f 82/1300/1300 72/1304/1304 92/1299/1299
f 82/1300/1300 92/1299/1299 107/1432/1432
f 107/1432/1432 92/1299/1299 118/1431/1431
f 107/1432/1432 118/1431/1431 139/1498/1498
f 139/1498/1498 118/1431/1431 143/1497/1497
f 139/1498/1498 143/1497/1497 172/1564/1564
f 55/1302/1302 61/1303/1303 78/1301/1301
f 78/1301/1301 61/1303/1303 82/1300/1300
f 78/1301/1301 82/1300/1300 102/1433/1433
f 102/1433/1433 82/1300/1300 107/1432/1432
f 102/1433/1433 107/1432/1432 134/1499/1499
f 134/1499/1499 107/1432/1432 139/1498/1498
f 134/1499/1499 139/1498/1498 165/1565/1565
f 165/1565/1565 139/1498/1498 172/1564/1564
f 165/1565/1565 172/1564/1564 201/1632/1632
f 182/1372/1372 149/1371/1371 202/1438/1438
f 202/1438/1438 149/1371/1371 183/1437/1437
f 202/1438/1438 183/1437/1437 238/1504/1504
f 444/1424/1424 532/1423/1423 454/1490/1490
f 454/1490/1490 532/1423/1423 546/1489/1489
f 454/1490/1490 546/1489/1489 482/1556/1556
f 482/1556/1556 546/1489/1489 568/1555/1555
f 482/1556/1556 568/1555/1555 513/1641/1641
f 513/1641/1641 568/1555/1555 585/1642/1642
f 513/1641/1641 585/1642/1642 535/1622/1622
f 535/1622/1622 585/1642/1642 610/1621/1621
f 535/1622/1622 610/1621/1621 569/1754/1754
f 569/1754/1754 610/1621/1621 643/1753/1753
f 569/1754/1754 643/1753/1753 598/1820/1820
f 598/1820/1820 643/1753/1753 667/1819/1819
f 598/1820/1820 667/1819/1819 641/1886/1886
f 641/1886/1886 667/1819/1819 697/1885/1885
f 641/1886/1886 697/1885/1885 677/1952/1952
f 677/1952/1952 697/1885/1885 724/1951/1951
f 677/1952/1952 724/1951/1951 714/2036/2036
f 714/2036/2036 724/1951/1951 764/2037/2037
f 714/2036/2036 764/2037/2037 767/2018/2018
f 767/2018/2018 764/2037/2037 810/2017/2017
f 767/2018/2018 810/2017/2017 827/2148/2148
f 827/2148/2148 810/2017/2017 867/2147/2147
f 827/2148/2148 867/2147/2147 896/2214/2214
f 896/2214/2214 867/2147/2147 909/2213/2213
f 182/1372/1372 202/1438/1438 237/1439/1439
f 237/1439/1439 202/1438/1438 265/1505/1505
f 237/1439/1439 265/1505/1505 304/1506/1506
f 304/1506/1506 265/1505/1505 334/1691/1691
f 304/1506/1506 334/1691/1691 369/1690/1690
f 369/1690/1690 334/1691/1691 407/1573/1573
f 369/1690/1690 407/1573/1573 447/1574/1574
f 447/1574/1574 407/1573/1573 491/1706/1706
f 447/1574/1574 491/1706/1706 531/1707/1707
f 531/1707/1707 491/1706/1706 564/1773/1773
f 531/1707/1707 564/1773/1773 611/1774/1774
f 611/1774/1774 564/1773/1773 650/1840/1840
f 611/1774/1774 650/1840/1840 693/1841/1841
f 693/1841/1841 650/1840/1840 721/1907/1907
f 693/1841/1841 721/1907/1907 773/1908/1908
f 773/1908/1908 721/1907/1907 807/2080/2080
f 773/1908/1908 807/2080/2080 861/2079/2079
f 861/2079/2079 807/2080/2080 887/1975/1975
f 861/2079/2079 887/1975/1975 915/1976/1976
f 915/1976/1976 887/1975/1975 923/2106/2106
f 915/1976/1976 923/2106/2106 990/2107/2107
f 990/2107/2107 923/2106/2106 992/2173/2173
f 990/2107/2107 992/2173/2173 995/2174/2174
f 265/1505/1505 202/1438/1438 238/1504/1504
f 444/1424/1424 454/1490/1490 385/1491/1491
f 385/1491/1491 454/1490/1490 412/1557/1557
f 385/1491/1491 412/1557/1557 348/1558/1558
f 348/1558/1558 412/1557/1557 374/1639/1639
f 348/1558/1558 374/1639/1639 326/1638/1638
f 326/1638/1638 374/1639/1639 362/1625/1625
f 326/1638/1638 362/1625/1625 325/1626/1626
f 325/1626/1626 362/1625/1625 366/1758/1758
f 325/1626/1626 366/1758/1758 341/1759/1759
f 341/1759/1759 366/1758/1758 390/1825/1825
f 341/1759/1759 390/1825/1825 363/1826/1826
f 363/1826/1826 390/1825/1825 426/1892/1892
f 363/1826/1826 426/1892/1892 420/1893/1893
f 420/1893/1893 426/1892/1892 474/1959/1959
f 420/1893/1893 474/1959/1959 465/1960/1960
f 465/1960/1960 474/1959/1959 540/2028/2028
f 465/1960/1960 540/2028/2028 538/180/180
f 538/180/180 540/2028/2028 620/2027/2027
f 412/1557/1557 454/1490/1490 482/1556/1556
f 334/1691/1691 265/1505/1505 298/1692/1692
f 298/1692/1692 265/1505/1505 238/1504/1504
f 412/1557/1557 482/1556/1556 436/1640/1640
f 436/1640/1640 482/1556/1556 513/1641/1641
f 436/1640/1640 513/1641/1641 461/1623/1623
f 461/1623/1623 513/1641/1641 535/1622/1622
f 461/1623/1623 535/1622/1622 511/1755/1755
f 511/1755/1755 535/1622/1622 569/1754/1754
f 511/1755/1755 569/1754/1754 542/1821/1821
f 542/1821/1821 569/1754/1754 598/1820/1820
f 542/1821/1821 598/1820/1820 579/1887/1887
f 579/1887/1887 598/1820/1820 641/1886/1886
f 579/1887/1887 641/1886/1886 633/1953/1953
f 633/1953/1953 641/1886/1886 677/1952/1952
f 633/1953/1953 677/1952/1952 680/2035/2035
f 680/2035/2035 677/1952/1952 714/2036/2036
f 680/2035/2035 714/2036/2036 728/2019/2019
f 728/2019/2019 714/2036/2036 767/2018/2018
f 728/2019/2019 767/2018/2018 799/2149/2149
f 799/2149/2149 767/2018/2018 827/2148/2148
f 799/2149/2149 827/2148/2148 884/2215/2215
f 884/2215/2215 827/2148/2148 896/2214/2214
f 204/1697/1697 251/1566/1566 260/1567/1567
f 260/1567/1567 251/1566/1566 310/1699/1699
f 260/1567/1567 310/1699/1699 320/1700/1700
f 320/1700/1700 310/1699/1699 364/1766/1766
f 320/1700/1700 364/1766/1766 386/1767/1767
f 386/1767/1767 364/1766/1766 439/1833/1833
f 386/1767/1767 439/1833/1833 452/1834/1834
f 452/1834/1834 439/1833/1833 519/1900/1900
f 452/1834/1834 519/1900/1900 534/1901/1901
f 534/1901/1901 519/1900/1900 594/2087/2087
f 534/1901/1901 594/2087/2087 619/2086/2086
f 619/2086/2086 594/2087/2087 684/1968/1968
f 619/2086/2086 684/1968/1968 699/1969/1969
f 699/1969/1969 684/1968/1968 771/2099/2099
f 699/1969/1969 771/2099/2099 786/2100/2100
f 786/2100/2100 771/2099/2099 879/2166/2166
f 786/2100/2100 879/2166/2166 890/2167/2167
f 334/1691/1691 298/1692/1692 367/1572/1572
f 334/1691/1691 367/1572/1572 407/1573/1573
f 407/1573/1573 367/1572/1572 445/1705/1705
f 407/1573/1573 445/1705/1705 491/1706/1706
f 491/1706/1706 445/1705/1705 527/1772/1772
f 491/1706/1706 527/1772/1772 564/1773/1773
f 564/1773/1773 527/1772/1772 605/1839/1839
f 564/1773/1773 605/1839/1839 650/1840/1840
f 650/1840/1840 605/1839/1839 688/1906/1906
f 650/1840/1840 688/1906/1906 721/1907/1907
f 721/1907/1907 688/1906/1906 762/2081/2081
f 721/1907/1907 762/2081/2081 807/2080/2080
f 807/2080/2080 762/2081/2081 842/1974/1974
f 807/2080/2080 842/1974/1974 887/1975/1975
f 887/1975/1975 842/1974/1974 905/2105/2105
f 887/1975/1975 905/2105/2105 923/2106/2106
f 923/2106/2106 905/2105/2105 929/2172/2172
f 923/2106/2106 929/2172/2172 992/2173/2173
f 461/1623/1623 415/1624/1624 436/1640/1640
f 436/1640/1640 415/1624/1624 374/1639/1639
f 436/1640/1640 374/1639/1639 412/1557/1557
f 374/1639/1639 415/1624/1624 362/1625/1625
f 362/1625/1625 415/1624/1624 408/1757/1757
f 362/1625/1625 408/1757/1757 366/1758/1758
f 366/1758/1758 408/1757/1757 423/1824/1824
f 366/1758/1758 423/1824/1824 390/1825/1825
f 390/1825/1825 423/1824/1824 442/1891/1891
f 390/1825/1825 442/1891/1891 426/1892/1892
f 426/1892/1892 442/1891/1891 484/1958/1958
f 426/1892/1892 484/1958/1958 474/1959/1959
f 474/1959/1959 484/1958/1958 545/2029/2029
f 474/1959/1959 545/2029/2029 540/2028/2028
f 540/2028/2028 545/2029/2029 622/2026/2026
f 540/2028/2028 622/2026/2026 620/2027/2027
f 620/2027/2027 622/2026/2026 704/2157/2157
f 415/1624/1624 461/1623/1623 449/1756/1756
f 449/1756/1756 461/1623/1623 511/1755/1755
f 449/1756/1756 511/1755/1755 497/1822/1822
f 497/1822/1822 511/1755/1755 542/1821/1821
f 497/1822/1822 542/1821/1821 537/1888/1888
f 537/1888/1888 542/1821/1821 579/1887/1887
f 537/1888/1888 579/1887/1887 587/1954/1954
f 587/1954/1954 579/1887/1887 633/1953/1953
f 587/1954/1954 633/1953/1953 648/2034/2034
f 648/2034/2034 633/1953/1953 680/2035/2035
f 648/2034/2034 680/2035/2035 702/2020/2020
f 702/2020/2020 680/2035/2035 728/2019/2019
f 702/2020/2020 728/2019/2019 776/2150/2150
f 776/2150/2150 728/2019/2019 799/2149/2149
f 776/2150/2150 799/2149/2149 872/2216/2216
f 872/2216/2216 799/2149/2149 884/2215/2215
f 251/1566/1566 300/1698/1698 310/1699/1699
f 310/1699/1699 300/1698/1698 355/1765/1765
f 310/1699/1699 355/1765/1765 364/1766/1766
f 364/1766/1766 355/1765/1765 427/1832/1832
f 364/1766/1766 427/1832/1832 439/1833/1833
f 439/1833/1833 427/1832/1832 503/1899/1899
f 439/1833/1833 503/1899/1899 519/1900/1900
f 519/1900/1900 503/1899/1899 575/2088/2088
f 519/1900/1900 575/2088/2088 594/2087/2087
f 594/2087/2087 575/2088/2088 665/1967/1967
f 594/2087/2087 665/1967/1967 684/1968/1968
f 684/1968/1968 665/1967/1967 756/2098/2098
f 684/1968/1968 756/2098/2098 771/2099/2099
f 771/2099/2099 756/2098/2098 870/2165/2165
f 771/2099/2099 870/2165/2165 879/2166/2166
f 415/1624/1624 449/1756/1756 408/1757/1757
f 408/1757/1757 449/1756/1756 448/1823/1823
f 408/1757/1757 448/1823/1823 423/1824/1824
f 423/1824/1824 448/1823/1823 458/1890/1890
f 423/1824/1824 458/1890/1890 442/1891/1891
f 442/1891/1891 458/1890/1890 505/1957/1957
f 442/1891/1891 505/1957/1957 484/1958/1958
f 484/1958/1958 505/1957/1957 548/2030/2030
f 484/1958/1958 548/2030/2030 545/2029/2029
f 545/2029/2029 548/2030/2030 627/2025/2025
f 545/2029/2029 627/2025/2025 622/2026/2026
f 622/2026/2026 627/2025/2025 705/2156/2156
f 622/2026/2026 705/2156/2156 704/2157/2157
f 704/2157/2157 705/2156/2156 817/2223/2223
f 448/1823/1823 449/1756/1756 497/1822/1822
f 300/1698/1698 351/1764/1764 355/1765/1765
f 355/1765/1765 351/1764/1764 419/1831/1831
f 355/1765/1765 419/1831/1831 427/1832/1832
f 427/1832/1832 419/1831/1831 490/1898/1898
f 427/1832/1832 490/1898/1898 503/1899/1899
f 503/1899/1899 490/1898/1898 563/2089/2089
f 503/1899/1899 563/2089/2089 575/2088/2088
f 575/2088/2088 563/2089/2089 653/1966/1966
f 575/2088/2088 653/1966/1966 665/1967/1967
f 665/1967/1967 653/1966/1966 737/2097/2097
f 665/1967/1967 737/2097/2097 756/2098/2098
f 756/2098/2098 737/2097/2097 857/2164/2164
f 756/2098/2098 857/2164/2164 870/2165/2165
f 448/1823/1823 497/1822/1822 504/1889/1889
f 504/1889/1889 497/1822/1822 537/1888/1888
f 504/1889/1889 537/1888/1888 552/1955/1955
f 552/1955/1955 537/1888/1888 587/1954/1954
f 552/1955/1955 587/1954/1954 613/2033/2033
f 613/2033/2033 587/1954/1954 648/2034/2034
f 613/2033/2033 648/2034/2034 681/2021/2021
f 681/2021/2021 648/2034/2034 702/2020/2020
f 681/2021/2021 702/2020/2020 753/2151/2151
f 753/2151/2151 702/2020/2020 776/2150/2150
f 753/2151/2151 776/2150/2150 856/2217/2217
f 856/2217/2217 776/2150/2150 872/2216/2216
f 351/1764/1764 409/1830/1830 419/1831/1831
f 419/1831/1831 409/1830/1830 471/1897/1897
f 419/1831/1831 471/1897/1897 490/1898/1898
f 490/1898/1898 471/1897/1897 553/2090/2090
f 490/1898/1898 553/2090/2090 563/2089/2089
f 563/2089/2089 553/2090/2090 645/1965/1965
f 563/2089/2089 645/1965/1965 653/1966/1966
f 653/1966/1966 645/1965/1965 729/2096/2096
f 653/1966/1966 729/2096/2096 737/2097/2097
f 737/2097/2097 729/2096/2096 844/2163/2163
f 737/2097/2097 844/2163/2163 857/2164/2164
f 448/1823/1823 504/1889/1889 458/1890/1890
f 458/1890/1890 504/1889/1889 525/1956/1956
f 458/1890/1890 525/1956/1956 505/1957/1957
f 505/1957/1957 525/1956/1956 565/2031/2031
f 505/1957/1957 565/2031/2031 548/2030/2030
f 548/2030/2030 565/2031/2031 630/2024/2024
f 548/2030/2030 630/2024/2024 627/2025/2025
f 627/2025/2025 630/2024/2024 708/2155/2155
f 627/2025/2025 708/2155/2155 705/2156/2156
f 705/2156/2156 708/2155/2155 819/2222/2222
f 705/2156/2156 819/2222/2222 817/2223/2223
f 525/1956/1956 504/1889/1889 552/1955/1955
f 409/1830/1830 462/1896/1896 471/1897/1897
f 471/1897/1897 462/1896/1896 544/2091/2091
f 471/1897/1897 544/2091/2091 553/2090/2090
f 553/2090/2090 544/2091/2091 634/1964/1964
f 553/2090/2090 634/1964/1964 645/1965/1965
f 645/1965/1965 634/1964/1964 719/2095/2095
f 645/1965/1965 719/2095/2095 729/2096/2096
f 729/2096/2096 719/2095/2095 838/2162/2162
f 729/2096/2096 838/2162/2162 844/2163/2163
f 525/1956/1956 552/1955/1955 586/2032/2032
f 586/2032/2032 552/1955/1955 613/2033/2033
f 586/2032/2032 613/2033/2033 660/2022/2022
f 660/2022/2022 613/2033/2033 681/2021/2021
f 660/2022/2022 681/2021/2021 732/2152/2152
f 732/2152/2152 681/2021/2021 753/2151/2151
f 732/2152/2152 753/2151/2151 841/2218/2218
f 841/2218/2218 753/2151/2151 856/2217/2217
f 660/2022/2022 647/2023/2023 586/2032/2032
f 586/2032/2032 647/2023/2023 565/2031/2031
f 586/2032/2032 565/2031/2031 525/1956/1956
f 565/2031/2031 647/2023/2023 630/2024/2024
f 630/2024/2024 647/2023/2023 710/2154/2154
f 630/2024/2024 710/2154/2154 708/2155/2155
f 708/2155/2155 710/2154/2154 821/2221/2221
f 708/2155/2155 821/2221/2221 819/2222/2222
f 647/2023/2023 660/2022/2022 720/2153/2153
f 720/2153/2153 660/2022/2022 732/2152/2152
f 720/2153/2153 732/2152/2152 835/2219/2219
f 835/2219/2219 732/2152/2152 841/2218/2218
f 647/2023/2023 720/2153/2153 710/2154/2154
f 710/2154/2154 720/2153/2153 825/2220/2220
f 710/2154/2154 825/2220/2220 821/2221/2221
f 825/2220/2220 720/2153/2153 835/2219/2219
# 2079 vertices
# 2223 texture params
# 2223 normals
# 4154 facets

# 1 groups
